Số đơn hàng,Mã sản phẩm,Tên sản phẩm,Công việc,Tên công việc,Mã nhóm,Mã mặt hàng,Tên mặt hàng,Đơn vị tính 1,Đơn vị tính 2,Số lượng (1),Số lượng (2)
SO2410-0001,0119121001002000,"Bao TP-PP, trắng đục, K53x74LL (+/-1), TL: 53g/cái (+/-1.5), cắt zigzag, có tracking, MK: EXTRA FINA (Màu đỏ, 1+1) (Mã ROJO của Cty Molinera). [EK: 1 tép 100 cái, kiện 5 tép trở đầu, vải áo màu trắng, 4 đai ngang x 1 đai dọc, nhận dạng MK bên ngoài]",02,Công đoạn tạo sợi,TPH-1551,SOI-TM15,"Sợi PP, trắng đục, 600D, 2.60mm, 2.60kgF, 20%.",KG,KG,45856.674,45856.674
SO2410-0001,0119121001002000,"Bao TP-PP, trắng đục, K53x74LL (+/-1), TL: 53g/cái (+/-1.5), cắt zigzag, có tracking, MK: EXTRA FINA (Màu đỏ, 1+1) (Mã ROJO của Cty Molinera). [EK: 1 tép 100 cái, kiện 5 tép trở đầu, vải áo màu trắng, 4 đai ngang x 1 đai dọc, nhận dạng MK bên ngoài]",03,Công đoạn dệt,TPH-1552,THACAMOL530100110063TRDU,"Vải cuộn PP, trắng đục, K53.5cm (+1/-0.5), MĐ: 10.0x11.0, TL: 63.0g/m (+/-1.9).",M,KG,718188.12,45245.85156
SO2410-0001,0119121001002000,"Bao TP-PP, trắng đục, K53x74LL (+/-1), TL: 53g/cái (+/-1.5), cắt zigzag, có tracking, MK: EXTRA FINA (Màu đỏ, 1+1) (Mã ROJO của Cty Molinera). [EK: 1 tép 100 cái, kiện 5 tép trở đầu, vải áo màu trắng, 4 đai ngang x 1 đai dọc, nhận dạng MK bên ngoài]",13,Công đoạn in cuộn,IN,THAIN053.MOL.ROJO,"Vải cuộn PP-In, trắng đục, K53.0cm (+1.5/-0.5), TL: 49.64g/78cm (+/-1.5), MK: EXTRA FINA (Màu đỏ, 1+1) (Mã ROJO của Cty Molinera). [Có tracking]",CAI,KG,918000,45569.52
SO2410-0001,0119121001002000,"Bao TP-PP, trắng đục, K53x74LL (+/-1), TL: 53g/cái (+/-1.5), cắt zigzag, có tracking, MK: EXTRA FINA (Màu đỏ, 1+1) (Mã ROJO của Cty Molinera). [EK: 1 tép 100 cái, kiện 5 tép trở đầu, vải áo màu trắng, 4 đai ngang x 1 đai dọc, nhận dạng MK bên ngoài]",15,Công đoạn cắt may tự động,BAO,CMA053074TDMOL.ROJO,"Bao PP-In, trắng đục, K53.0x74.0LL(+/-1), cắt răng cưa 78cm, đáy gấp 1 lần/1 đường PP900D trắng, TL: 50.26g/cái (+/-1.5), MK: EXTRA FINA.",CAI,KG,900000,45234
SO2410-0001,0119121001002000,"Bao TP-PP, trắng đục, K53x74LL (+/-1), TL: 53g/cái (+/-1.5), cắt zigzag, có tracking, MK: EXTRA FINA (Màu đỏ, 1+1) (Mã ROJO của Cty Molinera). [EK: 1 tép 100 cái, kiện 5 tép trở đầu, vải áo màu trắng, 4 đai ngang x 1 đai dọc, nhận dạng MK bên ngoài]",34,Công đoạn ép kiện,TPH-1553,0119121001002000,"Bao TP-PP, trắng đục, K53x74LL (+/-1), TL: 53g/cái (+/-1.5), cắt zigzag, có tracking, MK: EXTRA FINA (Màu đỏ, 1+1) (Mã ROJO của Cty Molinera). [EK: 1 tép 100 cái, kiện 5 tép trở đầu, vải áo màu trắng, 4 đai ngang x 1 đai dọc, nhận dạng MK bên ngoài]",CAI,KG,900000,47700
SO2410-0002,TPH055090G147TDLU.TSH331,"Bao TP-PP, trắng đục, may miệng, , K55.0x90PB(+/-1), lồng LDPE-K58x113x42g, TL: PP-105g + PE-42g = 147g/bộ, MK: TSH-331 [Ép kiện: 300cái/kiện, bắn đai 3 ngang x 2 dọc]",02,Công đoạn tạo sợi,TPH-1551,SOI-LU-01,"Sợi PP, trắng đục, 1030D, bản sợi 2.45mm(4kgf).",KG,KG,158.36991,158.36991
SO2410-0002,TPH055090G147TDLU.TSH331,"Bao TP-PP, trắng đục, may miệng, , K55.0x90PB(+/-1), lồng LDPE-K58x113x42g, TL: PP-105g + PE-42g = 147g/bộ, MK: TSH-331 [Ép kiện: 300cái/kiện, bắn đai 3 ngang x 2 dọc]",03,Công đoạn dệt,TPH-1552,THACALUI055105105104TRDU,"Cuộn PP, màu trắng đuc, K55cm (+/-0.5), MĐ: 10.5x10.5, TL: 104.5g/m (95gsm).",M,KG,1493.840865,156.1063704
SO2410-0002,TPH055090G147TDLU.TSH331,"Bao TP-PP, trắng đục, may miệng, , K55.0x90PB(+/-1), lồng LDPE-K58x113x42g, TL: PP-105g + PE-42g = 147g/bộ, MK: TSH-331 [Ép kiện: 300cái/kiện, bắn đai 3 ngang x 2 dọc]",15,Công đoạn cắt may tự động,BAO,CMA055093G102TDLU,"[Cắt, may đáy] Bao PP, màu trắng đục, khổ 55x93PB(+/-1), cắt thẳng dài 98cm, gấp đáy 2 lần may 2 đường chỉ PP900D, TL: 103.01gr/cái(+/-3).",Cái,KG,1523.87025,156.9738745
SO2410-0002,TPH055090G147TDLU.TSH331,"Bao TP-PP, trắng đục, may miệng, , K55.0x90PB(+/-1), lồng LDPE-K58x113x42g, TL: PP-105g + PE-42g = 147g/bộ, MK: TSH-331 [Ép kiện: 300cái/kiện, bắn đai 3 ngang x 2 dọc]",17,Công đoạn in cái (in thủ công),IN,INB055093TDLU.TSH331,"Bao PP-In, màu trắng đục, khổ 55x93PB (+/-1), gấp đáy 2 lần may 2 đường PP900D, MK: TSH-331, TL sau in: 104.01gr/cái(+/-3g).",CAI,KG,1501.35,156.1554135
SO2410-0002,TPH055090G147TDLU.TSH331,"Bao TP-PP, trắng đục, may miệng, , K55.0x90PB(+/-1), lồng LDPE-K58x113x42g, TL: PP-105g + PE-42g = 147g/bộ, MK: TSH-331 [Ép kiện: 300cái/kiện, bắn đai 3 ngang x 2 dọc]",19,Công đoạn may viền miệng,MAY,MMI055090G105TDLU.TSH331,"[MAY MIỆNG] Bao PP, trắng đục, K55x90PB (+/-1), miệng gấp 1 lần may 1 đường PP600D, đáy gấp 2 lần may 2 đường PP900D, TL: 104.41gr/cái(+/-3), MK:TSH-331",BAO,KG,1500,156.615
SO2410-0002,TPH055090G147TDLU.TSH331,"Bao TP-PP, trắng đục, may miệng, , K55.0x90PB(+/-1), lồng LDPE-K58x113x42g, TL: PP-105g + PE-42g = 147g/bộ, MK: TSH-331 [Ép kiện: 300cái/kiện, bắn đai 3 ngang x 2 dọc]",24,Công đoạn lồng bao,LOB,LOB-LD055090TDLU.TSH331,"[LỒNG BAO]Bao PP trắng đục K55x90PB,miệng gấp 1 lần may 1 đường PP600D), gấp đáy 2 lần may 2 đường 900D,TL PP: 104.41g/cái, lồng túi LDPE 58x113(+1/-0) TL túi 42gr (+/-1), tổng cộng 146.41 (gr/bộ), MK: TSH-331",Bộ,KG,1500,219.615
SO2410-0002,TPH055090G147TDLU.TSH331,"Bao TP-PP, trắng đục, may miệng, , K55.0x90PB(+/-1), lồng LDPE-K58x113x42g, TL: PP-105g + PE-42g = 147g/bộ, MK: TSH-331 [Ép kiện: 300cái/kiện, bắn đai 3 ngang x 2 dọc]",34,Công đoạn ép kiện,TPH-1553,TPH055090G147TDLU.TSH331,"Bao TP-PP, trắng đục, may miệng, , K55.0x90PB(+/-1), lồng LDPE-K58x113x42g, TL: PP-105g + PE-42g = 147g/bộ, MK: TSH-331 [Ép kiện: 300cái/kiện, bắn đai 3 ngang x 2 dọc]",Bộ,KG,1500,220.5
SO2410-0003,0119119001001000,"Bao TP-PP, trắng đục, K48.5x79LL(+/-1), TL: 80g/cái(+/-5%), MK: BALANCE. [Kiện 5 tép 100 cái trở đầu, loại bỏ dây cột, vải áo dệt xếp, nhận dạng MK bên ngoài, bắn đai 5 ngang x 1 dọc]/TPH485079TDMFM.LMBALA",01,"Công đoạn tái chế (ó, tạo hạt)",SUI,SUI-TRANG,Sủi trắng,KG,KG,57.55956,57.55956
SO2410-0003,0119119001017000,"Bao TP-PP, trắng đục, K48.5x79LL(+/-1), TL: 80g/cái(+/-5%), MK: ROTI CANAI B. [Kiện 5 tép 100 cái trở đầu, loại bỏ dây cột, vải áo dệt xếp, nhận dạng MK bên ngoài, bắn đai 5 ngang x 1 dọc]/TPH485079TDMFM.LMROCAB",01,"Công đoạn tái chế (ó, tạo hạt)",SUI,SUI-TRANG,Sủi trắng,KG,KG,28.77978,28.77978
SO2410-0003,0119119001001000,"Bao TP-PP, trắng đục, K48.5x79LL(+/-1), TL: 80g/cái(+/-5%), MK: BALANCE. [Kiện 5 tép 100 cái trở đầu, loại bỏ dây cột, vải áo dệt xếp, nhận dạng MK bên ngoài, bắn đai 5 ngang x 1 dọc]/TPH485079TDMFM.LMBALA",02,Công đoạn tạo sợi,TPH-1551,SOI-RC3,"Sợi PP màu trắng đục, 940D, 2.50mm, 3.38KgF, 18%, long đền 5.5mm.",KG,KG,322.46244,322.46244
SO2410-0003,0119119001002000,"Bao TP-PP, trắng đục, K48.5x79LL(+/-1), TL: 80g/cái(+/-5%), MK: BICYCLE BLUE. [Kiện 5 tép 100 cái trở đầu, loại bỏ dây cột, vải áo dệt xếp, nhận dạng MK bên ngoài, bắn đai 5 ngang x 1 dọc]/TPH485079TDMFM.LMBIBL",02,Công đoạn tạo sợi,TPH-1551,SOI-RC3,"Sợi PP màu trắng đục, 940D, 2.50mm, 3.38KgF, 18%, long đền 5.5mm.",KG,KG,2821.54635,2821.54635
SO2410-0003,0119119001003000,"Bao TP-PP, trắng đục, K48.5x79LL(+/-1), TL: 80g/cái(+/-5%), MK: BICYCLE GREEN. [Kiện 5 tép 100 cái trở đầu, loại bỏ dây cột, vải áo dệt xếp, nhận dạng MK bên ngoài, bắn đai 5 ngang x 1 dọc]/TPH485079TDMFM.LMBIGR",02,Công đoạn tạo sợi,TPH-1551,SOI-RC3,"Sợi PP màu trắng đục, 940D, 2.50mm, 3.38KgF, 18%, long đền 5.5mm.",KG,KG,3043.21442,3043.21442
SO2410-0003,0119119001004000,"Bao TP-PP, trắng đục, K48.5x79LL(+/-1), TL: 80g/cái(+/-5%), MK: BICYCLE RED. [Kiện 5 tép 100 cái trở đầu, loại bỏ dây cột, vải áo dệt xếp, nhận dạng MK bên ngoài, bắn đai 5 ngang x 1 dọc]/TPH485079TDMFM.LMBIRE",02,Công đoạn tạo sợi,TPH-1551,SOI-RC3,"Sợi PP màu trắng đục, 940D, 2.50mm, 3.38KgF, 18%, long đền 5.5mm.",KG,KG,640.67672,640.67672
SO2410-0003,0119119001007000,"Bao TP-PP, trắng đục, K48.5x79LL(+/-1), TL: 80g/cái(+/-5%), MK: BLUE ROSES PAU. [Kiện 5 tép 100 cái trở đầu, loại bỏ dây cột, vải áo dệt xếp, nhận dạng MK bên ngoài, bắn đai 5 ngang x 1 dọc]/TPH485079TDMFM.LMBLROP",02,Công đoạn tạo sợi,TPH-1551,SOI-RC3,"Sợi PP màu trắng đục, 940D, 2.50mm, 3.38KgF, 18%, long đền 5.5mm.",KG,KG,800.8459,800.8459
SO2410-0003,0119119001008000,"Bao TP-PP, trắng đục, K48.5x79LL(+/-1), TL: 80g/cái(+/-5%), MK: DIAMOND. [Kiện 5 tép 100 cái trở đầu, loại bỏ dây cột, vải áo dệt xếp, nhận dạng MK bên ngoài, bắn đai 5 ngang x 1 dọc]/TPH485079TDMFM.LMDIMO",02,Công đoạn tạo sợi,TPH-1551,SOI-RC3,"Sợi PP màu trắng đục, 940D, 2.50mm, 3.38KgF, 18%, long đền 5.5mm.",KG,KG,1612.3122,1612.3122
SO2410-0003,0119119001010000,"Bao TP-PP, trắng đục, K48.5x79LL(+/-1), TL: 80g/cái(+/-5%), MK: GOLDEN STATUE. [Kiện 5 tép 100 cái trở đầu, loại bỏ dây cột, vải áo dệt xếp, nhận dạng MK bên ngoài, bắn đai 5 ngang x 1 dọc]/TPH485079TDMFM.LMGOST",02,Công đoạn tạo sợi,TPH-1551,SOI-RC3,"Sợi PP màu trắng đục, 940D, 2.50mm, 3.38KgF, 18%, long đền 5.5mm.",KG,KG,161.23122,161.23122
SO2410-0003,0119119001012000,"Bao TP-PP, trắng đục, K48.5x79LL(+/-1), TL: 80g/cái(+/-5%), MK: NB SPECIAL. [Kiện 5 tép 100 cái trở đầu, loại bỏ dây cột, vải áo dệt xếp, nhận dạng MK bên ngoài, bắn đai 5 ngang x 1 dọc]/TPH485079TDMFM.LMNBSP",02,Công đoạn tạo sợi,TPH-1551,SOI-RC3,"Sợi PP màu trắng đục, 940D, 2.50mm, 3.38KgF, 18%, long đền 5.5mm.",KG,KG,241.84683,241.84683
SO2410-0003,0119119001014000,"Bao TP-PP, trắng đục, K48.5x79LL(+/-1), TL: 80g/cái(+/-5%), MK: RED ROSES. [Kiện 5 tép 100 cái trở đầu, loại bỏ dây cột, vải áo dệt xếp, nhận dạng MK bên ngoài, bắn đai 5 ngang x 1 dọc]/TPH485079TDMFM.LMRERO",02,Công đoạn tạo sợi,TPH-1551,SOI-RC3,"Sợi PP màu trắng đục, 940D, 2.50mm, 3.38KgF, 18%, long đền 5.5mm.",KG,KG,564.30927,564.30927
SO2410-0003,0119119001015000,"Bao TP-PP, trắng đục, K48.5x79LL(+/-1), TL: 80g/cái(+/-5%), MK: RED ROSES EXPORT. [Kiện 5 tép 100 cái trở đầu, loại bỏ dây cột, vải áo dệt xếp, nhận dạng MK bên ngoài, bắn đai 5 ngang x 1 dọc]/TPH485079TDMFM.LMREROEX",02,Công đoạn tạo sợi,TPH-1551,SOI-RC3,"Sợi PP màu trắng đục, 940D, 2.50mm, 3.38KgF, 18%, long đền 5.5mm.",KG,KG,644.92488,644.92488
SO2410-0003,0119119001017000,"Bao TP-PP, trắng đục, K48.5x79LL(+/-1), TL: 80g/cái(+/-5%), MK: ROTI CANAI B. [Kiện 5 tép 100 cái trở đầu, loại bỏ dây cột, vải áo dệt xếp, nhận dạng MK bên ngoài, bắn đai 5 ngang x 1 dọc]/TPH485079TDMFM.LMROCAB",02,Công đoạn tạo sợi,TPH-1551,SOI-RC3,"Sợi PP màu trắng đục, 940D, 2.50mm, 3.38KgF, 18%, long đền 5.5mm.",KG,KG,161.23122,161.23122
SO2410-0003,0119119001019000,"Bao TP-PP, trắng đục, K48.5x79LL(+/-1), TL: 80g/cái(+/-5%), MK: SEMOLINA. [Kiện 5 tép 100 cái trở đầu, loại bỏ dây cột, vải áo dệt xếp, nhận dạng MK bên ngoài, bắn đai 5 ngang x 1 dọc]/TPH485079TDMFM.LMSEMO",02,Công đoạn tạo sợi,TPH-1551,SOI-RC3,"Sợi PP màu trắng đục, 940D, 2.50mm, 3.38KgF, 18%, long đền 5.5mm.",KG,KG,161.23122,161.23122
SO2410-0003,0119119002036000,"Bao TP-PP, trắng đục, K48.5x81.3LL(+/-1), TL: 83g/cái(+/-5%), MK: YELLOW ROSES. [Kiện 5 tép 100 cái trở đầu, loại bỏ dây cột, vải áo dệt xếp, nhận dạng MK bên ngoài, bắn đai 5 ngang x 1 dọc]/TPH485813TDMFM.LMYERO",02,Công đoạn tạo sợi,TPH-1551,SOI-RC3,"Sợi PP màu trắng đục, 940D, 2.50mm, 3.38KgF, 18%, long đền 5.5mm.",KG,KG,165.13514,165.13514
SO2410-0003,0119119003040000,"Bao TP-PP, trắng đục, K48.5x84LL(+/-1), TL: 85g/cái(+/-5%), MK: SPIII. [Kiện 5 tép 100 cái trở đầu, loại bỏ dây cột, vải áo dệt xếp, nhận dạng MK bên ngoài, bắn đai 5 ngang x 1 dọc]/TPH485084TDMFM.LMSPIII",02,Công đoạn tạo sợi,TPH-1551,SOI-RC3,"Sợi PP màu trắng đục, 940D, 2.50mm, 3.38KgF, 18%, long đền 5.5mm.",KG,KG,170.89568,170.89568
SO2410-0003,0119119003041000,"Bao TP-PP, trắng đục, K48.5x84LL(+/-1), TL: 85g/cái(+/-5%), MK: WHOLEMEAL 25KG. [Kiện 5 tép 100 cái trở đầu, loại bỏ dây cột, vải áo dệt xếp, nhận dạng MK bên ngoài, bắn đai 5 ngang x 1 dọc]/TPH485084TDMFM.LMWHOL",02,Công đoạn tạo sợi,TPH-1551,SOI-RC3,"Sợi PP màu trắng đục, 940D, 2.50mm, 3.38KgF, 18%, long đền 5.5mm.",KG,KG,170.89568,170.89568
SO2410-0003,TPH485079TDMFM.CHAPATI,"Bao TP-PP, trắng đục, K48.5x79LL(+/-1), TL: 80g/cái(+/-5%), MK: CHAPATI 25KG PP BAG. [Kiện 5 tép 100 cái trở đầu, loại bỏ dây cột, vải áo dệt xếp, nhận dạng MK bên ngoài, bắn đai 5 ngang x 1 dọc]/TPH485079TDMFM.CHAPATI",02,Công đoạn tạo sợi,TPH-1551,SOI-RC3,"Sợi PP màu trắng đục, 940D, 2.50mm, 3.38KgF, 18%, long đền 5.5mm.",KG,KG,404.07125,404.07125
SO2410-0003,0119119001001000,"Bao TP-PP, trắng đục, K48.5x79LL(+/-1), TL: 80g/cái(+/-5%), MK: BALANCE. [Kiện 5 tép 100 cái trở đầu, loại bỏ dây cột, vải áo dệt xếp, nhận dạng MK bên ngoài, bắn đai 5 ngang x 1 dọc]/TPH485079TDMFM.LMBALA",03,Công đoạn dệt,TPH-1552,THACAMFM485100120915TRDU,"Cuộn PP, trắng đục, K48.5cm, MĐ: 10x12, TL: 91.5g/m.",M,KG,3477.23712,318.1671965
SO2410-0003,0119119001002000,"Bao TP-PP, trắng đục, K48.5x79LL(+/-1), TL: 80g/cái(+/-5%), MK: BICYCLE BLUE. [Kiện 5 tép 100 cái trở đầu, loại bỏ dây cột, vải áo dệt xếp, nhận dạng MK bên ngoài, bắn đai 5 ngang x 1 dọc]/TPH485079TDMFM.LMBIBL",03,Công đoạn dệt,TPH-1552,THACAMFM485100120915TRDU,"Cuộn PP, trắng đục, K48.5cm, MĐ: 10x12, TL: 91.5g/m.",M,KG,30425.8248,2783.962969
SO2410-0003,0119119001003000,"Bao TP-PP, trắng đục, K48.5x79LL(+/-1), TL: 80g/cái(+/-5%), MK: BICYCLE GREEN. [Kiện 5 tép 100 cái trở đầu, loại bỏ dây cột, vải áo dệt xếp, nhận dạng MK bên ngoài, bắn đai 5 ngang x 1 dọc]/TPH485079TDMFM.LMBIGR",03,Công đoạn dệt,TPH-1552,THACAMFM485100120915TRDU,"Cuộn PP, trắng đục, K48.5cm, MĐ: 10x12, TL: 91.5g/m.",M,KG,32816.154,3002.678091
SO2410-0003,0119119001004000,"Bao TP-PP, trắng đục, K48.5x79LL(+/-1), TL: 80g/cái(+/-5%), MK: BICYCLE RED. [Kiện 5 tép 100 cái trở đầu, loại bỏ dây cột, vải áo dệt xếp, nhận dạng MK bên ngoài, bắn đai 5 ngang x 1 dọc]/TPH485079TDMFM.LMBIRE",03,Công đoạn dệt,TPH-1552,THACAMFM485100120915TRDU,"Cuộn PP, trắng đục, K48.5cm, MĐ: 10x12, TL: 91.5g/m.",M,KG,6908.664,632.142756
SO2410-0003,0119119001007000,"Bao TP-PP, trắng đục, K48.5x79LL(+/-1), TL: 80g/cái(+/-5%), MK: BLUE ROSES PAU. [Kiện 5 tép 100 cái trở đầu, loại bỏ dây cột, vải áo dệt xếp, nhận dạng MK bên ngoài, bắn đai 5 ngang x 1 dọc]/TPH485079TDMFM.LMBLROP",03,Công đoạn dệt,TPH-1552,THACAMFM485100120915TRDU,"Cuộn PP, trắng đục, K48.5cm, MĐ: 10x12, TL: 91.5g/m.",M,KG,8635.83,790.178445
SO2410-0003,0119119001008000,"Bao TP-PP, trắng đục, K48.5x79LL(+/-1), TL: 80g/cái(+/-5%), MK: DIAMOND. [Kiện 5 tép 100 cái trở đầu, loại bỏ dây cột, vải áo dệt xếp, nhận dạng MK bên ngoài, bắn đai 5 ngang x 1 dọc]/TPH485079TDMFM.LMDIMO",03,Công đoạn dệt,TPH-1552,THACAMFM485100120915TRDU,"Cuộn PP, trắng đục, K48.5cm, MĐ: 10x12, TL: 91.5g/m.",M,KG,17386.1856,1590.835982
SO2410-0003,0119119001010000,"Bao TP-PP, trắng đục, K48.5x79LL(+/-1), TL: 80g/cái(+/-5%), MK: GOLDEN STATUE. [Kiện 5 tép 100 cái trở đầu, loại bỏ dây cột, vải áo dệt xếp, nhận dạng MK bên ngoài, bắn đai 5 ngang x 1 dọc]/TPH485079TDMFM.LMGOST",03,Công đoạn dệt,TPH-1552,THACAMFM485100120915TRDU,"Cuộn PP, trắng đục, K48.5cm, MĐ: 10x12, TL: 91.5g/m.",M,KG,1738.61856,159.0835982
SO2410-0003,0119119001012000,"Bao TP-PP, trắng đục, K48.5x79LL(+/-1), TL: 80g/cái(+/-5%), MK: NB SPECIAL. [Kiện 5 tép 100 cái trở đầu, loại bỏ dây cột, vải áo dệt xếp, nhận dạng MK bên ngoài, bắn đai 5 ngang x 1 dọc]/TPH485079TDMFM.LMNBSP",03,Công đoạn dệt,TPH-1552,THACAMFM485100120915TRDU,"Cuộn PP, trắng đục, K48.5cm, MĐ: 10x12, TL: 91.5g/m.",M,KG,2607.92784,238.6253974
SO2410-0003,0119119001014000,"Bao TP-PP, trắng đục, K48.5x79LL(+/-1), TL: 80g/cái(+/-5%), MK: RED ROSES. [Kiện 5 tép 100 cái trở đầu, loại bỏ dây cột, vải áo dệt xếp, nhận dạng MK bên ngoài, bắn đai 5 ngang x 1 dọc]/TPH485079TDMFM.LMRERO",03,Công đoạn dệt,TPH-1552,THACAMFM485100120915TRDU,"Cuộn PP, trắng đục, K48.5cm, MĐ: 10x12, TL: 91.5g/m.",M,KG,6085.16496,556.7925938
SO2410-0003,0119119001015000,"Bao TP-PP, trắng đục, K48.5x79LL(+/-1), TL: 80g/cái(+/-5%), MK: RED ROSES EXPORT. [Kiện 5 tép 100 cái trở đầu, loại bỏ dây cột, vải áo dệt xếp, nhận dạng MK bên ngoài, bắn đai 5 ngang x 1 dọc]/TPH485079TDMFM.LMREROEX",03,Công đoạn dệt,TPH-1552,THACAMFM485100120915TRDU,"Cuộn PP, trắng đục, K48.5cm, MĐ: 10x12, TL: 91.5g/m.",M,KG,6954.47424,636.334393
SO2410-0003,0119119001017000,"Bao TP-PP, trắng đục, K48.5x79LL(+/-1), TL: 80g/cái(+/-5%), MK: ROTI CANAI B. [Kiện 5 tép 100 cái trở đầu, loại bỏ dây cột, vải áo dệt xếp, nhận dạng MK bên ngoài, bắn đai 5 ngang x 1 dọc]/TPH485079TDMFM.LMROCAB",03,Công đoạn dệt,TPH-1552,THACAMFM485100120915TRDU,"Cuộn PP, trắng đục, K48.5cm, MĐ: 10x12, TL: 91.5g/m.",M,KG,1738.61856,159.0835982
SO2410-0003,0119119001019000,"Bao TP-PP, trắng đục, K48.5x79LL(+/-1), TL: 80g/cái(+/-5%), MK: SEMOLINA. [Kiện 5 tép 100 cái trở đầu, loại bỏ dây cột, vải áo dệt xếp, nhận dạng MK bên ngoài, bắn đai 5 ngang x 1 dọc]/TPH485079TDMFM.LMSEMO",03,Công đoạn dệt,TPH-1552,THACAMFM485100120915TRDU,"Cuộn PP, trắng đục, K48.5cm, MĐ: 10x12, TL: 91.5g/m.",M,KG,1738.61856,159.0835982
SO2410-0003,0119119002036000,"Bao TP-PP, trắng đục, K48.5x81.3LL(+/-1), TL: 83g/cái(+/-5%), MK: YELLOW ROSES. [Kiện 5 tép 100 cái trở đầu, loại bỏ dây cột, vải áo dệt xếp, nhận dạng MK bên ngoài, bắn đai 5 ngang x 1 dọc]/TPH485813TDMFM.LMYERO",03,Công đoạn dệt,TPH-1552,THACAMFM485100120915TRDU,"Cuộn PP, trắng đục, K48.5cm, MĐ: 10x12, TL: 91.5g/m.",M,KG,1780.716,162.935514
SO2410-0003,0119119003040000,"Bao TP-PP, trắng đục, K48.5x84LL(+/-1), TL: 85g/cái(+/-5%), MK: SPIII. [Kiện 5 tép 100 cái trở đầu, loại bỏ dây cột, vải áo dệt xếp, nhận dạng MK bên ngoài, bắn đai 5 ngang x 1 dọc]/TPH485084TDMFM.LMSPIII",03,Công đoạn dệt,TPH-1552,THACAMFM485100120915TRDU,"Cuộn PP, trắng đục, K48.5cm, MĐ: 10x12, TL: 91.5g/m.",M,KG,1842.834,168.619311
SO2410-0003,0119119003041000,"Bao TP-PP, trắng đục, K48.5x84LL(+/-1), TL: 85g/cái(+/-5%), MK: WHOLEMEAL 25KG. [Kiện 5 tép 100 cái trở đầu, loại bỏ dây cột, vải áo dệt xếp, nhận dạng MK bên ngoài, bắn đai 5 ngang x 1 dọc]/TPH485084TDMFM.LMWHOL",03,Công đoạn dệt,TPH-1552,THACAMFM485100120915TRDU,"Cuộn PP, trắng đục, K48.5cm, MĐ: 10x12, TL: 91.5g/m.",M,KG,1842.834,168.619311
SO2410-0003,TPH485079TDMFM.CHAPATI,"Bao TP-PP, trắng đục, K48.5x79LL(+/-1), TL: 80g/cái(+/-5%), MK: CHAPATI 25KG PP BAG. [Kiện 5 tép 100 cái trở đầu, loại bỏ dây cột, vải áo dệt xếp, nhận dạng MK bên ngoài, bắn đai 5 ngang x 1 dọc]/TPH485079TDMFM.CHAPATI",03,Công đoạn dệt,TPH-1552,THACAMFM485100120915TRDU,"Cuộn PP, trắng đục, K48.5cm, MĐ: 10x12, TL: 91.5g/m.",M,KG,4357.2564,398.6889606
SO2410-0003,0119119001003000,"Bao TP-PP, trắng đục, K48.5x79LL(+/-1), TL: 80g/cái(+/-5%), MK: BICYCLE GREEN. [Kiện 5 tép 100 cái trở đầu, loại bỏ dây cột, vải áo dệt xếp, nhận dạng MK bên ngoài, bắn đai 5 ngang x 1 dọc]/TPH485079TDMFM.LMBIGR",13,Công đoạn in cuộn,IN,THAINMFM485TD.LMBIGR,"Vải cuộn PP-In, trắng đục, K48.5cm, TL: 77.86g/84cm, MK: LUMUT-BICYCLE GREEN.",CAI,KG,38950,3032.647
SO2410-0003,0119119001004000,"Bao TP-PP, trắng đục, K48.5x79LL(+/-1), TL: 80g/cái(+/-5%), MK: BICYCLE RED. [Kiện 5 tép 100 cái trở đầu, loại bỏ dây cột, vải áo dệt xếp, nhận dạng MK bên ngoài, bắn đai 5 ngang x 1 dọc]/TPH485079TDMFM.LMBIRE",13,Công đoạn in cuộn,IN,THAINMFM485TD.LMBIRE,"Vải cuộn PP-In, trắng đục, K48.5cm, TL: 77.86g/84cm, MK: LUMUT-BICYCLE RED.",CAI,KG,8200,638.452
SO2410-0003,0119119001007000,"Bao TP-PP, trắng đục, K48.5x79LL(+/-1), TL: 80g/cái(+/-5%), MK: BLUE ROSES PAU. [Kiện 5 tép 100 cái trở đầu, loại bỏ dây cột, vải áo dệt xếp, nhận dạng MK bên ngoài, bắn đai 5 ngang x 1 dọc]/TPH485079TDMFM.LMBLROP",13,Công đoạn in cuộn,IN,THAINMFM485TD.LMBLROP,"Vải cuộn PP-In, trắng đục, K48.5cm, TL: 77.86g/84cm, MK: BLUE ROSES PAU. (In có tracking)",CAI,KG,10250,798.065
SO2410-0003,0119119001001000,"Bao TP-PP, trắng đục, K48.5x79LL(+/-1), TL: 80g/cái(+/-5%), MK: BALANCE. [Kiện 5 tép 100 cái trở đầu, loại bỏ dây cột, vải áo dệt xếp, nhận dạng MK bên ngoài, bắn đai 5 ngang x 1 dọc]/TPH485079TDMFM.LMBALA",15,Công đoạn cắt may tự động,BAO,CMA485079TDMFM,"Bao PP, trắng đục, K48.5x79LL(+/-1), cắt răng cưa 84cm(+/-1), đáy 1 lần/2 đường PP900D trắng, TL: 77.44g/cái(+/-2.3).",CAI,KG,4080,315.9552
SO2410-0003,0119119001002000,"Bao TP-PP, trắng đục, K48.5x79LL(+/-1), TL: 80g/cái(+/-5%), MK: BICYCLE BLUE. [Kiện 5 tép 100 cái trở đầu, loại bỏ dây cột, vải áo dệt xếp, nhận dạng MK bên ngoài, bắn đai 5 ngang x 1 dọc]/TPH485079TDMFM.LMBIBL",15,Công đoạn cắt may tự động,BAO,CMA485079TDMFM,"Bao PP, trắng đục, K48.5x79LL(+/-1), cắt răng cưa 84cm(+/-1), đáy 1 lần/2 đường PP900D trắng, TL: 77.44g/cái(+/-2.3).",CAI,KG,35700,2764.608
SO2410-0003,0119119001008000,"Bao TP-PP, trắng đục, K48.5x79LL(+/-1), TL: 80g/cái(+/-5%), MK: DIAMOND. [Kiện 5 tép 100 cái trở đầu, loại bỏ dây cột, vải áo dệt xếp, nhận dạng MK bên ngoài, bắn đai 5 ngang x 1 dọc]/TPH485079TDMFM.LMDIMO",15,Công đoạn cắt may tự động,BAO,CMA485079TDMFM,"Bao PP, trắng đục, K48.5x79LL(+/-1), cắt răng cưa 84cm(+/-1), đáy 1 lần/2 đường PP900D trắng, TL: 77.44g/cái(+/-2.3).",CAI,KG,20400,1579.776
SO2410-0003,0119119001010000,"Bao TP-PP, trắng đục, K48.5x79LL(+/-1), TL: 80g/cái(+/-5%), MK: GOLDEN STATUE. [Kiện 5 tép 100 cái trở đầu, loại bỏ dây cột, vải áo dệt xếp, nhận dạng MK bên ngoài, bắn đai 5 ngang x 1 dọc]/TPH485079TDMFM.LMGOST",15,Công đoạn cắt may tự động,BAO,CMA485079TDMFM,"Bao PP, trắng đục, K48.5x79LL(+/-1), cắt răng cưa 84cm(+/-1), đáy 1 lần/2 đường PP900D trắng, TL: 77.44g/cái(+/-2.3).",CAI,KG,2040,157.9776
SO2410-0003,0119119001012000,"Bao TP-PP, trắng đục, K48.5x79LL(+/-1), TL: 80g/cái(+/-5%), MK: NB SPECIAL. [Kiện 5 tép 100 cái trở đầu, loại bỏ dây cột, vải áo dệt xếp, nhận dạng MK bên ngoài, bắn đai 5 ngang x 1 dọc]/TPH485079TDMFM.LMNBSP",15,Công đoạn cắt may tự động,BAO,CMA485079TDMFM,"Bao PP, trắng đục, K48.5x79LL(+/-1), cắt răng cưa 84cm(+/-1), đáy 1 lần/2 đường PP900D trắng, TL: 77.44g/cái(+/-2.3).",CAI,KG,3060,236.9664
SO2410-0003,0119119001014000,"Bao TP-PP, trắng đục, K48.5x79LL(+/-1), TL: 80g/cái(+/-5%), MK: RED ROSES. [Kiện 5 tép 100 cái trở đầu, loại bỏ dây cột, vải áo dệt xếp, nhận dạng MK bên ngoài, bắn đai 5 ngang x 1 dọc]/TPH485079TDMFM.LMRERO",15,Công đoạn cắt may tự động,BAO,CMA485079TDMFM,"Bao PP, trắng đục, K48.5x79LL(+/-1), cắt răng cưa 84cm(+/-1), đáy 1 lần/2 đường PP900D trắng, TL: 77.44g/cái(+/-2.3).",CAI,KG,7140,552.9216
SO2410-0003,0119119001015000,"Bao TP-PP, trắng đục, K48.5x79LL(+/-1), TL: 80g/cái(+/-5%), MK: RED ROSES EXPORT. [Kiện 5 tép 100 cái trở đầu, loại bỏ dây cột, vải áo dệt xếp, nhận dạng MK bên ngoài, bắn đai 5 ngang x 1 dọc]/TPH485079TDMFM.LMREROEX",15,Công đoạn cắt may tự động,BAO,CMA485079TDMFM,"Bao PP, trắng đục, K48.5x79LL(+/-1), cắt răng cưa 84cm(+/-1), đáy 1 lần/2 đường PP900D trắng, TL: 77.44g/cái(+/-2.3).",CAI,KG,8160,631.9104
SO2410-0003,0119119001017000,"Bao TP-PP, trắng đục, K48.5x79LL(+/-1), TL: 80g/cái(+/-5%), MK: ROTI CANAI B. [Kiện 5 tép 100 cái trở đầu, loại bỏ dây cột, vải áo dệt xếp, nhận dạng MK bên ngoài, bắn đai 5 ngang x 1 dọc]/TPH485079TDMFM.LMROCAB",15,Công đoạn cắt may tự động,BAO,CMA485079TDMFM,"Bao PP, trắng đục, K48.5x79LL(+/-1), cắt răng cưa 84cm(+/-1), đáy 1 lần/2 đường PP900D trắng, TL: 77.44g/cái(+/-2.3).",CAI,KG,2040,157.9776
SO2410-0003,0119119001019000,"Bao TP-PP, trắng đục, K48.5x79LL(+/-1), TL: 80g/cái(+/-5%), MK: SEMOLINA. [Kiện 5 tép 100 cái trở đầu, loại bỏ dây cột, vải áo dệt xếp, nhận dạng MK bên ngoài, bắn đai 5 ngang x 1 dọc]/TPH485079TDMFM.LMSEMO",15,Công đoạn cắt may tự động,BAO,CMA485079TDMFM,"Bao PP, trắng đục, K48.5x79LL(+/-1), cắt răng cưa 84cm(+/-1), đáy 1 lần/2 đường PP900D trắng, TL: 77.44g/cái(+/-2.3).",CAI,KG,2040,157.9776
SO2410-0003,TPH485079TDMFM.CHAPATI,"Bao TP-PP, trắng đục, K48.5x79LL(+/-1), TL: 80g/cái(+/-5%), MK: CHAPATI 25KG PP BAG. [Kiện 5 tép 100 cái trở đầu, loại bỏ dây cột, vải áo dệt xếp, nhận dạng MK bên ngoài, bắn đai 5 ngang x 1 dọc]/TPH485079TDMFM.CHAPATI",15,Công đoạn cắt may tự động,BAO,CMA485079TDMFM,"Bao PP, trắng đục, K48.5x79LL(+/-1), cắt răng cưa 84cm(+/-1), đáy 1 lần/2 đường PP900D trắng, TL: 77.44g/cái(+/-2.3).",CAI,KG,5100,394.944
SO2410-0003,0119119001003000,"Bao TP-PP, trắng đục, K48.5x79LL(+/-1), TL: 80g/cái(+/-5%), MK: BICYCLE GREEN. [Kiện 5 tép 100 cái trở đầu, loại bỏ dây cột, vải áo dệt xếp, nhận dạng MK bên ngoài, bắn đai 5 ngang x 1 dọc]/TPH485079TDMFM.LMBIGR",15,Công đoạn cắt may tự động,BAO,CMA485079TDMFM.LMBIGR,"Bao PP, trắng đục, K48.5x79.0LL(+/-1), cắt răng cưa 84.0cm(+/-1), đáy 1 lần/2 đường PP900D trắng, TL: 78.44gr/cái(+/-2.4), MK: LUMUT-BICYCLE GREEN. [Tép 100 cái]",CAI,KG,38000,2980.72
SO2410-0003,0119119001004000,"Bao TP-PP, trắng đục, K48.5x79LL(+/-1), TL: 80g/cái(+/-5%), MK: BICYCLE RED. [Kiện 5 tép 100 cái trở đầu, loại bỏ dây cột, vải áo dệt xếp, nhận dạng MK bên ngoài, bắn đai 5 ngang x 1 dọc]/TPH485079TDMFM.LMBIRE",15,Công đoạn cắt may tự động,BAO,CMA485079TDMFM.LMBIRE,"Bao PP, trắng đục, K48.5x79.0LL(+/-1), cắt răng cưa 84.0cm(+/-1), đáy 1 lần/2 đường PP900D trắng, TL: 78.44gr/cái(+/-2.4), MK: LUMUT- BICYCLE RED. [Tép 100 cái]",CAI,KG,8000,627.52
SO2410-0003,0119119001007000,"Bao TP-PP, trắng đục, K48.5x79LL(+/-1), TL: 80g/cái(+/-5%), MK: BLUE ROSES PAU. [Kiện 5 tép 100 cái trở đầu, loại bỏ dây cột, vải áo dệt xếp, nhận dạng MK bên ngoài, bắn đai 5 ngang x 1 dọc]/TPH485079TDMFM.LMBLROP",15,Công đoạn cắt may tự động,BAO,CMA485079TDMFM.LMBLROP,"Bao PP, trắng đục, K48.5x79.0LL(+/-1), cắt răng cưa 84.0cm(+/-1), đáy 1 lần/2 đường PP900D trắng, TL: 78.44gr/cái(+/-2.4), MK:  BLUE ROSES PAU. (In có tracking) [Tép 100 cái]",CAI,KG,10000,784.4
SO2410-0003,0119119003040000,"Bao TP-PP, trắng đục, K48.5x84LL(+/-1), TL: 85g/cái(+/-5%), MK: SPIII. [Kiện 5 tép 100 cái trở đầu, loại bỏ dây cột, vải áo dệt xếp, nhận dạng MK bên ngoài, bắn đai 5 ngang x 1 dọc]/TPH485084TDMFM.LMSPIII",15,Công đoạn cắt may tự động,BAO,CMA485084TDMFM,"Bao PP, trắng đục, K48.5x84LL(+/-1), cắt răng cưa 89cm(+/-1), đáy 1 lần/2 đường PP900D trắng, TL: 82.015g/cái(+/-2.5).",CAI,KG,2040,167.3208
SO2410-0003,0119119003041000,"Bao TP-PP, trắng đục, K48.5x84LL(+/-1), TL: 85g/cái(+/-5%), MK: WHOLEMEAL 25KG. [Kiện 5 tép 100 cái trở đầu, loại bỏ dây cột, vải áo dệt xếp, nhận dạng MK bên ngoài, bắn đai 5 ngang x 1 dọc]/TPH485084TDMFM.LMWHOL",15,Công đoạn cắt may tự động,BAO,CMA485084TDMFM,"Bao PP, trắng đục, K48.5x84LL(+/-1), cắt răng cưa 89cm(+/-1), đáy 1 lần/2 đường PP900D trắng, TL: 82.015g/cái(+/-2.5).",CAI,KG,2040,167.3208
SO2410-0003,0119119002036000,"Bao TP-PP, trắng đục, K48.5x81.3LL(+/-1), TL: 83g/cái(+/-5%), MK: YELLOW ROSES. [Kiện 5 tép 100 cái trở đầu, loại bỏ dây cột, vải áo dệt xếp, nhận dạng MK bên ngoài, bắn đai 5 ngang x 1 dọc]/TPH485813TDMFM.LMYERO",15,Công đoạn cắt may tự động,BAO,CMA485813TDMFM,"Bao PP, trắng đục, K48.5x81.3LL(+/-1), cắt răng cưa 86cm(+/-1), đáy 1 lần/2 đường PP900D trắng, TL: 79.27g/cái(+/-2.4).",CAI,KG,2040,161.7108
SO2410-0003,0119119001001000,"Bao TP-PP, trắng đục, K48.5x79LL(+/-1), TL: 80g/cái(+/-5%), MK: BALANCE. [Kiện 5 tép 100 cái trở đầu, loại bỏ dây cột, vải áo dệt xếp, nhận dạng MK bên ngoài, bắn đai 5 ngang x 1 dọc]/TPH485079TDMFM.LMBALA",17,Công đoạn in cái (in thủ công),IN,INB485079TDMFM.LMBALA,"Bao PP-In, trắng đục, K48.5(+1/-0.5)x79LL(+/-1), TL: 78.44gr/cái(+/-2.4), MK: BALANCE. [In có tracking] [Tép 100 cái]",CAI,KG,4000,313.76
SO2410-0003,0119119001002000,"Bao TP-PP, trắng đục, K48.5x79LL(+/-1), TL: 80g/cái(+/-5%), MK: BICYCLE BLUE. [Kiện 5 tép 100 cái trở đầu, loại bỏ dây cột, vải áo dệt xếp, nhận dạng MK bên ngoài, bắn đai 5 ngang x 1 dọc]/TPH485079TDMFM.LMBIBL",17,Công đoạn in cái (in thủ công),IN,INB485079TDMFM.LMBIBL,"Bao PP-In, trắng đục, K48.5(+1/-0.5)x79LL(+/-1), TL: 78.44gr/cái(+/-2.4), MK: BICYCLE BLUE. [In có tracking] [Tép 100 cái]",CAI,KG,35000,2745.4
SO2410-0003,0119119001008000,"Bao TP-PP, trắng đục, K48.5x79LL(+/-1), TL: 80g/cái(+/-5%), MK: DIAMOND. [Kiện 5 tép 100 cái trở đầu, loại bỏ dây cột, vải áo dệt xếp, nhận dạng MK bên ngoài, bắn đai 5 ngang x 1 dọc]/TPH485079TDMFM.LMDIMO",17,Công đoạn in cái (in thủ công),IN,INB485079TDMFM.LMDIMO,"Bao PP-In, trắng đục, K48.5(+1/-0.5)x79LL(+/-1), TL: 78.44gr/cái(+/-2.4), MK: DIAMOND. [In có tracking] [Tép 100 cái]",CAI,KG,20000,1568.8
SO2410-0003,0119119001010000,"Bao TP-PP, trắng đục, K48.5x79LL(+/-1), TL: 80g/cái(+/-5%), MK: GOLDEN STATUE. [Kiện 5 tép 100 cái trở đầu, loại bỏ dây cột, vải áo dệt xếp, nhận dạng MK bên ngoài, bắn đai 5 ngang x 1 dọc]/TPH485079TDMFM.LMGOST",17,Công đoạn in cái (in thủ công),IN,INB485079TDMFM.LMGOST,"Bao PP-In, trắng đục, K48.5(+1/-0.5)x79LL(+/-1), TL: 78.44gr/cái(+/-2.4), MK: LM-GOLDEN STATUE. [In có tracking] [Tép 100 cái]",CAI,KG,2000,156.88
SO2410-0003,0119119001012000,"Bao TP-PP, trắng đục, K48.5x79LL(+/-1), TL: 80g/cái(+/-5%), MK: NB SPECIAL. [Kiện 5 tép 100 cái trở đầu, loại bỏ dây cột, vải áo dệt xếp, nhận dạng MK bên ngoài, bắn đai 5 ngang x 1 dọc]/TPH485079TDMFM.LMNBSP",17,Công đoạn in cái (in thủ công),IN,INB485079TDMFM.LMNBSP,"Bao PP-In, trắng đục, K48.5(+1/-0.5)x79LL(+/-1), TL: 78.44gr/cái(+/-2.4), MK: NB SPECIAL. [In có tracking] [Tép 100 cái]",CAI,KG,3000,235.32
SO2410-0003,0119119001014000,"Bao TP-PP, trắng đục, K48.5x79LL(+/-1), TL: 80g/cái(+/-5%), MK: RED ROSES. [Kiện 5 tép 100 cái trở đầu, loại bỏ dây cột, vải áo dệt xếp, nhận dạng MK bên ngoài, bắn đai 5 ngang x 1 dọc]/TPH485079TDMFM.LMRERO",17,Công đoạn in cái (in thủ công),IN,INB485079TDMFM.LMRERO,"Bao PP-In, trắng đục, K48.5(+1/-0.5)x79LL(+/-1), TL: 78.44gr/cái(+/-2.4), MK: RED ROSES. [In có tracking] [Tép 100 cái]",CAI,KG,7000,549.08
SO2410-0003,0119119001015000,"Bao TP-PP, trắng đục, K48.5x79LL(+/-1), TL: 80g/cái(+/-5%), MK: RED ROSES EXPORT. [Kiện 5 tép 100 cái trở đầu, loại bỏ dây cột, vải áo dệt xếp, nhận dạng MK bên ngoài, bắn đai 5 ngang x 1 dọc]/TPH485079TDMFM.LMREROEX",17,Công đoạn in cái (in thủ công),IN,INB485079TDMFM.LMREROEX,"Bao PP-In, trắng đục, K48.5(+1/-0.5)x79LL(+/-1), TL: 78.44gr/cái(+/-2.4), MK: RED ROSES EXPORT. [In có tracking] [Tép 100 cái]",CAI,KG,8000,627.52
SO2410-0003,0119119001017000,"Bao TP-PP, trắng đục, K48.5x79LL(+/-1), TL: 80g/cái(+/-5%), MK: ROTI CANAI B. [Kiện 5 tép 100 cái trở đầu, loại bỏ dây cột, vải áo dệt xếp, nhận dạng MK bên ngoài, bắn đai 5 ngang x 1 dọc]/TPH485079TDMFM.LMROCAB",17,Công đoạn in cái (in thủ công),IN,INB485079TDMFM.LMROCAB,"Bao PP-In, trắng đục, K48.5(+1/-0.5)x79LL(+/-1), TL: 78.44gr/cái(+/-2.4), MK: ROTI CANAI B. [In có tracking] [Tép 100 cái]",CAI,KG,2000,156.88
SO2410-0003,0119119001019000,"Bao TP-PP, trắng đục, K48.5x79LL(+/-1), TL: 80g/cái(+/-5%), MK: SEMOLINA. [Kiện 5 tép 100 cái trở đầu, loại bỏ dây cột, vải áo dệt xếp, nhận dạng MK bên ngoài, bắn đai 5 ngang x 1 dọc]/TPH485079TDMFM.LMSEMO",17,Công đoạn in cái (in thủ công),IN,INB485079TDMFM.LMSEMO,"Bao PP-In, trắng đục, K48.5(+1/-0.5)x79LL(+/-1), TL: 78.44gr/cái(+/-2.4), MK: SEMOLINA. [In có tracking] [Tép 100 cái]",CAI,KG,2000,156.88
SO2410-0003,0119119003040000,"Bao TP-PP, trắng đục, K48.5x84LL(+/-1), TL: 85g/cái(+/-5%), MK: SPIII. [Kiện 5 tép 100 cái trở đầu, loại bỏ dây cột, vải áo dệt xếp, nhận dạng MK bên ngoài, bắn đai 5 ngang x 1 dọc]/TPH485084TDMFM.LMSPIII",17,Công đoạn in cái (in thủ công),IN,INB485084TDMFM.LMSPIII,"[INB] Bao PP-In, màu trắng đục, khổ 48.5x84LL(+/-1), TL: 83.015gr/cái(+/-5%), MK: SPIII. (In có tracking)",CAI,KG,2000,166.04
SO2410-0003,0119119003041000,"Bao TP-PP, trắng đục, K48.5x84LL(+/-1), TL: 85g/cái(+/-5%), MK: WHOLEMEAL 25KG. [Kiện 5 tép 100 cái trở đầu, loại bỏ dây cột, vải áo dệt xếp, nhận dạng MK bên ngoài, bắn đai 5 ngang x 1 dọc]/TPH485084TDMFM.LMWHOL",17,Công đoạn in cái (in thủ công),IN,INB485084TDMFM.LMWHOL,"[INB] Bao PP-In, màu trắng đục, khổ 48.5x84LL(+/-1), TL: 83.015gr/cái(+/-5%), MK: WHOLEMEAL 25KG. (In có tracking)",CAI,KG,2000,166.04
SO2410-0003,0119119002036000,"Bao TP-PP, trắng đục, K48.5x81.3LL(+/-1), TL: 83g/cái(+/-5%), MK: YELLOW ROSES. [Kiện 5 tép 100 cái trở đầu, loại bỏ dây cột, vải áo dệt xếp, nhận dạng MK bên ngoài, bắn đai 5 ngang x 1 dọc]/TPH485813TDMFM.LMYERO",17,Công đoạn in cái (in thủ công),IN,INB485813TDMFM.LMYERO,"[INB] Bao PP-In, màu trắng đục, khổ 48.5x81.3LL(+/-1), TL: 80.27gr/cái(+/-5%), MK: Yellow Roses. [In có tracking]",CAI,KG,2000,160.54
SO2410-0003,TPH485079TDMFM.CHAPATI,"Bao TP-PP, trắng đục, K48.5x79LL(+/-1), TL: 80g/cái(+/-5%), MK: CHAPATI 25KG PP BAG. [Kiện 5 tép 100 cái trở đầu, loại bỏ dây cột, vải áo dệt xếp, nhận dạng MK bên ngoài, bắn đai 5 ngang x 1 dọc]/TPH485079TDMFM.CHAPATI",17,Công đoạn in cái (in thủ công),IN,INB485079TDMFM.CHAPATI,"[INB] Bao PP-In, màu trắng đục, khổ 48.5x79LL(+/-1), TL: 78.44gr/cái(+/-5%), MK: CHAPATI 25KG PP BAG. [In có tracking]",Cái,KG,5000,392.2
SO2410-0003,0119119001001000,"Bao TP-PP, trắng đục, K48.5x79LL(+/-1), TL: 80g/cái(+/-5%), MK: BALANCE. [Kiện 5 tép 100 cái trở đầu, loại bỏ dây cột, vải áo dệt xếp, nhận dạng MK bên ngoài, bắn đai 5 ngang x 1 dọc]/TPH485079TDMFM.LMBALA",34,Công đoạn ép kiện,TPH-1553,0119119001001000,"Bao TP-PP, trắng đục, K48.5x79LL(+/-1), TL: 80g/cái(+/-5%), MK: BALANCE. [Kiện 5 tép 100 cái trở đầu, loại bỏ dây cột, vải áo dệt xếp, nhận dạng MK bên ngoài, bắn đai 5 ngang x 1 dọc]/TPH485079TDMFM.LMBALA",CAI,KG,4000,320
SO2410-0003,0119119001002000,"Bao TP-PP, trắng đục, K48.5x79LL(+/-1), TL: 80g/cái(+/-5%), MK: BICYCLE BLUE. [Kiện 5 tép 100 cái trở đầu, loại bỏ dây cột, vải áo dệt xếp, nhận dạng MK bên ngoài, bắn đai 5 ngang x 1 dọc]/TPH485079TDMFM.LMBIBL",34,Công đoạn ép kiện,TPH-1553,0119119001002000,"Bao TP-PP, trắng đục, K48.5x79LL(+/-1), TL: 80g/cái(+/-5%), MK: BICYCLE BLUE. [Kiện 5 tép 100 cái trở đầu, loại bỏ dây cột, vải áo dệt xếp, nhận dạng MK bên ngoài, bắn đai 5 ngang x 1 dọc]/TPH485079TDMFM.LMBIBL",CAI,KG,35000,2800
SO2410-0003,0119119001003000,"Bao TP-PP, trắng đục, K48.5x79LL(+/-1), TL: 80g/cái(+/-5%), MK: BICYCLE GREEN. [Kiện 5 tép 100 cái trở đầu, loại bỏ dây cột, vải áo dệt xếp, nhận dạng MK bên ngoài, bắn đai 5 ngang x 1 dọc]/TPH485079TDMFM.LMBIGR",34,Công đoạn ép kiện,TPH-1553,0119119001003000,"Bao TP-PP, trắng đục, K48.5x79LL(+/-1), TL: 80g/cái(+/-5%), MK: BICYCLE GREEN. [Kiện 5 tép 100 cái trở đầu, loại bỏ dây cột, vải áo dệt xếp, nhận dạng MK bên ngoài, bắn đai 5 ngang x 1 dọc]/TPH485079TDMFM.LMBIGR",CAI,KG,38000,3040
SO2410-0003,0119119001004000,"Bao TP-PP, trắng đục, K48.5x79LL(+/-1), TL: 80g/cái(+/-5%), MK: BICYCLE RED. [Kiện 5 tép 100 cái trở đầu, loại bỏ dây cột, vải áo dệt xếp, nhận dạng MK bên ngoài, bắn đai 5 ngang x 1 dọc]/TPH485079TDMFM.LMBIRE",34,Công đoạn ép kiện,TPH-1553,0119119001004000,"Bao TP-PP, trắng đục, K48.5x79LL(+/-1), TL: 80g/cái(+/-5%), MK: BICYCLE RED. [Kiện 5 tép 100 cái trở đầu, loại bỏ dây cột, vải áo dệt xếp, nhận dạng MK bên ngoài, bắn đai 5 ngang x 1 dọc]/TPH485079TDMFM.LMBIRE",CAI,KG,8000,640
SO2410-0003,0119119001007000,"Bao TP-PP, trắng đục, K48.5x79LL(+/-1), TL: 80g/cái(+/-5%), MK: BLUE ROSES PAU. [Kiện 5 tép 100 cái trở đầu, loại bỏ dây cột, vải áo dệt xếp, nhận dạng MK bên ngoài, bắn đai 5 ngang x 1 dọc]/TPH485079TDMFM.LMBLROP",34,Công đoạn ép kiện,TPH-1553,0119119001007000,"Bao TP-PP, trắng đục, K48.5x79LL(+/-1), TL: 80g/cái(+/-5%), MK: BLUE ROSES PAU. [Kiện 5 tép 100 cái trở đầu, loại bỏ dây cột, vải áo dệt xếp, nhận dạng MK bên ngoài, bắn đai 5 ngang x 1 dọc]/TPH485079TDMFM.LMBLROP",CAI,KG,10000,800
SO2410-0003,0119119001008000,"Bao TP-PP, trắng đục, K48.5x79LL(+/-1), TL: 80g/cái(+/-5%), MK: DIAMOND. [Kiện 5 tép 100 cái trở đầu, loại bỏ dây cột, vải áo dệt xếp, nhận dạng MK bên ngoài, bắn đai 5 ngang x 1 dọc]/TPH485079TDMFM.LMDIMO",34,Công đoạn ép kiện,TPH-1553,0119119001008000,"Bao TP-PP, trắng đục, K48.5x79LL(+/-1), TL: 80g/cái(+/-5%), MK: DIAMOND. [Kiện 5 tép 100 cái trở đầu, loại bỏ dây cột, vải áo dệt xếp, nhận dạng MK bên ngoài, bắn đai 5 ngang x 1 dọc]/TPH485079TDMFM.LMDIMO",CAI,KG,20000,1600
SO2410-0003,0119119001010000,"Bao TP-PP, trắng đục, K48.5x79LL(+/-1), TL: 80g/cái(+/-5%), MK: GOLDEN STATUE. [Kiện 5 tép 100 cái trở đầu, loại bỏ dây cột, vải áo dệt xếp, nhận dạng MK bên ngoài, bắn đai 5 ngang x 1 dọc]/TPH485079TDMFM.LMGOST",34,Công đoạn ép kiện,TPH-1553,0119119001010000,"Bao TP-PP, trắng đục, K48.5x79LL(+/-1), TL: 80g/cái(+/-5%), MK: GOLDEN STATUE. [Kiện 5 tép 100 cái trở đầu, loại bỏ dây cột, vải áo dệt xếp, nhận dạng MK bên ngoài, bắn đai 5 ngang x 1 dọc]/TPH485079TDMFM.LMGOST",CAI,KG,2000,160
SO2410-0003,0119119001012000,"Bao TP-PP, trắng đục, K48.5x79LL(+/-1), TL: 80g/cái(+/-5%), MK: NB SPECIAL. [Kiện 5 tép 100 cái trở đầu, loại bỏ dây cột, vải áo dệt xếp, nhận dạng MK bên ngoài, bắn đai 5 ngang x 1 dọc]/TPH485079TDMFM.LMNBSP",34,Công đoạn ép kiện,TPH-1553,0119119001012000,"Bao TP-PP, trắng đục, K48.5x79LL(+/-1), TL: 80g/cái(+/-5%), MK: NB SPECIAL. [Kiện 5 tép 100 cái trở đầu, loại bỏ dây cột, vải áo dệt xếp, nhận dạng MK bên ngoài, bắn đai 5 ngang x 1 dọc]/TPH485079TDMFM.LMNBSP",CAI,KG,3000,240
SO2410-0003,0119119001014000,"Bao TP-PP, trắng đục, K48.5x79LL(+/-1), TL: 80g/cái(+/-5%), MK: RED ROSES. [Kiện 5 tép 100 cái trở đầu, loại bỏ dây cột, vải áo dệt xếp, nhận dạng MK bên ngoài, bắn đai 5 ngang x 1 dọc]/TPH485079TDMFM.LMRERO",34,Công đoạn ép kiện,TPH-1553,0119119001014000,"Bao TP-PP, trắng đục, K48.5x79LL(+/-1), TL: 80g/cái(+/-5%), MK: RED ROSES. [Kiện 5 tép 100 cái trở đầu, loại bỏ dây cột, vải áo dệt xếp, nhận dạng MK bên ngoài, bắn đai 5 ngang x 1 dọc]/TPH485079TDMFM.LMRERO",CAI,KG,7000,560
SO2410-0003,0119119001015000,"Bao TP-PP, trắng đục, K48.5x79LL(+/-1), TL: 80g/cái(+/-5%), MK: RED ROSES EXPORT. [Kiện 5 tép 100 cái trở đầu, loại bỏ dây cột, vải áo dệt xếp, nhận dạng MK bên ngoài, bắn đai 5 ngang x 1 dọc]/TPH485079TDMFM.LMREROEX",34,Công đoạn ép kiện,TPH-1553,0119119001015000,"Bao TP-PP, trắng đục, K48.5x79LL(+/-1), TL: 80g/cái(+/-5%), MK: RED ROSES EXPORT. [Kiện 5 tép 100 cái trở đầu, loại bỏ dây cột, vải áo dệt xếp, nhận dạng MK bên ngoài, bắn đai 5 ngang x 1 dọc]/TPH485079TDMFM.LMREROEX",CAI,KG,8000,640
SO2410-0003,0119119001017000,"Bao TP-PP, trắng đục, K48.5x79LL(+/-1), TL: 80g/cái(+/-5%), MK: ROTI CANAI B. [Kiện 5 tép 100 cái trở đầu, loại bỏ dây cột, vải áo dệt xếp, nhận dạng MK bên ngoài, bắn đai 5 ngang x 1 dọc]/TPH485079TDMFM.LMROCAB",34,Công đoạn ép kiện,TPH-1553,0119119001017000,"Bao TP-PP, trắng đục, K48.5x79LL(+/-1), TL: 80g/cái(+/-5%), MK: ROTI CANAI B. [Kiện 5 tép 100 cái trở đầu, loại bỏ dây cột, vải áo dệt xếp, nhận dạng MK bên ngoài, bắn đai 5 ngang x 1 dọc]/TPH485079TDMFM.LMROCAB",CAI,KG,2000,160
SO2410-0003,0119119001019000,"Bao TP-PP, trắng đục, K48.5x79LL(+/-1), TL: 80g/cái(+/-5%), MK: SEMOLINA. [Kiện 5 tép 100 cái trở đầu, loại bỏ dây cột, vải áo dệt xếp, nhận dạng MK bên ngoài, bắn đai 5 ngang x 1 dọc]/TPH485079TDMFM.LMSEMO",34,Công đoạn ép kiện,TPH-1553,0119119001019000,"Bao TP-PP, trắng đục, K48.5x79LL(+/-1), TL: 80g/cái(+/-5%), MK: SEMOLINA. [Kiện 5 tép 100 cái trở đầu, loại bỏ dây cột, vải áo dệt xếp, nhận dạng MK bên ngoài, bắn đai 5 ngang x 1 dọc]/TPH485079TDMFM.LMSEMO",CAI,KG,2000,160
SO2410-0003,0119119002036000,"Bao TP-PP, trắng đục, K48.5x81.3LL(+/-1), TL: 83g/cái(+/-5%), MK: YELLOW ROSES. [Kiện 5 tép 100 cái trở đầu, loại bỏ dây cột, vải áo dệt xếp, nhận dạng MK bên ngoài, bắn đai 5 ngang x 1 dọc]/TPH485813TDMFM.LMYERO",34,Công đoạn ép kiện,TPH-1553,0119119002036000,"Bao TP-PP, trắng đục, K48.5x81.3LL(+/-1), TL: 83g/cái(+/-5%), MK: YELLOW ROSES. [Kiện 5 tép 100 cái trở đầu, loại bỏ dây cột, vải áo dệt xếp, nhận dạng MK bên ngoài, bắn đai 5 ngang x 1 dọc]/TPH485813TDMFM.LMYERO",CAI,KG,2000,166
SO2410-0003,0119119003040000,"Bao TP-PP, trắng đục, K48.5x84LL(+/-1), TL: 85g/cái(+/-5%), MK: SPIII. [Kiện 5 tép 100 cái trở đầu, loại bỏ dây cột, vải áo dệt xếp, nhận dạng MK bên ngoài, bắn đai 5 ngang x 1 dọc]/TPH485084TDMFM.LMSPIII",34,Công đoạn ép kiện,TPH-1553,0119119003040000,"Bao TP-PP, trắng đục, K48.5x84LL(+/-1), TL: 85g/cái(+/-5%), MK: SPIII. [Kiện 5 tép 100 cái trở đầu, loại bỏ dây cột, vải áo dệt xếp, nhận dạng MK bên ngoài, bắn đai 5 ngang x 1 dọc]/TPH485084TDMFM.LMSPIII",CAI,KG,2000,170
SO2410-0003,0119119003041000,"Bao TP-PP, trắng đục, K48.5x84LL(+/-1), TL: 85g/cái(+/-5%), MK: WHOLEMEAL 25KG. [Kiện 5 tép 100 cái trở đầu, loại bỏ dây cột, vải áo dệt xếp, nhận dạng MK bên ngoài, bắn đai 5 ngang x 1 dọc]/TPH485084TDMFM.LMWHOL",34,Công đoạn ép kiện,TPH-1553,0119119003041000,"Bao TP-PP, trắng đục, K48.5x84LL(+/-1), TL: 85g/cái(+/-5%), MK: WHOLEMEAL 25KG. [Kiện 5 tép 100 cái trở đầu, loại bỏ dây cột, vải áo dệt xếp, nhận dạng MK bên ngoài, bắn đai 5 ngang x 1 dọc]/TPH485084TDMFM.LMWHOL",CAI,KG,2000,170
SO2410-0003,TPH485079TDMFM.CHAPATI,"Bao TP-PP, trắng đục, K48.5x79LL(+/-1), TL: 80g/cái(+/-5%), MK: CHAPATI 25KG PP BAG. [Kiện 5 tép 100 cái trở đầu, loại bỏ dây cột, vải áo dệt xếp, nhận dạng MK bên ngoài, bắn đai 5 ngang x 1 dọc]/TPH485079TDMFM.CHAPATI",34,Công đoạn ép kiện,TPH-1553,TPH485079TDMFM.CHAPATI,"Bao TP-PP, trắng đục, K48.5x79LL(+/-1), TL: 80g/cái(+/-5%), MK: CHAPATI 25KG PP BAG. [Kiện 5 tép 100 cái trở đầu, loại bỏ dây cột, vải áo dệt xếp, nhận dạng MK bên ngoài, bắn đai 5 ngang x 1 dọc]/TPH485079TDMFM.CHAPATI",CAI,KG,5000,400
SO2410-0004,TPH060085G102INT.DFIN118,"Bao TP-PP, trắng tẩy, K60x85LL, TL: 102g/cái, MK: DFIN PP 40KG - CODE 118 (2+0) (Mã: 5000407). [Tép 20 cái gấp 3, code ra ngoài; Bó 5 tép, dây cột trắng, cột chữ thập]",01,"Công đoạn tái chế (ó, tạo hạt)",SUI,SUI-TRANG,Sủi trắng,KG,KG,26.80772,26.80772
SO2410-0004,TPH050077G077INT.IFGP097,"Bao TP-PP, trắng tẩy, K50x77LL, TL: 77g/cái, MK: IFV-GP 25KG CODE 097 (1+0) (Mã: 5000563) . [Tép 20 cái gấp 3, code ra ngoài. Bó = 05 tép. Dây cột màu trắng, cột 1 ngang x 1 dọc hình chữ thập]",01,"Công đoạn tái chế (ó, tạo hạt)",SUI,SUI-TRANG,Sủi trắng,KG,KG,49.7934,49.7934
SO2410-0004,TPH050077G077INT.IFGP098,"Bao TP-PP, trắng tẩy, K50x77LL, TL: 77g/cái, MK: IFV-GP 25KG CODE 098 (1+0) (Mã: 5000563) . [Tép 20 cái gấp 3, code ra ngoài. Bó = 05 tép. Dây cột màu trắng, cột 1 ngang x 1 dọc hình chữ thập]",01,"Công đoạn tái chế (ó, tạo hạt)",SUI,SUI-TRANG,Sủi trắng,KG,KG,49.7934,49.7934
SO2410-0004,TPH050077G077INT.REGL317,"Bao TP-PP, trắng tẩy, K50x77LL, TL: 77g/cái, MK: RED GLOBE (BAGUETTE) CODE 317 (2+0) (Mã: 5000595). [Tép 20 cái gấp 03, code ra ngoài. Bó = 05 tép. Dây cột màu trắng, cột 1 ngang x 1 dọc hình chữ thập]",01,"Công đoạn tái chế (ó, tạo hạt)",SUI,SUI-TRANG,Sủi trắng,KG,KG,49.7934,49.7934
SO2410-0004,TPH050074G074INT.WGLB065,"Bao TP-PP, K50x74LL, TL: 74g/cái, MK: WHITE GLB PP 25KG - CODE 065 (Mã 5000608) (2+0) (Tép 20 cái gấp 03, code ra ngoài. Bó = 05 tép. Dây cột màu trắng, cột 1 ngang x 1 dọc hình chữ thập).",01,"Công đoạn tái chế (ó, tạo hạt)",SUI,SUI-TRANG,Sủi trắng,KG,KG,47.94335,47.94335
SO2410-0004,TPH060088INT.AQ34THAC341,"Bao TP-PP, trắng tẩy, K60x88LL, TL: 105g/cái, MK: AQUA FLOUR 34 - CODE 341 (2+1) (Mã: 5000620). [Tép 20 cái gấp 03, code ra ngoài. Bó = 05 tép. Dây cột màu trắng, cột 1 ngang x 1 dọc hình chữ thập]",01,"Công đoạn tái chế (ó, tạo hạt)",SUI,SUI-TRANG,Sủi trắng,KG,KG,55.11312,55.11312
SO2410-0004,TPH060085G102INT.GP105,"Bao TP-PP, trắng tẩy, K60x85LL, TL: 102g/cái, MK: GP - CODE 105 (1+0) (Mã: 5000642). [Tép 20 cái gấp 3 code ra ngoài.  Bó 05 tép.  Cột chữ thập, dây màu trắng (xám)]",01,"Công đoạn tái chế (ó, tạo hạt)",SUI,SUI-TRANG,Sủi trắng,KG,KG,52.78128,52.78128
SO2410-0004,TPH060085G102INT.WHGL248,"Bao TP-PP, trắng tẩy, K60x85LL, TL: 102g/cái, MK: WHITE GLOBE - CODE 248 (2+0) (Mã: 5000666). [Tép 20 cái gấp 3, code ra ngoài; Bó 5 tép, dây cột trắng, cột chữ thập]",01,"Công đoạn tái chế (ó, tạo hạt)",SUI,SUI-TRANG,Sủi trắng,KG,KG,53.61544,53.61544
SO2410-0004,TPH060085G102INT.WTSP057,"Bao TP-PP, trắng tẩy, K60x85LL, TL: 102g/cái, MK: WHITE TIGER (SP) - CODE 057 (2+0) (Mã: 5000668). [Tép 20 cái gấp 3, code ra ngoài; Bó 5 tép, dây cột trắng, cột chữ thập]",01,"Công đoạn tái chế (ó, tạo hạt)",SUI,SUI-TRANG,Sủi trắng,KG,KG,53.61544,53.61544
SO2410-0004,TPH050077G077INT.REGL318,"Bao TP-PP, trắng tẩy, K50x77LL, TL: 77g/cái, MK: RED GLOBE (BAGUETTE) CODE 318 (2+0) (Mã: 5000595). [Tép 20 cái gấp 03, code ra ngoài. Bó = 05 tép. Dây cột màu trắng, cột 1 ngang x 1 dọc hình chữ thập]",01,"Công đoạn tái chế (ó, tạo hạt)",SUI,SUI-TRANG,Sủi trắng,KG,KG,49.7934,49.7934
SO2410-0004,TPH050074G074INT.PIGL288,"Bao TP-PP, trắng tẩy, K50x74LL, TL: 74g/cái, MK: PINK GLOBE - CODE 288 (2+0) (Mã: 5000591). [Tép 20 cái gấp 03, code ra ngoài. Bó = 05 tép. Dây cột màu trắng, cột 1 ngang x 1 dọc hình chữ thập]",01,"Công đoạn tái chế (ó, tạo hạt)",SUI,SUI-TRANG,Sủi trắng,KG,KG,48.70105,48.70105
SO2410-0004,TPH050074G074INT.PIGL289,"Bao TP-PP, trắng tẩy, K50x74LL, TL: 74g/cái, MK: PINK GLOBE - CODE 289 (2+0) (Mã: 5000591). [Tép 20 cái gấp 03, code ra ngoài. Bó = 05 tép. Dây cột màu trắng, cột 1 ngang x 1 dọc hình chữ thập]",01,"Công đoạn tái chế (ó, tạo hạt)",SUI,SUI-TRANG,Sủi trắng,KG,KG,48.70105,48.70105
SO2410-0004,TPH060085G102INT.DFIN118,"Bao TP-PP, trắng tẩy, K60x85LL, TL: 102g/cái, MK: DFIN PP 40KG - CODE 118 (2+0) (Mã: 5000407). [Tép 20 cái gấp 3, code ra ngoài; Bó 5 tép, dây cột trắng, cột chữ thập]",02,Công đoạn tạo sợi,TPH-1551,SOI-MK12-1,"Sợi PP, trắng tẩy, 950D, 2.5mm (cũ 970D, 2.60mm). (Dùng hạt tẩy OP10 - Đại Á)",KG,KG,208.26504,208.26504
SO2410-0004,TPH050077G077INT.IFGP097,"Bao TP-PP, trắng tẩy, K50x77LL, TL: 77g/cái, MK: IFV-GP 25KG CODE 097 (1+0) (Mã: 5000563) . [Tép 20 cái gấp 3, code ra ngoài. Bó = 05 tép. Dây cột màu trắng, cột 1 ngang x 1 dọc hình chữ thập]",02,Công đoạn tạo sợi,TPH-1551,SOI-MK12-1,"Sợi PP, trắng tẩy, 950D, 2.5mm (cũ 970D, 2.60mm). (Dùng hạt tẩy OP10 - Đại Á)",KG,KG,392.9506,392.9506
SO2410-0004,TPH050077G077INT.IFGP098,"Bao TP-PP, trắng tẩy, K50x77LL, TL: 77g/cái, MK: IFV-GP 25KG CODE 098 (1+0) (Mã: 5000563) . [Tép 20 cái gấp 3, code ra ngoài. Bó = 05 tép. Dây cột màu trắng, cột 1 ngang x 1 dọc hình chữ thập]",02,Công đoạn tạo sợi,TPH-1551,SOI-MK12-1,"Sợi PP, trắng tẩy, 950D, 2.5mm (cũ 970D, 2.60mm). (Dùng hạt tẩy OP10 - Đại Á)",KG,KG,392.9506,392.9506
SO2410-0004,TPH050077G077INT.REGL317,"Bao TP-PP, trắng tẩy, K50x77LL, TL: 77g/cái, MK: RED GLOBE (BAGUETTE) CODE 317 (2+0) (Mã: 5000595). [Tép 20 cái gấp 03, code ra ngoài. Bó = 05 tép. Dây cột màu trắng, cột 1 ngang x 1 dọc hình chữ thập]",02,Công đoạn tạo sợi,TPH-1551,SOI-MK12-1,"Sợi PP, trắng tẩy, 950D, 2.5mm (cũ 970D, 2.60mm). (Dùng hạt tẩy OP10 - Đại Á)",KG,KG,392.9506,392.9506
SO2410-0004,TPH050074G074INT.WGLB065,"Bao TP-PP, K50x74LL, TL: 74g/cái, MK: WHITE GLB PP 25KG - CODE 065 (Mã 5000608) (2+0) (Tép 20 cái gấp 03, code ra ngoài. Bó = 05 tép. Dây cột màu trắng, cột 1 ngang x 1 dọc hình chữ thập).",02,Công đoạn tạo sợi,TPH-1551,SOI-MK12-1,"Sợi PP, trắng tẩy, 950D, 2.5mm (cũ 970D, 2.60mm). (Dùng hạt tẩy OP10 - Đại Á)",KG,KG,378.3509,378.3509
SO2410-0004,TPH060088INT.AQ34THAC341,"Bao TP-PP, trắng tẩy, K60x88LL, TL: 105g/cái, MK: AQUA FLOUR 34 - CODE 341 (2+1) (Mã: 5000620). [Tép 20 cái gấp 03, code ra ngoài. Bó = 05 tép. Dây cột màu trắng, cột 1 ngang x 1 dọc hình chữ thập]",02,Công đoạn tạo sợi,TPH-1551,SOI-MK12-1,"Sợi PP, trắng tẩy, 950D, 2.5mm (cũ 970D, 2.60mm). (Dùng hạt tẩy OP10 - Đại Á)",KG,KG,434.93204,434.93204
SO2410-0004,TPH060085G102INT.GP105,"Bao TP-PP, trắng tẩy, K60x85LL, TL: 102g/cái, MK: GP - CODE 105 (1+0) (Mã: 5000642). [Tép 20 cái gấp 3 code ra ngoài.  Bó 05 tép.  Cột chữ thập, dây màu trắng (xám)]",02,Công đoạn tạo sợi,TPH-1551,SOI-MK12-1,"Sợi PP, trắng tẩy, 950D, 2.5mm (cũ 970D, 2.60mm). (Dùng hạt tẩy OP10 - Đại Á)",KG,KG,416.53008,416.53008
SO2410-0004,TPH060085G102INT.WHGL248,"Bao TP-PP, trắng tẩy, K60x85LL, TL: 102g/cái, MK: WHITE GLOBE - CODE 248 (2+0) (Mã: 5000666). [Tép 20 cái gấp 3, code ra ngoài; Bó 5 tép, dây cột trắng, cột chữ thập]",02,Công đoạn tạo sợi,TPH-1551,SOI-MK12-1,"Sợi PP, trắng tẩy, 950D, 2.5mm (cũ 970D, 2.60mm). (Dùng hạt tẩy OP10 - Đại Á)",KG,KG,416.53008,416.53008
SO2410-0004,TPH060085G102INT.WTSP057,"Bao TP-PP, trắng tẩy, K60x85LL, TL: 102g/cái, MK: WHITE TIGER (SP) - CODE 057 (2+0) (Mã: 5000668). [Tép 20 cái gấp 3, code ra ngoài; Bó 5 tép, dây cột trắng, cột chữ thập]",02,Công đoạn tạo sợi,TPH-1551,SOI-MK12-1,"Sợi PP, trắng tẩy, 950D, 2.5mm (cũ 970D, 2.60mm). (Dùng hạt tẩy OP10 - Đại Á)",KG,KG,416.53008,416.53008
SO2410-0004,TPH050077G077INT.REGL318,"Bao TP-PP, trắng tẩy, K50x77LL, TL: 77g/cái, MK: RED GLOBE (BAGUETTE) CODE 318 (2+0) (Mã: 5000595). [Tép 20 cái gấp 03, code ra ngoài. Bó = 05 tép. Dây cột màu trắng, cột 1 ngang x 1 dọc hình chữ thập]",02,Công đoạn tạo sợi,TPH-1551,SOI-MK12-1,"Sợi PP, trắng tẩy, 950D, 2.5mm (cũ 970D, 2.60mm). (Dùng hạt tẩy OP10 - Đại Á)",KG,KG,392.9506,392.9506
SO2410-0004,TPH050074G074INT.PIGL288,"Bao TP-PP, trắng tẩy, K50x74LL, TL: 74g/cái, MK: PINK GLOBE - CODE 288 (2+0) (Mã: 5000591). [Tép 20 cái gấp 03, code ra ngoài. Bó = 05 tép. Dây cột màu trắng, cột 1 ngang x 1 dọc hình chữ thập]",02,Công đoạn tạo sợi,TPH-1551,SOI-MK12-1,"Sợi PP, trắng tẩy, 950D, 2.5mm (cũ 970D, 2.60mm). (Dùng hạt tẩy OP10 - Đại Á)",KG,KG,378.3509,378.3509
SO2410-0004,TPH050074G074INT.PIGL289,"Bao TP-PP, trắng tẩy, K50x74LL, TL: 74g/cái, MK: PINK GLOBE - CODE 289 (2+0) (Mã: 5000591). [Tép 20 cái gấp 03, code ra ngoài. Bó = 05 tép. Dây cột màu trắng, cột 1 ngang x 1 dọc hình chữ thập]",02,Công đoạn tạo sợi,TPH-1551,SOI-MK12-1,"Sợi PP, trắng tẩy, 950D, 2.5mm (cũ 970D, 2.60mm). (Dùng hạt tẩy OP10 - Đại Á)",KG,KG,378.3509,378.3509
SO2410-0004,TPH060085G102INT.DFIN118,"Bao TP-PP, trắng tẩy, K60x85LL, TL: 102g/cái, MK: DFIN PP 40KG - CODE 118 (2+0) (Mã: 5000407). [Tép 20 cái gấp 3, code ra ngoài; Bó 5 tép, dây cột trắng, cột chữ thập]",03,Công đoạn dệt,TPH-1552,THACAINT600105110111TRTA,"Cuộn PP, trắng tẩy, K60cm(+1/-0.5), MĐ:10.5x11.0, TL: 111g/m(+/-3).",M,KG,1851.2694,205.4909034
SO2410-0004,TPH060088INT.AQ34THAC341,"Bao TP-PP, trắng tẩy, K60x88LL, TL: 105g/cái, MK: AQUA FLOUR 34 - CODE 341 (2+1) (Mã: 5000620). [Tép 20 cái gấp 03, code ra ngoài. Bó = 05 tép. Dây cột màu trắng, cột 1 ngang x 1 dọc hình chữ thập]",03,Công đoạn dệt,TPH-1552,THACAINT600105110111TRTA,"Cuộn PP, trắng tẩy, K60cm(+1/-0.5), MĐ:10.5x11.0, TL: 111g/m(+/-3).",M,KG,3866.11416,429.1386718
SO2410-0004,TPH060085G102INT.GP105,"Bao TP-PP, trắng tẩy, K60x85LL, TL: 102g/cái, MK: GP - CODE 105 (1+0) (Mã: 5000642). [Tép 20 cái gấp 3 code ra ngoài.  Bó 05 tép.  Cột chữ thập, dây màu trắng (xám)]",03,Công đoạn dệt,TPH-1552,THACAINT600105110111TRTA,"Cuộn PP, trắng tẩy, K60cm(+1/-0.5), MĐ:10.5x11.0, TL: 111g/m(+/-3).",M,KG,3702.5388,410.9818068
SO2410-0004,TPH060085G102INT.WHGL248,"Bao TP-PP, trắng tẩy, K60x85LL, TL: 102g/cái, MK: WHITE GLOBE - CODE 248 (2+0) (Mã: 5000666). [Tép 20 cái gấp 3, code ra ngoài; Bó 5 tép, dây cột trắng, cột chữ thập]",03,Công đoạn dệt,TPH-1552,THACAINT600105110111TRTA,"Cuộn PP, trắng tẩy, K60cm(+1/-0.5), MĐ:10.5x11.0, TL: 111g/m(+/-3).",M,KG,3702.5388,410.9818068
SO2410-0004,TPH060085G102INT.WTSP057,"Bao TP-PP, trắng tẩy, K60x85LL, TL: 102g/cái, MK: WHITE TIGER (SP) - CODE 057 (2+0) (Mã: 5000668). [Tép 20 cái gấp 3, code ra ngoài; Bó 5 tép, dây cột trắng, cột chữ thập]",03,Công đoạn dệt,TPH-1552,THACAINT600105110111TRTA,"Cuộn PP, trắng tẩy, K60cm(+1/-0.5), MĐ:10.5x11.0, TL: 111g/m(+/-3).",M,KG,3702.5388,410.9818068
SO2410-0004,TPH050077G077INT.IFGP097,"Bao TP-PP, trắng tẩy, K50x77LL, TL: 77g/cái, MK: IFV-GP 25KG CODE 097 (1+0) (Mã: 5000563) . [Tép 20 cái gấp 3, code ra ngoài. Bó = 05 tép. Dây cột màu trắng, cột 1 ngang x 1 dọc hình chữ thập]",03,Công đoạn dệt,TPH-1552,THACAINT500105110092TRTA,"Cuộn PP, trắng tẩy, K50cm(+1/-0.5), MĐ: 10.5x11.0, TL: 92g/m(+/-3).",M,KG,4210.1547,387.3342324
SO2410-0004,TPH050077G077INT.IFGP098,"Bao TP-PP, trắng tẩy, K50x77LL, TL: 77g/cái, MK: IFV-GP 25KG CODE 098 (1+0) (Mã: 5000563) . [Tép 20 cái gấp 3, code ra ngoài. Bó = 05 tép. Dây cột màu trắng, cột 1 ngang x 1 dọc hình chữ thập]",03,Công đoạn dệt,TPH-1552,THACAINT500105110092TRTA,"Cuộn PP, trắng tẩy, K50cm(+1/-0.5), MĐ: 10.5x11.0, TL: 92g/m(+/-3).",M,KG,4210.1547,387.3342324
SO2410-0004,TPH050077G077INT.REGL317,"Bao TP-PP, trắng tẩy, K50x77LL, TL: 77g/cái, MK: RED GLOBE (BAGUETTE) CODE 317 (2+0) (Mã: 5000595). [Tép 20 cái gấp 03, code ra ngoài. Bó = 05 tép. Dây cột màu trắng, cột 1 ngang x 1 dọc hình chữ thập]",03,Công đoạn dệt,TPH-1552,THACAINT500105110092TRTA,"Cuộn PP, trắng tẩy, K50cm(+1/-0.5), MĐ: 10.5x11.0, TL: 92g/m(+/-3).",M,KG,4210.1547,387.3342324
SO2410-0004,TPH050074G074INT.WGLB065,"Bao TP-PP, K50x74LL, TL: 74g/cái, MK: WHITE GLB PP 25KG - CODE 065 (Mã 5000608) (2+0) (Tép 20 cái gấp 03, code ra ngoài. Bó = 05 tép. Dây cột màu trắng, cột 1 ngang x 1 dọc hình chữ thập).",03,Công đoạn dệt,TPH-1552,THACAINT500105110092TRTA,"Cuộn PP, trắng tẩy, K50cm(+1/-0.5), MĐ: 10.5x11.0, TL: 92g/m(+/-3).",M,KG,4053.73095,372.9432474
SO2410-0004,TPH050077G077INT.REGL318,"Bao TP-PP, trắng tẩy, K50x77LL, TL: 77g/cái, MK: RED GLOBE (BAGUETTE) CODE 318 (2+0) (Mã: 5000595). [Tép 20 cái gấp 03, code ra ngoài. Bó = 05 tép. Dây cột màu trắng, cột 1 ngang x 1 dọc hình chữ thập]",03,Công đoạn dệt,TPH-1552,THACAINT500105110092TRTA,"Cuộn PP, trắng tẩy, K50cm(+1/-0.5), MĐ: 10.5x11.0, TL: 92g/m(+/-3).",M,KG,4210.1547,387.3342324
SO2410-0004,TPH050074G074INT.PIGL288,"Bao TP-PP, trắng tẩy, K50x74LL, TL: 74g/cái, MK: PINK GLOBE - CODE 288 (2+0) (Mã: 5000591). [Tép 20 cái gấp 03, code ra ngoài. Bó = 05 tép. Dây cột màu trắng, cột 1 ngang x 1 dọc hình chữ thập]",03,Công đoạn dệt,TPH-1552,THACAINT500105110092TRTA,"Cuộn PP, trắng tẩy, K50cm(+1/-0.5), MĐ: 10.5x11.0, TL: 92g/m(+/-3).",M,KG,4053.73095,372.9432474
SO2410-0004,TPH050074G074INT.PIGL289,"Bao TP-PP, trắng tẩy, K50x74LL, TL: 74g/cái, MK: PINK GLOBE - CODE 289 (2+0) (Mã: 5000591). [Tép 20 cái gấp 03, code ra ngoài. Bó = 05 tép. Dây cột màu trắng, cột 1 ngang x 1 dọc hình chữ thập]",03,Công đoạn dệt,TPH-1552,THACAINT500105110092TRTA,"Cuộn PP, trắng tẩy, K50cm(+1/-0.5), MĐ: 10.5x11.0, TL: 92g/m(+/-3).",M,KG,4053.73095,372.9432474
SO2410-0004,TPH060085G102INT.DFIN118,"Bao TP-PP, trắng tẩy, K60x85LL, TL: 102g/cái, MK: DFIN PP 40KG - CODE 118 (2+0) (Mã: 5000407). [Tép 20 cái gấp 3, code ra ngoài; Bó 5 tép, dây cột trắng, cột chữ thập]",15,Công đoạn cắt may tự động,BAO,CMA060085G101TT.INT,"Bao PP, trắng tẩy, K60(+1/-0.5)x85LL(+/-1), cắt răng cưa 90cm(+/-1), đáy 1 lần/2 đường PP900D trắng, TL: 100.63g/cái(+/-3). [Đếm tép: 100cái/tép]",CAI,KG,2020,203.2726
SO2410-0004,TPH060085G102INT.GP105,"Bao TP-PP, trắng tẩy, K60x85LL, TL: 102g/cái, MK: GP - CODE 105 (1+0) (Mã: 5000642). [Tép 20 cái gấp 3 code ra ngoài.  Bó 05 tép.  Cột chữ thập, dây màu trắng (xám)]",15,Công đoạn cắt may tự động,BAO,CMA060085G101TT.INT,"Bao PP, trắng tẩy, K60(+1/-0.5)x85LL(+/-1), cắt răng cưa 90cm(+/-1), đáy 1 lần/2 đường PP900D trắng, TL: 100.63g/cái(+/-3). [Đếm tép: 100cái/tép]",CAI,KG,4040,406.5452
SO2410-0004,TPH060085G102INT.WHGL248,"Bao TP-PP, trắng tẩy, K60x85LL, TL: 102g/cái, MK: WHITE GLOBE - CODE 248 (2+0) (Mã: 5000666). [Tép 20 cái gấp 3, code ra ngoài; Bó 5 tép, dây cột trắng, cột chữ thập]",15,Công đoạn cắt may tự động,BAO,CMA060085G101TT.INT,"Bao PP, trắng tẩy, K60(+1/-0.5)x85LL(+/-1), cắt răng cưa 90cm(+/-1), đáy 1 lần/2 đường PP900D trắng, TL: 100.63g/cái(+/-3). [Đếm tép: 100cái/tép]",CAI,KG,4040,406.5452
SO2410-0004,TPH060085G102INT.WTSP057,"Bao TP-PP, trắng tẩy, K60x85LL, TL: 102g/cái, MK: WHITE TIGER (SP) - CODE 057 (2+0) (Mã: 5000668). [Tép 20 cái gấp 3, code ra ngoài; Bó 5 tép, dây cột trắng, cột chữ thập]",15,Công đoạn cắt may tự động,BAO,CMA060085G101TT.INT,"Bao PP, trắng tẩy, K60(+1/-0.5)x85LL(+/-1), cắt răng cưa 90cm(+/-1), đáy 1 lần/2 đường PP900D trắng, TL: 100.63g/cái(+/-3). [Đếm tép: 100cái/tép]",CAI,KG,4040,406.5452
SO2410-0004,TPH060088INT.AQ34THAC341,"Bao TP-PP, trắng tẩy, K60x88LL, TL: 105g/cái, MK: AQUA FLOUR 34 - CODE 341 (2+1) (Mã: 5000620). [Tép 20 cái gấp 03, code ra ngoài. Bó = 05 tép. Dây cột màu trắng, cột 1 ngang x 1 dọc hình chữ thập]",15,Công đoạn cắt may tự động,BAO,CMA060088G104TT.INT,"Bao PP, trắng tẩy, K60(+1/-0.5)x88LL(+/-1), cắt răng cưa 93cm(+/-1), đáy 1 lần/2 đường PP900D trắng, TL: 103.96g/cái(+/-3.1). [Đếm tép: 100cái/tép]",CAI,KG,4080,424.1568
SO2410-0004,TPH050074G074INT.WGLB065,"Bao TP-PP, K50x74LL, TL: 74g/cái, MK: WHITE GLB PP 25KG - CODE 065 (Mã 5000608) (2+0) (Tép 20 cái gấp 03, code ra ngoài. Bó = 05 tép. Dây cột màu trắng, cột 1 ngang x 1 dọc hình chữ thập).",15,Công đoạn cắt may tự động,BAO,CMA050074G073TT.INT,"Bao PP, trắng tẩy, K50(+1/-0.5)x74LL(+/-1), cắt răng cưa 79cm(+/-1), đáy 1 lần/2 đường PP900D trắng, TL: 73.28g/cái(+/-2.1). [Đếm tép: 100cái/tép]",CAI,KG,5050,370.064
SO2410-0004,TPH050074G074INT.PIGL288,"Bao TP-PP, trắng tẩy, K50x74LL, TL: 74g/cái, MK: PINK GLOBE - CODE 288 (2+0) (Mã: 5000591). [Tép 20 cái gấp 03, code ra ngoài. Bó = 05 tép. Dây cột màu trắng, cột 1 ngang x 1 dọc hình chữ thập]",15,Công đoạn cắt may tự động,BAO,CMA050074G073TT.INT,"Bao PP, trắng tẩy, K50(+1/-0.5)x74LL(+/-1), cắt răng cưa 79cm(+/-1), đáy 1 lần/2 đường PP900D trắng, TL: 73.28g/cái(+/-2.1). [Đếm tép: 100cái/tép]",CAI,KG,5050,370.064
SO2410-0004,TPH050074G074INT.PIGL289,"Bao TP-PP, trắng tẩy, K50x74LL, TL: 74g/cái, MK: PINK GLOBE - CODE 289 (2+0) (Mã: 5000591). [Tép 20 cái gấp 03, code ra ngoài. Bó = 05 tép. Dây cột màu trắng, cột 1 ngang x 1 dọc hình chữ thập]",15,Công đoạn cắt may tự động,BAO,CMA050074G073TT.INT,"Bao PP, trắng tẩy, K50(+1/-0.5)x74LL(+/-1), cắt răng cưa 79cm(+/-1), đáy 1 lần/2 đường PP900D trắng, TL: 73.28g/cái(+/-2.1). [Đếm tép: 100cái/tép]",CAI,KG,5050,370.064
SO2410-0004,TPH050077G077INT.IFGP097,"Bao TP-PP, trắng tẩy, K50x77LL, TL: 77g/cái, MK: IFV-GP 25KG CODE 097 (1+0) (Mã: 5000563) . [Tép 20 cái gấp 3, code ra ngoài. Bó = 05 tép. Dây cột màu trắng, cột 1 ngang x 1 dọc hình chữ thập]",15,Công đoạn cắt may tự động,BAO,CMA050077G076TT.INT,"Bao PP, trắng tẩy, K50(+1/-0.5)x77LL(+/-1), cắt răng cưa 82cm(+/-1), đáy 1 lần/2 đường PP900D trắng, TL: 76.04g/cái(+/-2.5). [Đếm tép: 100cái/tép]",CAI,KG,5050,384.002
SO2410-0004,TPH050077G077INT.IFGP098,"Bao TP-PP, trắng tẩy, K50x77LL, TL: 77g/cái, MK: IFV-GP 25KG CODE 098 (1+0) (Mã: 5000563) . [Tép 20 cái gấp 3, code ra ngoài. Bó = 05 tép. Dây cột màu trắng, cột 1 ngang x 1 dọc hình chữ thập]",15,Công đoạn cắt may tự động,BAO,CMA050077G076TT.INT,"Bao PP, trắng tẩy, K50(+1/-0.5)x77LL(+/-1), cắt răng cưa 82cm(+/-1), đáy 1 lần/2 đường PP900D trắng, TL: 76.04g/cái(+/-2.5). [Đếm tép: 100cái/tép]",CAI,KG,5050,384.002
SO2410-0004,TPH050077G077INT.REGL317,"Bao TP-PP, trắng tẩy, K50x77LL, TL: 77g/cái, MK: RED GLOBE (BAGUETTE) CODE 317 (2+0) (Mã: 5000595). [Tép 20 cái gấp 03, code ra ngoài. Bó = 05 tép. Dây cột màu trắng, cột 1 ngang x 1 dọc hình chữ thập]",15,Công đoạn cắt may tự động,BAO,CMA050077G076TT.INT,"Bao PP, trắng tẩy, K50(+1/-0.5)x77LL(+/-1), cắt răng cưa 82cm(+/-1), đáy 1 lần/2 đường PP900D trắng, TL: 76.04g/cái(+/-2.5). [Đếm tép: 100cái/tép]",CAI,KG,5050,384.002
SO2410-0004,TPH050077G077INT.REGL318,"Bao TP-PP, trắng tẩy, K50x77LL, TL: 77g/cái, MK: RED GLOBE (BAGUETTE) CODE 318 (2+0) (Mã: 5000595). [Tép 20 cái gấp 03, code ra ngoài. Bó = 05 tép. Dây cột màu trắng, cột 1 ngang x 1 dọc hình chữ thập]",15,Công đoạn cắt may tự động,BAO,CMA050077G076TT.INT,"Bao PP, trắng tẩy, K50(+1/-0.5)x77LL(+/-1), cắt răng cưa 82cm(+/-1), đáy 1 lần/2 đường PP900D trắng, TL: 76.04g/cái(+/-2.5). [Đếm tép: 100cái/tép]",CAI,KG,5050,384.002
SO2410-0004,TPH060085G102INT.DFIN118,"Bao TP-PP, trắng tẩy, K60x85LL, TL: 102g/cái, MK: DFIN PP 40KG - CODE 118 (2+0) (Mã: 5000407). [Tép 20 cái gấp 3, code ra ngoài; Bó 5 tép, dây cột trắng, cột chữ thập]",17,Công đoạn in cái (in thủ công),IN,INB060085G102INT.DFIN118,"Bao PP-In, trắng tẩy, K60(+1/-0.5)x85LL(+/-1), TL: 101.13g/cái(+/-3), MK: DFIN PP 40KG- CODE 118 (2+0) (Mã: 5000407). [Tép 20 cái gấp 03, code ra ngoài]",CAI,KG,2000,202.26
SO2410-0004,TPH050077G077INT.IFGP097,"Bao TP-PP, trắng tẩy, K50x77LL, TL: 77g/cái, MK: IFV-GP 25KG CODE 097 (1+0) (Mã: 5000563) . [Tép 20 cái gấp 3, code ra ngoài. Bó = 05 tép. Dây cột màu trắng, cột 1 ngang x 1 dọc hình chữ thập]",17,Công đoạn in cái (in thủ công),IN,INB050077INT.IFGP097,"Bao PP-In, trắng tẩy, K50x77LL, TL: 76.56g/cái, MK:  IFV-GP 25KG CODE 097 (1+0) (Mã: 5000563). [Tép 20 cái gấp 03, code ra ngoài]",CAI,KG,5000,382.8
SO2410-0004,TPH050077G077INT.IFGP098,"Bao TP-PP, trắng tẩy, K50x77LL, TL: 77g/cái, MK: IFV-GP 25KG CODE 098 (1+0) (Mã: 5000563) . [Tép 20 cái gấp 3, code ra ngoài. Bó = 05 tép. Dây cột màu trắng, cột 1 ngang x 1 dọc hình chữ thập]",17,Công đoạn in cái (in thủ công),IN,INB050077INT.IFGP098,"Bao PP-In, trắng tẩy, K50x77LL, TL: 76.56g/cái, MK:  IFV-GP 25KG CODE 098 (1+0) (Mã: 5000563). [Tép 20 cái gấp 03, code ra ngoài]",CAI,KG,5000,382.8
SO2410-0004,TPH050077G077INT.REGL317,"Bao TP-PP, trắng tẩy, K50x77LL, TL: 77g/cái, MK: RED GLOBE (BAGUETTE) CODE 317 (2+0) (Mã: 5000595). [Tép 20 cái gấp 03, code ra ngoài. Bó = 05 tép. Dây cột màu trắng, cột 1 ngang x 1 dọc hình chữ thập]",17,Công đoạn in cái (in thủ công),IN,INB050077INT.REGL317,"Bao PP-In, trắng tẩy, K50x77LL, TL: 76.56g/cái, MK: RED GLOBE (BAGUETTE) CODE 317 (2+0) (Mã: 5000595). [Tép 20 cái gấp 3 code ra ngoài]",CAI,KG,5000,382.8
SO2410-0004,TPH050074G074INT.WGLB065,"Bao TP-PP, K50x74LL, TL: 74g/cái, MK: WHITE GLB PP 25KG - CODE 065 (Mã 5000608) (2+0) (Tép 20 cái gấp 03, code ra ngoài. Bó = 05 tép. Dây cột màu trắng, cột 1 ngang x 1 dọc hình chữ thập).",17,Công đoạn in cái (in thủ công),IN,INB050074INT.WGLB065,"Bao PP-In, trắng tẩy, K50x74LL, TL: 73.78g/cái, MK: WHITE GLB PP 25KG - CODE 065 [Mã: 5000608].",Cái,KG,5000,368.9
SO2410-0004,TPH060088INT.AQ34THAC341,"Bao TP-PP, trắng tẩy, K60x88LL, TL: 105g/cái, MK: AQUA FLOUR 34 - CODE 341 (2+1) (Mã: 5000620). [Tép 20 cái gấp 03, code ra ngoài. Bó = 05 tép. Dây cột màu trắng, cột 1 ngang x 1 dọc hình chữ thập]",17,Công đoạn in cái (in thủ công),IN,INB060088INT.AQ34THAC341,"Bao PP-In, trắng tẩy, K60(+1/-0.5)x88LL(+/-1), TL: 104.96g/cái(+/-3.15), MK: AQUA FLOUR 34  - CODE 341 (2+1) (Mã: 5000620). [Tép 20 cái gấp 03, code ra ngoài]",Cái,KG,4000,419.84
SO2410-0004,TPH060085G102INT.GP105,"Bao TP-PP, trắng tẩy, K60x85LL, TL: 102g/cái, MK: GP - CODE 105 (1+0) (Mã: 5000642). [Tép 20 cái gấp 3 code ra ngoài.  Bó 05 tép.  Cột chữ thập, dây màu trắng (xám)]",17,Công đoạn in cái (in thủ công),IN,INB060085G102INT.GP105,"Bao PP-In, trắng tẩy, K60(+1/-0.5)x85LL(+/-1), TL: 101.13g/cái(+/-3), MK: GP- CODE 105 (1+0) (Mã: 5000642). [Tép 20 cái gấp 03, code ra ngoài]",CAI,KG,4000,404.52
SO2410-0004,TPH060085G102INT.WHGL248,"Bao TP-PP, trắng tẩy, K60x85LL, TL: 102g/cái, MK: WHITE GLOBE - CODE 248 (2+0) (Mã: 5000666). [Tép 20 cái gấp 3, code ra ngoài; Bó 5 tép, dây cột trắng, cột chữ thập]",17,Công đoạn in cái (in thủ công),IN,INB060085G102INT.WHGL248,"Bao PP-In, trắng tẩy, K60(+1/-0.5)x85LL(+/-1), TL: 101.13g/cái(+/-3), MK: WHITE GLOBE - CODE 248 (2+0) [Mã: 5000666]. [Tép 20 cái gấp 03, code ra ngoài]",CAI,KG,4000,404.52
SO2410-0004,TPH060085G102INT.WTSP057,"Bao TP-PP, trắng tẩy, K60x85LL, TL: 102g/cái, MK: WHITE TIGER (SP) - CODE 057 (2+0) (Mã: 5000668). [Tép 20 cái gấp 3, code ra ngoài; Bó 5 tép, dây cột trắng, cột chữ thập]",17,Công đoạn in cái (in thủ công),IN,INB060085G102INT.WTSP057,"Bao PP-In, trắng tẩy, K60x85LL, TL: 101.13g/cái, MK: MK: WHITE TIGER (SP) - CODE 057 (2+0) [Mã: 5000668]. [Tép 20 cái gấp 3, code ra ngoài]",Cái,KG,4000,404.52
SO2410-0004,TPH050077G077INT.REGL318,"Bao TP-PP, trắng tẩy, K50x77LL, TL: 77g/cái, MK: RED GLOBE (BAGUETTE) CODE 318 (2+0) (Mã: 5000595). [Tép 20 cái gấp 03, code ra ngoài. Bó = 05 tép. Dây cột màu trắng, cột 1 ngang x 1 dọc hình chữ thập]",17,Công đoạn in cái (in thủ công),IN,INB050077INT.REGL318,"Bao PP-In, trắng tẩy, K50x77LL, TL: 76.56g/cái, MK: RED GLOBE (BAGUETTE) CODE 318 (2+0) (Mã: 5000595). [Tép 20 cái gấp 3 code ra ngoài]",CAI,KG,5000,382.8
SO2410-0004,TPH050074G074INT.PIGL288,"Bao TP-PP, trắng tẩy, K50x74LL, TL: 74g/cái, MK: PINK GLOBE - CODE 288 (2+0) (Mã: 5000591). [Tép 20 cái gấp 03, code ra ngoài. Bó = 05 tép. Dây cột màu trắng, cột 1 ngang x 1 dọc hình chữ thập]",17,Công đoạn in cái (in thủ công),IN,INB050074INT.PIGL288,"Bao PP-In, trắng tẩy, K50x74LL, TL: 73.78g/cái, MK: PINK GLOBE - CODE 288 (2+0) [Mã: 5000591]. [Tép 20 cái gấp 3 code ra ngoài]",CAI,KG,5000,368.9
SO2410-0004,TPH050074G074INT.PIGL289,"Bao TP-PP, trắng tẩy, K50x74LL, TL: 74g/cái, MK: PINK GLOBE - CODE 289 (2+0) (Mã: 5000591). [Tép 20 cái gấp 03, code ra ngoài. Bó = 05 tép. Dây cột màu trắng, cột 1 ngang x 1 dọc hình chữ thập]",17,Công đoạn in cái (in thủ công),IN,INB050074INT.PIGL289,"Bao PP-In, trắng tẩy, K50x74LL, TL: 73.78g/cái, MK: PINK GLOBE - CODE 289 (2+0) [Mã: 5000591]. [Tép 20 cái gấp 3 code ra ngoài]",CAI,KG,5000,368.9
SO2410-0004,TPH050074G074INT.PIGL288,"Bao TP-PP, trắng tẩy, K50x74LL, TL: 74g/cái, MK: PINK GLOBE - CODE 288 (2+0) (Mã: 5000591). [Tép 20 cái gấp 03, code ra ngoài. Bó = 05 tép. Dây cột màu trắng, cột 1 ngang x 1 dọc hình chữ thập]",31,Công đoạn cột bao,TPH-1553,TPH050074G074INT.PIGL288,"Bao TP-PP, trắng tẩy, K50x74LL, TL: 74g/cái, MK: PINK GLOBE - CODE 288 (2+0) (Mã: 5000591). [Tép 20 cái gấp 03, code ra ngoài. Bó = 05 tép. Dây cột màu trắng, cột 1 ngang x 1 dọc hình chữ thập]",CAI,KG,5000,370
SO2410-0004,TPH050074G074INT.PIGL289,"Bao TP-PP, trắng tẩy, K50x74LL, TL: 74g/cái, MK: PINK GLOBE - CODE 289 (2+0) (Mã: 5000591). [Tép 20 cái gấp 03, code ra ngoài. Bó = 05 tép. Dây cột màu trắng, cột 1 ngang x 1 dọc hình chữ thập]",31,Công đoạn cột bao,TPH-1553,TPH050074G074INT.PIGL289,"Bao TP-PP, trắng tẩy, K50x74LL, TL: 74g/cái, MK: PINK GLOBE - CODE 289 (2+0) (Mã: 5000591). [Tép 20 cái gấp 03, code ra ngoài. Bó = 05 tép. Dây cột màu trắng, cột 1 ngang x 1 dọc hình chữ thập]",CAI,KG,5000,370
SO2410-0004,TPH050077G077INT.REGL318,"Bao TP-PP, trắng tẩy, K50x77LL, TL: 77g/cái, MK: RED GLOBE (BAGUETTE) CODE 318 (2+0) (Mã: 5000595). [Tép 20 cái gấp 03, code ra ngoài. Bó = 05 tép. Dây cột màu trắng, cột 1 ngang x 1 dọc hình chữ thập]",31,Công đoạn cột bao,TPH-1553,TPH050077G077INT.REGL318,"Bao TP-PP, trắng tẩy, K50x77LL, TL: 77g/cái, MK: RED GLOBE (BAGUETTE) CODE 318 (2+0) (Mã: 5000595). [Tép 20 cái gấp 03, code ra ngoài. Bó = 05 tép. Dây cột màu trắng, cột 1 ngang x 1 dọc hình chữ thập]",Cái,KG,5000,385
SO2410-0004,TPH060085G102INT.WTSP057,"Bao TP-PP, trắng tẩy, K60x85LL, TL: 102g/cái, MK: WHITE TIGER (SP) - CODE 057 (2+0) (Mã: 5000668). [Tép 20 cái gấp 3, code ra ngoài; Bó 5 tép, dây cột trắng, cột chữ thập]",31,Công đoạn cột bao,TPH-1553,TPH060085G102INT.WTSP057,"Bao TP-PP, trắng tẩy, K60x85LL, TL: 102g/cái, MK: WHITE TIGER (SP) - CODE 057 (2+0) (Mã: 5000668). [Tép 20 cái gấp 3, code ra ngoài; Bó 5 tép, dây cột trắng, cột chữ thập]",Cái,KG,4000,408
SO2410-0004,TPH060085G102INT.WHGL248,"Bao TP-PP, trắng tẩy, K60x85LL, TL: 102g/cái, MK: WHITE GLOBE - CODE 248 (2+0) (Mã: 5000666). [Tép 20 cái gấp 3, code ra ngoài; Bó 5 tép, dây cột trắng, cột chữ thập]",31,Công đoạn cột bao,TPH-1553,TPH060085G102INT.WHGL248,"Bao TP-PP, trắng tẩy, K60x85LL, TL: 102g/cái, MK: WHITE GLOBE - CODE 248 (2+0) (Mã: 5000666). [Tép 20 cái gấp 3, code ra ngoài; Bó 5 tép, dây cột trắng, cột chữ thập]",Cái,KG,4000,408
SO2410-0004,TPH060085G102INT.GP105,"Bao TP-PP, trắng tẩy, K60x85LL, TL: 102g/cái, MK: GP - CODE 105 (1+0) (Mã: 5000642). [Tép 20 cái gấp 3 code ra ngoài.  Bó 05 tép.  Cột chữ thập, dây màu trắng (xám)]",31,Công đoạn cột bao,TPH-1553,TPH060085G102INT.GP105,"Bao TP-PP, trắng tẩy, K60x85LL, TL: 102g/cái, MK: GP - CODE 105 (1+0) (Mã: 5000642). [Tép 20 cái gấp 3 code ra ngoài.  Bó 05 tép.  Cột chữ thập, dây màu trắng (xám)]",Cái,KG,4000,408
SO2410-0004,TPH060088INT.AQ34THAC341,"Bao TP-PP, trắng tẩy, K60x88LL, TL: 105g/cái, MK: AQUA FLOUR 34 - CODE 341 (2+1) (Mã: 5000620). [Tép 20 cái gấp 03, code ra ngoài. Bó = 05 tép. Dây cột màu trắng, cột 1 ngang x 1 dọc hình chữ thập]",31,Công đoạn cột bao,TPH-1553,TPH060088INT.AQ34THAC341,"Bao TP-PP, trắng tẩy, K60x88LL, TL: 105g/cái, MK: AQUA FLOUR 34 - CODE 341 (2+1) (Mã: 5000620). [Tép 20 cái gấp 03, code ra ngoài. Bó = 05 tép. Dây cột màu trắng, cột 1 ngang x 1 dọc hình chữ thập]",Cái,KG,4000,420
SO2410-0004,TPH050074G074INT.WGLB065,"Bao TP-PP, K50x74LL, TL: 74g/cái, MK: WHITE GLB PP 25KG - CODE 065 (Mã 5000608) (2+0) (Tép 20 cái gấp 03, code ra ngoài. Bó = 05 tép. Dây cột màu trắng, cột 1 ngang x 1 dọc hình chữ thập).",31,Công đoạn cột bao,TPH-1553,TPH050074G074INT.WGLB065,"Bao TP-PP, K50x74LL, TL: 74g/cái, MK: WHITE GLB PP 25KG - CODE 065 (Mã 5000608) (2+0) (Tép 20 cái gấp 03, code ra ngoài. Bó = 05 tép. Dây cột màu trắng, cột 1 ngang x 1 dọc hình chữ thập).",Cái,KG,5000,370
SO2410-0004,TPH050077G077INT.REGL317,"Bao TP-PP, trắng tẩy, K50x77LL, TL: 77g/cái, MK: RED GLOBE (BAGUETTE) CODE 317 (2+0) (Mã: 5000595). [Tép 20 cái gấp 03, code ra ngoài. Bó = 05 tép. Dây cột màu trắng, cột 1 ngang x 1 dọc hình chữ thập]",31,Công đoạn cột bao,TPH-1553,TPH050077G077INT.REGL317,"Bao TP-PP, trắng tẩy, K50x77LL, TL: 77g/cái, MK: RED GLOBE (BAGUETTE) CODE 317 (2+0) (Mã: 5000595). [Tép 20 cái gấp 03, code ra ngoài. Bó = 05 tép. Dây cột màu trắng, cột 1 ngang x 1 dọc hình chữ thập]",Cái,KG,5000,385
SO2410-0004,TPH050077G077INT.IFGP097,"Bao TP-PP, trắng tẩy, K50x77LL, TL: 77g/cái, MK: IFV-GP 25KG CODE 097 (1+0) (Mã: 5000563) . [Tép 20 cái gấp 3, code ra ngoài. Bó = 05 tép. Dây cột màu trắng, cột 1 ngang x 1 dọc hình chữ thập]",31,Công đoạn cột bao,TPH-1553,TPH050077G077INT.IFGP097,"Bao TP-PP, trắng tẩy, K50x77LL, TL: 77g/cái, MK: IFV-GP 25KG CODE 097 (1+0) (Mã: 5000563) . [Tép 20 cái gấp 3, code ra ngoài. Bó = 05 tép. Dây cột màu trắng, cột 1 ngang x 1 dọc hình chữ thập]",Cái,KG,5000,385
SO2410-0004,TPH050077G077INT.IFGP098,"Bao TP-PP, trắng tẩy, K50x77LL, TL: 77g/cái, MK: IFV-GP 25KG CODE 098 (1+0) (Mã: 5000563) . [Tép 20 cái gấp 3, code ra ngoài. Bó = 05 tép. Dây cột màu trắng, cột 1 ngang x 1 dọc hình chữ thập]",31,Công đoạn cột bao,TPH-1553,TPH050077G077INT.IFGP098,"Bao TP-PP, trắng tẩy, K50x77LL, TL: 77g/cái, MK: IFV-GP 25KG CODE 098 (1+0) (Mã: 5000563) . [Tép 20 cái gấp 3, code ra ngoài. Bó = 05 tép. Dây cột màu trắng, cột 1 ngang x 1 dọc hình chữ thập]",Cái,KG,5000,385
SO2410-0004,TPH060085G102INT.DFIN118,"Bao TP-PP, trắng tẩy, K60x85LL, TL: 102g/cái, MK: DFIN PP 40KG - CODE 118 (2+0) (Mã: 5000407). [Tép 20 cái gấp 3, code ra ngoài; Bó 5 tép, dây cột trắng, cột chữ thập]",31,Công đoạn cột bao,TPH-1553,TPH060085G102INT.DFIN118,"Bao TP-PP, trắng tẩy, K60x85LL, TL: 102g/cái, MK: DFIN PP 40KG - CODE 118 (2+0) (Mã: 5000407). [Tép 20 cái gấp 3, code ra ngoài; Bó 5 tép, dây cột trắng, cột chữ thập]",Cái,KG,2000,204
SO2410-0005,TPH050076G070TDLAH,"Bao TP-PP, trắng đục, K50x76LL (+/-1), TL: 70g/cái (+/-5%), Không in, đáy gấp 1 lần may 1 đường chỉ PP1200D. [EK: 500cái/kiện, MK nhận dạng bên ngoài, bắn đai 4 ngang x 1 dọc]",34,Công đoạn ép kiện,TPH-1553,TPH050076G070TDLAH,"Bao TP-PP, trắng đục, K50x76LL (+/-1), TL: 70g/cái (+/-5%), Không in, đáy gấp 1 lần may 1 đường chỉ PP1200D. [EK: 500cái/kiện, MK nhận dạng bên ngoài, bắn đai 4 ngang x 1 dọc]",CAI,KG,20,1.4
SO2410-0006,THACUASU114100100080TRDU,"Vải manh cuộn PP, K114.5cm, 10x10, caro láng, TL: 80.2g/m. [70gsm]",02,Công đoạn tạo sợi,TPH-1551,SOI-MTD-01,"Sợi PP, trắng đục, 760D, 2.47mm.",KG,KG,18277.20675,18277.20675
SO2410-0006,THACUASU094100100066TRDU,"Vải manh cuộn PP trắng đục, K94.0cm, 10x10, caro láng, TL: 65.8g/m. [70gsm] (5000m/cuộn)",02,Công đoạn tạo sợi,TPH-1551,SOI-MTD-01,"Sợi PP, trắng đục, 760D, 2.47mm.",KG,KG,83204.374,83204.374
SO2410-0006,THACUASU107100100075TRDU,"Vải manh cuộn PP trắng đục, K107.0cm, 10x10, caro láng, TL: 74.7g/m. [70gsm] (5000m/cuộn)",02,Công đoạn tạo sợi,TPH-1551,SOI-MTD-01,"Sợi PP, trắng đục, 760D, 2.47mm.",KG,KG,141687.6135,141687.6135
SO2410-0006,THACUASU101100100071TRDU,"Vải manh cuộn PP màu trắng đục, K101.5cm, 10x10, caro láng, TL: 71.1g/m. [800D; 70gsm] (5000m/cuộn)",02,Công đoạn tạo sợi,TPH-1551,SOI-MTD-01,"Sợi PP, trắng đục, 760D, 2.47mm.",KG,KG,3602.9925,3602.9925
SO2410-0006,THACUASU865100100060TRDU,"Vải manh cuộn PP màu trắng đục, K86.5cm, 10x10, caro láng, TL: 60.55g/m. [800D; 70gsm] (5000m/cuộn)",02,Công đoạn tạo sợi,TPH-1551,SOI-MTD-01,"Sợi PP, trắng đục, 760D, 2.47mm.",KG,KG,5902.624,5902.624
SO2410-0006,THACUASU117100100081TRDU,"Vải manh cuộn PP, K117.0cm, 10x10, caro láng, TL: 81.9g/m. [70gsm]",02,Công đoạn tạo sợi,TPH-1551,SOI-MTD-01,"Sợi PP, trắng đục, 760D, 2.47mm.",KG,KG,10375.70625,10375.70625
SO2410-0006,THACUASU094100100066TRDU,"Vải manh cuộn PP trắng đục, K94.0cm, 10x10, caro láng, TL: 65.8g/m. [70gsm] (5000m/cuộn)",03,Công đoạn dệt,TPH-1552,THACUASU094100100066TRDU,"Vải manh cuộn PP trắng đục, K94.0cm, 10x10, caro láng, TL: 65.8g/m. [70gsm] (5000m/cuộn)",M,KG,100000,6580
SO2410-0006,THACUASU107100100075TRDU,"Vải manh cuộn PP trắng đục, K107.0cm, 10x10, caro láng, TL: 74.7g/m. [70gsm] (5000m/cuộn)",03,Công đoạn dệt,TPH-1552,THACUASU107100100075TRDU,"Vải manh cuộn PP trắng đục, K107.0cm, 10x10, caro láng, TL: 74.7g/m. [70gsm] (5000m/cuộn)",M,KG,150000,11205
SO2410-0006,THACUASU117100100081TRDU,"Vải manh cuộn PP, K117.0cm, 10x10, caro láng, TL: 81.9g/m. [70gsm]",03,Công đoạn dệt,TPH-1552,THACUASU117100100081TRDU,"Vải manh cuộn PP, K117.0cm, 10x10, caro láng, TL: 81.9g/m. [70gsm]",M,KG,125000,10237.5
SO2410-0006,THACUASU101100100071TRDU,"Vải manh cuộn PP màu trắng đục, K101.5cm, 10x10, caro láng, TL: 71.1g/m. [800D; 70gsm] (5000m/cuộn)",03,Công đoạn dệt,TPH-1552,THACUASU101100100071TRDU,"Vải manh cuộn PP màu trắng đục, K101.5cm, 10x10, caro láng, TL: 71.1g/m. [800D; 70gsm] (5000m/cuộn)",M,KG,50000,3555
SO2410-0006,THACUASU114100100080TRDU,"Vải manh cuộn PP, K114.5cm, 10x10, caro láng, TL: 80.2g/m. [70gsm]",03,Công đoạn dệt,TPH-1552,THACUASU114100100080TRDU,"Vải manh cuộn PP, K114.5cm, 10x10, caro láng, TL: 80.2g/m. [70gsm]",M,KG,225000,18033.75
SO2410-0006,THACUASU865100100060TRDU,"Vải manh cuộn PP màu trắng đục, K86.5cm, 10x10, caro láng, TL: 60.55g/m. [800D; 70gsm] (5000m/cuộn)",03,Công đoạn dệt,TPH-1552,THACUASU865100100060TRDU,"Vải manh cuộn PP màu trắng đục, K86.5cm, 10x10, caro láng, TL: 60.55g/m. [800D; 70gsm] (5000m/cuộn)",M,KG,80000,4844
SO2410-0007,THACUASU114100100080TRDU,"Vải manh cuộn PP, K114.5cm, 10x10, caro láng, TL: 80.2g/m. [70gsm]",02,Công đoạn tạo sợi,TPH-1551,SOI-MTD-01,"Sợi PP, trắng đục, 760D, 2.47mm.",KG,KG,18277.20675,18277.20675
SO2410-0007,THACUASU117100100081TRDU,"Vải manh cuộn PP, K117.0cm, 10x10, caro láng, TL: 81.9g/m. [70gsm]",02,Công đoạn tạo sợi,TPH-1551,SOI-MTD-01,"Sợi PP, trắng đục, 760D, 2.47mm.",KG,KG,10375.70625,10375.70625
SO2410-0007,THACUASU117100100081TRDU,"Vải manh cuộn PP, K117.0cm, 10x10, caro láng, TL: 81.9g/m. [70gsm]",03,Công đoạn dệt,TPH-1552,THACUASU117100100081TRDU,"Vải manh cuộn PP, K117.0cm, 10x10, caro láng, TL: 81.9g/m. [70gsm]",M,KG,125000,10237.5
SO2410-0007,THACUASU114100100080TRDU,"Vải manh cuộn PP, K114.5cm, 10x10, caro láng, TL: 80.2g/m. [70gsm]",03,Công đoạn dệt,TPH-1552,THACUASU114100100080TRDU,"Vải manh cuộn PP, K114.5cm, 10x10, caro láng, TL: 80.2g/m. [70gsm]",M,KG,225000,18033.75
SO2410-0008,TPH055090G147TDLU.C300,"Bao TP-PP, trắng đục, K55.0x90PB(+/-1), lồng LDPE-K58x123x39g, TL: PP-108g + PE-39g = 147g/bộ, MK: C300 [Ép kiện: 300cái/kiện, bắn đai 3 ngang x 2 dọc]",02,Công đoạn tạo sợi,TPH-1551,SOI-LU-01,"Sợi PP, trắng đục, 1030D, bản sợi 2.45mm(4kgf).",KG,KG,732.444372,732.444372
SO2410-0008,TPH055090G147TDLU.C300,"Bao TP-PP, trắng đục, K55.0x90PB(+/-1), lồng LDPE-K58x123x39g, TL: PP-108g + PE-39g = 147g/bộ, MK: C300 [Ép kiện: 300cái/kiện, bắn đai 3 ngang x 2 dọc]",03,Công đoạn dệt,TPH-1552,THACALUI055105125114TRDU,"Cuộn PP, màu trắng đuc, K55cm (+/-0.5), MĐ: 10.5x12.5, TL: 113.85g/m (103.5gsm).",M,KG,6341.463876,721.9756623
SO2410-0008,TPH055090G147TDLU.C300,"Bao TP-PP, trắng đục, K55.0x90PB(+/-1), lồng LDPE-K58x123x39g, TL: PP-108g + PE-39g = 147g/bộ, MK: C300 [Ép kiện: 300cái/kiện, bắn đai 3 ngang x 2 dọc]",13,Công đoạn in cuộn,IN,THAIN055090TDLU.C300,"Cuộn PP-In, trắng đục, K55cm, MK: C300, TL: 108.01g/94cm.",Cái,KG,6726.06,726.4817406
SO2410-0008,TPH055090G147TDLU.C300,"Bao TP-PP, trắng đục, K55.0x90PB(+/-1), lồng LDPE-K58x123x39g, TL: PP-108g + PE-39g = 147g/bộ, MK: C300 [Ép kiện: 300cái/kiện, bắn đai 3 ngang x 2 dọc]",15,Công đoạn cắt may tự động,BAO,CMA055090G108TDLU.C300,"[Cắt, may đáy] Bao PP IN, màu trắng đục, khổ 55x90PB(+/-1), cắt thẳng dài 94cm, gấp đáy 1 lần may 2 đường chỉ PP900D,MK:  C300 , TL: 108.61gr/cái(+3).",Cái,KG,6600,716.826
SO2410-0008,TPH055090G147TDLU.C300,"Bao TP-PP, trắng đục, K55.0x90PB(+/-1), lồng LDPE-K58x123x39g, TL: PP-108g + PE-39g = 147g/bộ, MK: C300 [Ép kiện: 300cái/kiện, bắn đai 3 ngang x 2 dọc]",24,Công đoạn lồng bao,LOB,LOB-LD055090TDLU.C300,"[LỒNG BAO]Bao PP trắng đục K55x90PB, gấp đáy 1 lần may 2 đường 900D,TL PP: 108.61g/cái, lồng túi LDPE 58x123(+1/-0) TL túi 39gr (+/-1), tổng cộng 147.61 (gr/bộ), MK: C300",Bộ,KG,6600,974.226
SO2410-0008,TPH055090G147TDLU.C300,"Bao TP-PP, trắng đục, K55.0x90PB(+/-1), lồng LDPE-K58x123x39g, TL: PP-108g + PE-39g = 147g/bộ, MK: C300 [Ép kiện: 300cái/kiện, bắn đai 3 ngang x 2 dọc]",31,Công đoạn cột bao,BAO,COB055090G147TDLU.C300,"[Cột bao] Bao PP lồng PE, K55x90PB, TL: 147g/bộ, MK: C300. [Cột bao: 1 tép 50 cái gấp đôi, 1 xấp gồm 2 tép (100 cái) trở đầu, buột dây chữ thập]",Bộ,KG,6600,970.2
SO2410-0008,TPH055090G147TDLU.C300,"Bao TP-PP, trắng đục, K55.0x90PB(+/-1), lồng LDPE-K58x123x39g, TL: PP-108g + PE-39g = 147g/bộ, MK: C300 [Ép kiện: 300cái/kiện, bắn đai 3 ngang x 2 dọc]",34,Công đoạn ép kiện,TPH-1553,TPH055090G147TDLU.C300,"Bao TP-PP, trắng đục, K55.0x90PB(+/-1), lồng LDPE-K58x123x39g, TL: PP-108g + PE-39g = 147g/bộ, MK: C300 [Ép kiện: 300cái/kiện, bắn đai 3 ngang x 2 dọc]",Bộ,KG,6600,970.2
SO2410-0009,IN060XXXTTINT.XXXXXXX,"[SO tổng] Bao PP, trắng tẩy, K60cm, TL: 111g/m, bao đựng 40kg của Inter.",01,"Công đoạn tái chế (ó, tạo hạt)",SUI,SUI-TRANG,Sủi trắng,KG,KG,10520.512,10520.512
SO2410-0009,IN050XXXTTINT.XXXXXXX,"[SO tổng] Bao PP, trắng tẩy, K50cm, TL: 92g/m, bao đựng 25kg của Inter.",01,"Công đoạn tái chế (ó, tạo hạt)",SUI,SUI-TRANG,Sủi trắng,KG,KG,11201.328,11201.328
SO2410-0009,IN060XXXTTINT.XXXXXXX,"[SO tổng] Bao PP, trắng tẩy, K60cm, TL: 111g/m, bao đựng 40kg của Inter.",02,Công đoạn tạo sợi,TPH-1551,SOI-MK12-1,"Sợi PP, trắng tẩy, 950D, 2.5mm (cũ 970D, 2.60mm). (Dùng hạt tẩy OP10 - Đại Á)",KG,KG,83023.896,83023.896
SO2410-0009,IN050XXXTTINT.XXXXXXX,"[SO tổng] Bao PP, trắng tẩy, K50cm, TL: 92g/m, bao đựng 25kg của Inter.",02,Công đoạn tạo sợi,TPH-1551,SOI-MK12-1,"Sợi PP, trắng tẩy, 950D, 2.5mm (cũ 970D, 2.60mm). (Dùng hạt tẩy OP10 - Đại Á)",KG,KG,88396.632,88396.632
SO2410-0009,IN050XXXTTINT.XXXXXXX,"[SO tổng] Bao PP, trắng tẩy, K50cm, TL: 92g/m, bao đựng 25kg của Inter.",03,Công đoạn dệt,TPH-1552,THACAINT500105110092TRTA,"Cuộn PP, trắng tẩy, K50cm(+1/-0.5), MĐ: 10.5x11.0, TL: 92g/m(+/-3).",M,KG,947100,87133.2
SO2410-0009,IN060XXXTTINT.XXXXXXX,"[SO tổng] Bao PP, trắng tẩy, K60cm, TL: 111g/m, bao đựng 40kg của Inter.",03,Công đoạn dệt,TPH-1552,THACAINT600105110111TRTA,"Cuộn PP, trắng tẩy, K60cm(+1/-0.5), MĐ:10.5x11.0, TL: 111g/m(+/-3).",M,KG,738000,81918
SO2410-0009,IN060XXXTTINT.XXXXXXX,"[SO tổng] Bao PP, trắng tẩy, K60cm, TL: 111g/m, bao đựng 40kg của Inter.",17,Công đoạn in cái (in thủ công),TPH-1552,IN060XXXTTINT.XXXXXXX,"[SO tổng] Bao PP, trắng tẩy, K60cm, TL: 111g/m, bao đựng 40kg của Inter.",CAI,CAI,800000,800000
SO2410-0009,IN050XXXTTINT.XXXXXXX,"[SO tổng] Bao PP, trắng tẩy, K50cm, TL: 92g/m, bao đựng 25kg của Inter.",17,Công đoạn in cái (in thủ công),IN,IN050XXXTTINT.XXXXXXX,"[SO tổng] Bao PP, trắng tẩy, K50cm, TL: 92g/m, bao đựng 25kg của Inter.",CAI,CAI,1200000,1200000
SO2410-0010,TPH595920G112MEK.CHD,"Bao TP-PP, trắng tẩy, K59.5x92.0PB (cm), TL: 112.0 (±3.0)g/cái, MK: Bột mì chuyên dụng-40KG; Đóng gói: 10 cái/xấp, gấp lại làm 3, 1 bó 10 xấp, dùng dây nilong buột chữ thập, marka hướng ra ngoài, bỏ vào túi HDPE, dán tem nhận diện bên ngoài",01,"Công đoạn tái chế (ó, tạo hạt)",SUI,SUI-TRANG,Sủi trắng,KG,KG,2258.56764,2258.56764
SO2410-0010,TPH595920G112MEK.CHD,"Bao TP-PP, trắng tẩy, K59.5x92.0PB (cm), TL: 112.0 (±3.0)g/cái, MK: Bột mì chuyên dụng-40KG; Đóng gói: 10 cái/xấp, gấp lại làm 3, 1 bó 10 xấp, dùng dây nilong buột chữ thập, marka hướng ra ngoài, bỏ vào túi HDPE, dán tem nhận diện bên ngoài",02,Công đoạn tạo sợi,TPH-1551,SOI-MK12-3,"Sợi PP, trắng tẩy, 950D, 2.5mm. (Dùng hạt tẩy OP10 - Đại Á)",KG,KG,7238.74347,7238.74347
SO2410-0010,TPH595920G112MEK.CHD,"Bao TP-PP, trắng tẩy, K59.5x92.0PB (cm), TL: 112.0 (±3.0)g/cái, MK: Bột mì chuyên dụng-40KG; Đóng gói: 10 cái/xấp, gấp lại làm 3, 1 bó 10 xấp, dùng dây nilong buột chữ thập, marka hướng ra ngoài, bỏ vào túi HDPE, dán tem nhận diện bên ngoài",03,Công đoạn dệt,TPH-1552,THACAMEK595100110116TRDU,"Vải cuộn PP trắng đục có tẩy khổ 59.5cm, MĐ: 10.0x11.0, dọc: caro khít, ngang: 2x1; TL: 116.3g/m",M,KG,62966.78514,7142.322438
SO2410-0010,TPH595920G112MEK.CHD,"Bao TP-PP, trắng tẩy, K59.5x92.0PB (cm), TL: 112.0 (±3.0)g/cái, MK: Bột mì chuyên dụng-40KG; Đóng gói: 10 cái/xấp, gấp lại làm 3, 1 bó 10 xấp, dùng dây nilong buột chữ thập, marka hướng ra ngoài, bỏ vào túi HDPE, dán tem nhận diện bên ngoài",07,Công đoạn thổi túi (HDPE - LDPE-LLDPE),TPH-1558,HDPE550265TD,"Cuộn HDPE, K55.0cm, 26.5g/m, 25.0mic, trắng đục.(Cắt túi)",M,KG,661.83075,17.5385149
SO2410-0010,TPH595920G112MEK.CHD,"Bao TP-PP, trắng tẩy, K59.5x92.0PB (cm), TL: 112.0 (±3.0)g/cái, MK: Bột mì chuyên dụng-40KG; Đóng gói: 10 cái/xấp, gấp lại làm 3, 1 bó 10 xấp, dùng dây nilong buột chữ thập, marka hướng ra ngoài, bỏ vào túi HDPE, dán tem nhận diện bên ngoài",08,Công đoạn cắt PE,BAO,HDPE055102G028TT.MEK,"Túi HDPE trong, K55(+/-0.5)x102LL(+/-0.5)(cm), cắt dài 103.5cm, đường hàn cách đáy  1.5cm TL: 28(+/-1)gr/cái",Cái,KG,630,17.64
SO2410-0010,TPH595920G112MEK.CHD,"Bao TP-PP, trắng tẩy, K59.5x92.0PB (cm), TL: 112.0 (±3.0)g/cái, MK: Bột mì chuyên dụng-40KG; Đóng gói: 10 cái/xấp, gấp lại làm 3, 1 bó 10 xấp, dùng dây nilong buột chữ thập, marka hướng ra ngoài, bỏ vào túi HDPE, dán tem nhận diện bên ngoài",13,Công đoạn in cuộn,IN,THAINMEK595950TD.CHD,"Cuộn PP-In, trắng tẩy, K59.5cm, TL: 111.3g/95.0cm; MK: Bột mì chuyên dụng-40KG",Cái,KG,64215.9,7147.22967
SO2410-0010,TPH595920G112MEK.CHD,"Bao TP-PP, trắng tẩy, K59.5x92.0PB (cm), TL: 112.0 (±3.0)g/cái, MK: Bột mì chuyên dụng-40KG; Đóng gói: 10 cái/xấp, gấp lại làm 3, 1 bó 10 xấp, dùng dây nilong buột chữ thập, marka hướng ra ngoài, bỏ vào túi HDPE, dán tem nhận diện bên ngoài",15,Công đoạn cắt may tự động,BAO,CMA595920TDMEK.CHD,"Bao PP, trắng tẩy có in, K59.5x92.0PB (cm), cắt thẳng 95.0cm, đáy 1 lần/2 đường PP900D trắng, TL: 112.0gr/cái; MK: Bột mì chuyên dụng-40KG",Cái,KG,63000,7056
SO2410-0010,TPH595920G112MEK.CHD,"Bao TP-PP, trắng tẩy, K59.5x92.0PB (cm), TL: 112.0 (±3.0)g/cái, MK: Bột mì chuyên dụng-40KG; Đóng gói: 10 cái/xấp, gấp lại làm 3, 1 bó 10 xấp, dùng dây nilong buột chữ thập, marka hướng ra ngoài, bỏ vào túi HDPE, dán tem nhận diện bên ngoài",25,Công đoạn xếp bao,BAO,XEB595920G112TDMEK.CHD,"[Xếp bao] Bao TP-PP, trắng tẩy, K59.5x92.0PB (cm), TL: 112.0 (±3.0)g/cái, MK: Bột mì chuyên dụng-40KG, xếp 10 cái/xấp, gấp lại làm 3, marka hướng ra ngoài",Cái,KG,63000,7056
SO2410-0010,TPH595920G112MEK.CHD,"Bao TP-PP, trắng tẩy, K59.5x92.0PB (cm), TL: 112.0 (±3.0)g/cái, MK: Bột mì chuyên dụng-40KG; Đóng gói: 10 cái/xấp, gấp lại làm 3, 1 bó 10 xấp, dùng dây nilong buột chữ thập, marka hướng ra ngoài, bỏ vào túi HDPE, dán tem nhận diện bên ngoài",31,Công đoạn cột bao,BAO,COB595920G112TDMEK.CHD,"[Cột bao] Bao TP-PP, trắng tẩy, K59.5x92.0PB (cm), TL: 112.0 (±3.0)g/cái, MK: Bột mì chuyên dụng-40KG, cột 1 bó 10 xấp (100 cái), dùng dây nilong buột chữ thập, marka hướng ra ngoài",Cái,KG,63000,7056
SO2410-0010,TPH595920G112MEK.CHD,"Bao TP-PP, trắng tẩy, K59.5x92.0PB (cm), TL: 112.0 (±3.0)g/cái, MK: Bột mì chuyên dụng-40KG; Đóng gói: 10 cái/xấp, gấp lại làm 3, 1 bó 10 xấp, dùng dây nilong buột chữ thập, marka hướng ra ngoài, bỏ vào túi HDPE, dán tem nhận diện bên ngoài",33,Công đoạn đóng gói,BAO,TPH595920G112MEK.CHD,"Bao TP-PP, trắng tẩy, K59.5x92.0PB (cm), TL: 112.0 (±3.0)g/cái, MK: Bột mì chuyên dụng-40KG; Đóng gói: 10 cái/xấp, gấp lại làm 3, 1 bó 10 xấp, dùng dây nilong buột chữ thập, marka hướng ra ngoài, bỏ vào túi HDPE, dán tem nhận diện bên ngoài",Cái,KG,63000,7056
Tổng cộng:,,,,,,,,,,9977732.853,3108329.848
