Ngày,Số chứng từ,Đơn hàng bán,Khách hàng,Diễn giải,Vật tư,Tên vật tư,Đơn vị tính 1,Só lượng (1),Số lượng (2),Đơn vị tính 2
10/1/2024,SIM10/24-001,SO2409-0032,CÔNG TY TNHH INTERFLOUR VIỆT NAM,"Xk bán hàng ngày 01/10/2024, XE 50H-213.01",TPH075112G119INT.CAMI026,"Bao TP-PP, trắng tẩy, K75.0x112.0LL, TL: 119.0g/cái, MK: CÁM MÌ POLLARD - CODE 026 (1+0) (Mã: 5000673). [Tép 20 cái gấp 4, code ra ngoài; Bó = 5 tép, cột dây hai đầu màu trắng]",Cái,5000,584.5,KG
10/1/2024,SIM10/24-001,SO2409-0032,CÔNG TY TNHH INTERFLOUR VIỆT NAM,"Xk bán hàng ngày 01/10/2024, XE 50H-213.01",TPH075112G119INT.CAMI027,"Bao TP-PP, trắng tẩy, K75.0x112.0LL, TL: 119.0g/cái, MK: CÁM MÌ POLLARD - CODE 027 (1+0) (Mã: 5000673). [Tép 20 cái gấp 4, code ra ngoài; Bó = 5 tép, cột dây hai đầu màu trắng]",Cái,5000,582.5,KG
10/1/2024,SIM10/24-001,SO2409-0032,CÔNG TY TNHH INTERFLOUR VIỆT NAM,"Xk bán hàng ngày 01/10/2024, XE 50H-213.01",TPH075112G119INT.CAMI028,"Bao TP-PP, trắng tẩy, K75.0x112.0LL, TL: 119.0g/cái, MK: CÁM MÌ POLLARD - CODE 028 (1+0) (Mã: 5000673). [Tép 20 cái gấp 4, code ra ngoài; Bó = 5 tép, cột dây hai đầu màu trắng]",Cái,5000,587.5,KG
10/1/2024,SIM10/24-001,SO2409-0032,CÔNG TY TNHH INTERFLOUR VIỆT NAM,"Xk bán hàng ngày 01/10/2024, XE 50H-213.01",TPH075112G119INT.CAMI029,"Bao TP-PP, trắng tẩy, K75.0x112.0LL, TL: 119.0g/cái, MK: CÁM MÌ POLLARD - CODE 029 (1+0) (Mã: 5000673). [Tép 20 cái gấp 4, code ra ngoài; Bó = 5 tép, cột dây hai đầu màu trắng]",Cái,5000,593.5,KG
10/1/2024,SIM10/24-001,SO2409-0032,CÔNG TY TNHH INTERFLOUR VIỆT NAM,"Xk bán hàng ngày 01/10/2024, XE 50H-213.01",TPH075112G119INT.CAMI030,"Bao TP-PP, trắng tẩy, K75.0x112.0LL, TL: 119.0g/cái, MK: CÁM MÌ POLLARD - CODE 030 (1+0) (Mã: 5000673). [Tép 20 cái gấp 4, code ra ngoài; Bó = 5 tép, cột dây hai đầu màu trắng]",Cái,5000,590.5,KG
10/1/2024,SIM10/24-002,SO2409-0014,CÔNG TY TNHH CHẾ BIẾN BỘT MỲ MÊ KÔNG,"Xk bán hàng ngày 01/10/2024, XE 50H-213.01",TPH495805G079MEK.CHD,"Bao TP-PP, trắng tẩy, K49.5x80.5PB (cm), TL: 79.0 (±3.0)g/cái, MK: Chuyên dụng - 25KG [Đóng gói: 10 cái/xấp, gấp lại làm 3, 1 bó 10 xấp, dùng dây nilong buột chữ thập, marka hướng ra ngoài]",Cái,5000,391.5,KG
10/1/2024,SIM10/24-002,SO2407-0013,CÔNG TY TNHH CHẾ BIẾN BỘT MỲ MÊ KÔNG,"Xk bán hàng ngày 01/10/2024, XE 50H-213.01",TPH495805G079MEK.MK5,"Bao TP-PP, trắng tẩy, K49.5x80.5PB (cm), TL: 79.0 (±3.0)g/cái, MK: MK5 - 25KG [Đóng gói: 10 cái/xấp, gấp lại làm 3, 1 bó 10 xấp, dùng dây nilong buột chữ thập, marka hướng ra ngoài]",Cái,5000,392.5,KG
10/1/2024,SIM10/24-002,SO2404-0006,CÔNG TY TNHH CHẾ BIẾN BỘT MỲ MÊ KÔNG,"Xk bán hàng ngày 01/10/2024, XE 50H-213.01",TPH595920G112MEK.CF,"Bao TP-PP, trắng tẩy, K59.5x92.0PB (cm), TL: 112.0 (±3.0)g/cái, MK: CF - 40KG [Đóng gói: 10 cái/xấp, gấp lại làm 3, 1 bó 10 xấp, dùng dây nilong buột chữ thập, marka hướng ra ngoài, bỏ vào túi HDPE, dán tem nhận diện]",Cái,7900,869.5,KG
10/1/2024,SIM10/24-002,SO2407-0013,CÔNG TY TNHH CHẾ BIẾN BỘT MỲ MÊ KÔNG,"Xk bán hàng ngày 01/10/2024, XE 50H-213.01",TPH595920G112MEK.CF,"Bao TP-PP, trắng tẩy, K59.5x92.0PB (cm), TL: 112.0 (±3.0)g/cái, MK: CF - 40KG [Đóng gói: 10 cái/xấp, gấp lại làm 3, 1 bó 10 xấp, dùng dây nilong buột chữ thập, marka hướng ra ngoài, bỏ vào túi HDPE, dán tem nhận diện]",Cái,2100,235.2,KG
10/1/2024,SIM10/24-002,SO2407-0013,CÔNG TY TNHH CHẾ BIẾN BỘT MỲ MÊ KÔNG,"Xk bán hàng ngày 01/10/2024, XE 50H-213.01",TPH595920G112MEK.CF,"Bao TP-PP, trắng tẩy, K59.5x92.0PB (cm), TL: 112.0 (±3.0)g/cái, MK: CF - 40KG [Đóng gói: 10 cái/xấp, gấp lại làm 3, 1 bó 10 xấp, dùng dây nilong buột chữ thập, marka hướng ra ngoài, bỏ vào túi HDPE, dán tem nhận diện]",Cái,3000,339.2,KG
10/1/2024,SIM10/24-003,SO2409-0058,CÔNG TY CỔ PHẦN BAO BÌ LOUIS,"Xk bán hàng ngày 01/10/2024, XE 60H-059.23",TPH055090G144TDLU2.YR20,"Bao TP-PP, trắng đục, dệt 5x1, K55.0x90PB(+/-1), lồng LDPE-K58x113x36g, TL: PP-108g + PE-36g = 144g/bộ, MK: Yuri 20  [Ép kiện: 300cái/kiện, bắn đai 3 ngang x 2 dọc]",Bộ,1500,215.8,KG
10/1/2024,SIM10/24-003,SO2409-0028,CÔNG TY CỔ PHẦN BAO BÌ LOUIS,"Xk bán hàng ngày 01/10/2024, XE 60H-059.23",TPH055090G147TDLU.T301,"Bao TP-PP, trắng đục, K55.0x90PB(+/-1), lồng LDPE-K58x123x39g, TL: PP-108g + PE-39g = 147g/bộ, MK: T301 [Ép kiện: 300cái/kiện, bắn đai 3 ngang x 2 dọc]",Bộ,20274,2993.3,KG
10/2/2024,SIM10/24-004,SO2409-0014,CÔNG TY TNHH CHẾ BIẾN BỘT MỲ MÊ KÔNG,"Xk bán hàng ngày 02/10/2024, XE 51C-672.66",TPH495805G079MEK.CHD,"Bao TP-PP, trắng tẩy, K49.5x80.5PB (cm), TL: 79.0 (±3.0)g/cái, MK: Chuyên dụng - 25KG [Đóng gói: 10 cái/xấp, gấp lại làm 3, 1 bó 10 xấp, dùng dây nilong buột chữ thập, marka hướng ra ngoài]",Cái,14700,1160.5,KG
10/2/2024,SIM10/24-004,SO2407-0013,CÔNG TY TNHH CHẾ BIẾN BỘT MỲ MÊ KÔNG,"Xk bán hàng ngày 02/10/2024, XE 51C-672.66",TPH495805G079MEK.MK5,"Bao TP-PP, trắng tẩy, K49.5x80.5PB (cm), TL: 79.0 (±3.0)g/cái, MK: MK5 - 25KG [Đóng gói: 10 cái/xấp, gấp lại làm 3, 1 bó 10 xấp, dùng dây nilong buột chữ thập, marka hướng ra ngoài]",Cái,15000,1177.5,KG
10/2/2024,SIM10/24-004,SO2407-0013,CÔNG TY TNHH CHẾ BIẾN BỘT MỲ MÊ KÔNG,"Xk bán hàng ngày 02/10/2024, XE 51C-672.66",TPH595920G112MEK.CF,"Bao TP-PP, trắng tẩy, K59.5x92.0PB (cm), TL: 112.0 (±3.0)g/cái, MK: CF - 40KG [Đóng gói: 10 cái/xấp, gấp lại làm 3, 1 bó 10 xấp, dùng dây nilong buột chữ thập, marka hướng ra ngoài, bỏ vào túi HDPE, dán tem nhận diện]",Cái,17000,1905,KG
10/2/2024,SIM10/24-005,SO2409-0046,CÔNG TY TNHH INTERFLOUR VIỆT NAM,"Xk bán hàng ngày 02/10/2024, XE 51C-672.66",TPH060085G102INT.DFIN117,"Bao TP-PP, trắng tẩy, K60x85LL, TL: 102g/cái, MK: DFIN PP 40KG - CODE 117 (2+0) (Mã: 5000407). [Tép 20 cái gấp 3, code ra ngoài; Bó 5 tép, dây cột trắng, cột chữ thập]",Cái,2000,207.5,KG
10/2/2024,SIM10/24-005,SO2409-0046,CÔNG TY TNHH INTERFLOUR VIỆT NAM,"Xk bán hàng ngày 02/10/2024, XE 51C-672.66",TPH060085G102INT.REGL103,"Bao TP-PP, trắng tẩy, K60x85LL, TL: 102g/cái, MK: RED GLOBE (BAGUETTE) - CODE 103 (2+0) (Mã: 5000654). [Tép 20 cái gấp 03, code ra ngoài. Bó = 05 tép. Dây cột màu trắng, cột 1 ngang x 1 dọc hình chữ thập]",Cái,4000,405.5,KG
10/2/2024,SIM10/24-005,SO2409-0046,CÔNG TY TNHH INTERFLOUR VIỆT NAM,"Xk bán hàng ngày 02/10/2024, XE 51C-672.66",TPH060088G105INTAQ36132,"Bao TP-PP, trắng tẩy, K60x88LL, TL: 105g/cái, MK: AQUA FLOUR 36 - CODE 132 (2+1) (Mã: 5000622). [Tép 20 cái gấp 03, code ra ngoài. Bó = 05 tép. Dây cột màu trắng, cột 1 ngang x 1 dọc hình chữ thập]",Cái,4000,417.5,KG
10/2/2024,SIM10/24-006,SO2408-0017,ENCORE LAMI SDN BHD. Oshi,Xk bán hàng ngày 02/10/2024;Số cont 20' : GLDU9748571 ;Số seal : EMCKPX6064; INV: 250,0102107006000000,"Vải manh cuộn PP, trắng đục, K119cm, MĐ: 7x7, 900D, caro láng, TL: 68.0g/m. [5000m/cuộn]/THACUECL119070070068TRDU",M,160000,10730.5,KG
10/2/2024,SIM10/24-006,SO2408-0017,ENCORE LAMI SDN BHD. Oshi,Xk bán hàng ngày 02/10/2024;Số cont 20' : GLDU9748571 ;Số seal : EMCKPX6064; INV: 250,0102107008000000,"Vải manh cuộn PP, trắng đục, K120cm, MĐ: 7x7, 900D, caro láng, TL: 68.6g/m. [5000m/cuộn]/THACUECL120070070686TRDU",M,20000,1341,KG
10/2/2024,SIM10/24-007,SO2403-0038,CÔNG TY TNHH LUCKY STAR PLAST,"Xuất bán lucky 1 cont 30 tấn, giao trực tiếp không qua nhà máy.",HAT-PPKC-P400S,Hạt nhựa PP kéo sợi -P400S,KG,30000,30000,KG
10/2/2024,SIM10/24-008,SO2407-0025,TAUPLENE INDUSTRIES SDN. BHD,Xk bán hàng ngày 02/10/2024;Số cont 40' : CAIU7009022 ;Số seal : FX34943106; INV: 251,THACUTAU127080080078TRDU,"Vải manh cuộn PP, trắng đục, K127.0cm, MĐ: 8.0x8.0, TL: 78.0g/m (61.4gsm)./THACUTAU127080080078TRDU",M,228398,17514,KG
10/2/2024,SIM10/24-008,SO2407-0025,TAUPLENE INDUSTRIES SDN. BHD,Xk bán hàng ngày 02/10/2024;Số cont 40' : CAIU7009022 ;Số seal : FX34943106; INV: 251,THACUTAU580080080075TRDU,"Vải cuộn PP dệt lồng HDPE, trắng đục, K58.0cm, MĐ: 8.0x8.0, TL: 75(PP) + 25(PE) = 100g/m.",M,75210,7463,KG
10/3/2024,SIM10/24-009,SO2409-0056,CÔNG TY TNHH INTERFLOUR VIỆT NAM,"Xk bán hàng ngày 03/10/2024, XE 51C-672.66",TPH060096G115INT.FL.111,"Bao TP-PP, trắng tẩy, K60x96LL, TL: 115g/cái, MK: FEED FLOUR - CODE 111 (1+1) (Mã: 5001350). (Tép 20 cái gấp 03, code ra ngoài. Bó = 05 tép. Dây cột màu trắng, cột 1 ngang x 1 dọc hình chữ thập)",Cái,4000,454.5,KG
10/3/2024,SIM10/24-010,SO2409-0054,CÔNG TY TNHH CHẾ BIẾN BỘT MỲ MÊ KÔNG,"Xk bán hàng ngày 03/10/2024, XE 51C-672.66",TPH495805G079MEK.SAB,"Bao TP-PP, trắng tẩy, K49.5x80.5PB (cm), TL: 79.0 (±3.0)g/cái, MK: SAB-25KG [Đóng gói: 10 cái/xấp, gấp lại làm 3, 1 bó 10 xấp, dùng dây nilong buột chữ thập, marka hướng ra ngoài]",Cái,15000,1159.5,KG
10/3/2024,SIM10/24-010,SO2407-0013,CÔNG TY TNHH CHẾ BIẾN BỘT MỲ MÊ KÔNG,"Xk bán hàng ngày 03/10/2024, XE 51C-672.66",TPH595920G112MEK.CF,"Bao TP-PP, trắng tẩy, K59.5x92.0PB (cm), TL: 112.0 (±3.0)g/cái, MK: CF - 40KG [Đóng gói: 10 cái/xấp, gấp lại làm 3, 1 bó 10 xấp, dùng dây nilong buột chữ thập, marka hướng ra ngoài, bỏ vào túi HDPE, dán tem nhận diện]",Cái,30000,3295,KG
10/3/2024,SIM10/24-011,SO2409-0028,CÔNG TY CỔ PHẦN BAO BÌ LOUIS,"Xk bán hàng ngày 03/10/2024, XE 50H-349.36",TPH055090G147TDLU.T201,"Bao TP-PP, trắng đục, K55.0x90PB(+/-1), lồng LDPE-K58x123x39g, TL: PP-108g + PE-39g = 147g/bộ, MK: T201 [Ép kiện: 300cái/kiện, bắn đai 3 ngang x 2 dọc]",Bộ,18000,2636.3,KG
10/3/2024,SIM10/24-012,SO2407-0070,HANWA CO.. LTD,Xk bán hàng ngày 03/10/2024;Số cont 20' : IAAU2850013 ;Số seal : IAAH179806; INV: 252,0119111008013000,"HK4(S) Bao TP-PP, trắng đục, tráng ngoài, K68x126PB, TL: 158g/cái, MK: 150Ø x 90° 10PCS.",CAI,19650,3098.7,KG
10/3/2024,SIM10/24-012,SO2407-0070,HANWA CO.. LTD,Xk bán hàng ngày 03/10/2024;Số cont 20' : IAAU2850013 ;Số seal : IAAH179806; INV: 252,0119111008014000,"HK5(S) Bao TP-PP, trắng đục, tráng ngoài, K68x126PB, TL: 158g/cái, MK: 150Ø x 45° 15PCS.",CAI,15090,2367.9,KG
10/3/2024,SIM10/24-012,SO2407-0070,HANWA CO.. LTD,Xk bán hàng ngày 03/10/2024;Số cont 20' : IAAU2850013 ;Số seal : IAAH179806; INV: 252,0119111009015000,"HK1(S) Bao TP-PP, trắng đục, tráng ngoài, K73x126PB, TL: 170g/cái, MK: 100Ø x 90° 30PCS.",CAI,10125,1718.2,KG
10/3/2024,SIM10/24-012,SO2407-0070,HANWA CO.. LTD,Xk bán hàng ngày 03/10/2024;Số cont 20' : IAAU2850013 ;Số seal : IAAH179806; INV: 252,0119111011000000,"HK9(L) Bao TP-PP, trắng đục, tráng ngoài, K81x140PB, TL: 209g/cái.",CAI,5078,1090.6,KG
10/3/2024,SIM10/24-012,SO2407-0070,HANWA CO.. LTD,Xk bán hàng ngày 03/10/2024;Số cont 20' : IAAU2850013 ;Số seal : IAAH179806; INV: 252,TPH073126G170VATHWHK11-1,"Bao TP-PP, màu vàng, tráng ngoài, K73x126PB, TL: 170g/cái, MK: ニップル Ø100 60pcs. [HK11-1 (Y-S-100-60)] [EK: Tép 25 cái gấp 4, MK ra ngoài, bó 4 tép cột dây màu trắng hai đầu cho vào bao màu trắng. Kiện 500cái/3 đai ngang/dán tem bên hông từng bao/có M",CAI,5095,827.5,KG
10/3/2024,SIM10/24-012,SO2407-0070,HANWA CO.. LTD,Xk bán hàng ngày 03/10/2024;Số cont 20' : IAAU2850013 ;Số seal : IAAH179806; INV: 252,TPH073126G170VATHWHK11-2,"Bao TP-PP, màu vàng, tráng ngoài, K73x126PB, TL: 170g/cái, MK: ニップル Ø150 30pcs. [HK11-2 (Y-S-150-30)] [EK: Tép 25 cái gấp 4, MK ra ngoài, bó 4 tép cột dây màu trắng hai đầu cho vào bao màu trắng. Kiện 500cái/3 đai ngang/dán tem bên hông từng bao/có M",CAI,5061,821.8,KG
10/3/2024,SIM10/24-012,SO2407-0070,HANWA CO.. LTD,Xk bán hàng ngày 03/10/2024;Số cont 20' : IAAU2850013 ;Số seal : IAAH179806; INV: 252,TPH073126TDHAW.HK2(S),"HK2(S) Bao TP-PP, trắng đục tráng ngoài, K73x126PB, TL: 170g/cái, MK: 100Ø x 45° 40pcs. [EK: Tép 25 cái gấp 4, MK ra ngoài, bó 4 tép cột dây màu trắng hai đầu cho vào bao màu trắng. Kiện 500cái/3 đai ngang/dán tem bên hông từng bao/có MK ra ngoài]",CAI,5085,854.3,KG
10/4/2024,SIM10/24-013,SO2408-0056,Halston Polyfabs Ltd (BONA VENTURES PTE LTD),Xk bán hàng ngày 04/10/2024;Số cont 40' : YMLU8626150 ;Số seal : YMAR977889; INV: 253,0102109008000000,"Vải cuộn PP, trắng đục, K58.5cm, MĐ: 10.0x10.0, dệt xếp, TL: 82.0g/m./THACUHAL585100100082TRDU",M,59685,4876,KG
10/4/2024,SIM10/24-013,SO2408-0001,Halston Polyfabs Ltd (BONA VENTURES PTE LTD),Xk bán hàng ngày 04/10/2024;Số cont 40' : YMLU8626150 ;Số seal : YMAR977889; INV: 253,0102109009000000,"Vải cuộn PP, trắng đục, K58.5cm, MĐ: 13.0x13.0, 900D, TL: 120.0g/m.THACUHAL585130130120TRDU",M,30210,3647,KG
10/4/2024,SIM10/24-013,SO2408-0050,Halston Polyfabs Ltd (BONA VENTURES PTE LTD),Xk bán hàng ngày 04/10/2024;Số cont 40' : YMLU8626150 ;Số seal : YMAR977889; INV: 253,0102109015000000,"Vải cuộn PP, trắng đục, K74.0cm , MĐ: 11x11.5, 900D, TL: 133g/m./THACUHAL740110115133TRDU",M,37393,4873,KG
10/4/2024,SIM10/24-013,SO2409-0001,Halston Polyfabs Ltd (BONA VENTURES PTE LTD),Xk bán hàng ngày 04/10/2024;Số cont 40' : YMLU8626150 ;Số seal : YMAR977889; INV: 253,0102109030000000,"Vải cuộn PP, hấp PE bên trong, trắng trong, K58.5cm, TL: 100g/m. [850D, 8.0x8.0, 20micron]/HAPHAL585100TRTR",M,119398,11787.5,KG
10/4/2024,SIM10/24-014,SO2409-0062,CÔNG TY TNHH SAMHO,"Xk bán hàng ngày 04/10/2024, XE 54Y-8359",01JBO-SH9090110-WHITE-PR,"Bao Jumbo màu trắng 90x90x110- quai U, thân ráp UI,  nắp túm, đáy xã, tráng trong (lami in), có in, MK: ZINC- TL1.9kg/cái",CAI,200,396.3,KG
10/5/2024,SIM10/24-015,SO2409-0056,CÔNG TY TNHH INTERFLOUR VIỆT NAM,"Xk bán hàng ngày 05/10/2024, XE 51Y-672.66",TPH060096G115INT.FL.112,"Bao TP-PP, trắng tẩy, K60x96LL, TL: 115g/cái, MK: FEED FLOUR - CODE 112 (1+1) (Mã: 5001350). (Tép 20 cái gấp 03, code ra ngoài. Bó = 05 tép. Dây cột màu trắng, cột 1 ngang x 1 dọc hình chữ thập)",Cái,4000,452.5,KG
10/5/2024,SIM10/24-015,SO2409-0032,CÔNG TY TNHH INTERFLOUR VIỆT NAM,"Xk bán hàng ngày 05/10/2024, XE 51Y-672.66",TPH075112G119INT.CAMI031,"Bao TP-PP, trắng tẩy, K75.0x112.0LL, TL: 119.0g/cái, MK: CÁM MÌ POLLARD - CODE 031 (1+0) (Mã: 5000673). [Tép 20 cái gấp 4, code ra ngoài; Bó = 5 tép, cột dây hai đầu màu trắng]",Cái,5000,588.5,KG
10/5/2024,SIM10/24-015,SO2409-0032,CÔNG TY TNHH INTERFLOUR VIỆT NAM,"Xk bán hàng ngày 05/10/2024, XE 51Y-672.66",TPH075112G119INT.CAMI032,"Bao TP-PP, trắng tẩy, K75.0x112.0LL, TL: 119.0g/cái, MK: CÁM MÌ POLLARD - CODE 032 (1+0) (Mã: 5000673). [Tép 20 cái gấp 4, code ra ngoài; Bó = 5 tép, cột dây hai đầu màu trắng]",Cái,5000,582.5,KG
10/5/2024,SIM10/24-015,SO2409-0032,CÔNG TY TNHH INTERFLOUR VIỆT NAM,"Xk bán hàng ngày 05/10/2024, XE 51Y-672.66",TPH075112G119INT.CAMI033,"Bao TP-PP, trắng tẩy, K75.0x112.0LL, TL: 119.0g/cái, MK: CÁM MÌ POLLARD - CODE 033 (1+0) (Mã: 5000673). [Tép 20 cái gấp 4, code ra ngoài; Bó = 5 tép, cột dây hai đầu màu trắng]",Cái,5000,582.5,KG
10/5/2024,SIM10/24-015,SO2409-0032,CÔNG TY TNHH INTERFLOUR VIỆT NAM,"Xk bán hàng ngày 05/10/2024, XE 51Y-672.66",TPH075112G119INT.CAMI034,"Bao TP-PP, trắng tẩy, K75.0x112.0LL, TL: 119.0g/cái, MK: CÁM MÌ POLLARD - CODE 034 (1+0) (Mã: 5000673). [Tép 20 cái gấp 4, code ra ngoài; Bó = 5 tép, cột dây hai đầu màu trắng]",Cái,5000,574.5,KG
10/5/2024,SIM10/24-015,SO2409-0032,CÔNG TY TNHH INTERFLOUR VIỆT NAM,"Xk bán hàng ngày 05/10/2024, XE 51Y-672.66",TPH075112G119INT.CAMI035,"Bao TP-PP, trắng tẩy, K75.0x112.0LL, TL: 119.0g/cái, MK: CÁM MÌ POLLARD - CODE 035 (1+0) (Mã: 5000673). [Tép 20 cái gấp 4, code ra ngoài; Bó = 5 tép, cột dây hai đầu màu trắng]",Cái,5000,579.5,KG
10/5/2024,SIM10/24-016,SO2406-0015,P &  P DONGWON/ SEOGANG DISTRIBUTION,Xk bán hàng ngày 05/10/2024;Số cont 40' : TCNU4751005 ;Số seal : YMAR977789; INV: 254,0119106010000000,"Bao TP-PP, màu beige (nâu đất) sọc đen 5cm ở giữa 2 mặt bao, K86x125PB (+/-1), may miệng luồn dây cước xanh 2.12m (+/-10cm), TL: 135g/cái (+/-5%), bao không in. [25 cái/xấp gấp 4, 4 xấp/bó 100 cái. Ép dây 2 đầu. Ép kiện 500cái]/TPH086125G135DW.BEIGE.",CAI,58000,7596.6,KG
10/5/2024,SIM10/24-016,SO2406-0015,P &  P DONGWON/ SEOGANG DISTRIBUTION,Xk bán hàng ngày 05/10/2024;Số cont 40' : TCNU4751005 ;Số seal : YMAR977789; INV: 254,TPH055085G078CAMDW,"Bao TP-PP, màu cam, K55.0x85.0PB, may miệng luồn dây cước xanh 145cm, TL: 75.0gr-[PP] + 3.0gr-[dây] = 78.0gr, không in. [CÁCH ĐÓNG GÓI THEO CONT]/TPH055085G078CAMDW",CAI,81375,6412.3,KG
10/5/2024,SIM10/24-016,SO2409-0010,P &  P DONGWON/ SEOGANG DISTRIBUTION,Xk bán hàng ngày 05/10/2024;Số cont 40' : TCNU4751005 ;Số seal : YMAR977789; INV: 254,TPH455066G70CAMDW24110A2,"[110A2] Bao TP-PP, màu cam, gập miệng vào trong 4cm (+/-1), K45.5x66PB, lồng HDPE-K48x75x13g, TL: PP-57g + PE-13g = 70g/bộ, MK: DW24 - 110A2. [Ép kiện: 500cái/kiện, bắn đai 5 ngang x 1 dọc]",Bộ,101243,6906.8,KG
10/5/2024,SIM10/24-016,SO2409-0010,P &  P DONGWON/ SEOGANG DISTRIBUTION,Xk bán hàng ngày 05/10/2024;Số cont 40' : TCNU4751005 ;Số seal : YMAR977789; INV: 254,TPH455066G70TDUDW24.45A1,"[45A1] Bao TP-PP, màu trắng đục, gập miệng vào trong 4cm (+/-1), K45.5x66PB, lồng HDPE-K48x75x13g, TL: PP-57g + PE-13g = 70g/bộ, MK: DW24 - 45A1. [Ép kiện: 500cái/kiện, bắn đai 5 ngang x 1 dọc]",Bộ,5035,333,KG
10/5/2024,SIM10/24-016,SO2408-0008,P &  P DONGWON/ SEOGANG DISTRIBUTION,Xk bán hàng ngày 05/10/2024;Số cont 40' : TCNU4751005 ;Số seal : YMAR977789; INV: 254,TPH455068G67CAMDW24.81A,"[81A] Bao TP-PP, màu cam, may miệng luồn dây 130cm-2g, K45.5x68PB, lồng HDPE-K48x75x13g, TL: PP-52g + Dây-2g + PE-13g = 67g/bộ, MK: DW24 - 81A. [Ép kiện: 500cái/kiện, bắn đai 5 ngang x 1 dọc]",Bộ,9192,622.7,KG
10/5/2024,SIM10/24-016,SO2409-0009,P &  P DONGWON/ SEOGANG DISTRIBUTION,Xk bán hàng ngày 05/10/2024;Số cont 40' : TCNU4751005 ;Số seal : YMAR977789; INV: 254,TPH455068G67CBTDW24.107A,"[107A] Bao TP-PP, màu cam biên trong, may miệng luồn dây 130cm-2g, K45.5x68PB, lồng HDPE-K48x75x13g, TL: PP-52g + Dây-2g + PE-13g = 67g/bộ, MK: DW24 - 107A. [Ép kiện: 500cái/kiện, bắn đai 5 ngang x 1 dọc]",Bộ,2016,135.4,KG
10/5/2024,SIM10/24-016,SO2408-0048,P &  P DONGWON/ SEOGANG DISTRIBUTION,Xk bán hàng ngày 05/10/2024;Số cont 40' : TCNU4751005 ;Số seal : YMAR977789; INV: 254,TPH455068G73VBTDW24.84A2,"[84A2] Bao TP-PP, màu vàng biên trong, may miệng luồn dây 130cm-2g, K45.5x68PB, lồng LDPE-K48x75x19g, TL: PP-52g + Dây-2g + PE-19g = 73g/bộ, MK: DW24 - 84A2. [Ép kiện: 500cái/kiện, bắn đai 5 ngang x 1 dọc]",Bộ,10115,731.2,KG
10/5/2024,SIM10/24-016,SO2409-0010,P &  P DONGWON/ SEOGANG DISTRIBUTION,Xk bán hàng ngày 05/10/2024;Số cont 40' : TCNU4751005 ;Số seal : YMAR977789; INV: 254,TPH455071G70TDUDW24.108B,"[108B] Bao TP-PP, màu trắng đục, K45.5x71PB, lồng HDPE-K48x75x13g, TL: PP-57g + PE-13g = 70g/bộ, MK: DW24 - 108B. [Ép kiện: 500cái/kiện, bắn đai 5 ngang x 1 dọc]",Bộ,1018,68.5,KG
10/5/2024,SIM10/24-017,SO2409-0028,CÔNG TY CỔ PHẦN BAO BÌ LOUIS,"Xk bán hàng ngày 05/10/2024, XE 60H-059.23",TPH055090G147TDLU.T201,"Bao TP-PP, trắng đục, K55.0x90PB(+/-1), lồng LDPE-K58x123x39g, TL: PP-108g + PE-39g = 147g/bộ, MK: T201 [Ép kiện: 300cái/kiện, bắn đai 3 ngang x 2 dọc]",Bộ,8400,1248.6,KG
10/5/2024,SIM10/24-017,SO2410-0002,CÔNG TY CỔ PHẦN BAO BÌ LOUIS,"Xk bán hàng ngày 05/10/2024, XE 60H-059.23",TPH055090G147TDLU.TSH331,"Bao TP-PP, trắng đục, may miệng, , K55.0x90PB(+/-1), lồng LDPE-K58x113x42g, TL: PP-105g + PE-42g = 147g/bộ, MK: TSH-331 [Ép kiện: 300cái/kiện, bắn đai 3 ngang x 2 dọc]",Bộ,1528,227.7,KG
10/5/2024,SIM10/24-017,SO2409-0066,CÔNG TY CỔ PHẦN BAO BÌ LOUIS,"Xk bán hàng ngày 05/10/2024, XE 60H-059.23",TPH055090G147TDLU.TSH528,"Bao TP-PP, trắng đục, may miệng, , K55.0x90PB(+/-1), lồng LDPE-K58x113x42g, TL: PP-105g + PE-42g = 147g/bộ, MK: TSH-528 [Ép kiện: 300cái/kiện, bắn đai 3 ngang x 2 dọc]",Bộ,8046,1185,KG
10/5/2024,SIM10/24-017,SO2409-0066,CÔNG TY CỔ PHẦN BAO BÌ LOUIS,"Xk bán hàng ngày 05/10/2024, XE 60H-059.23",TPH055090G147TDLU.TSH566,"Bao TP-PP, trắng đục, may miệng, , K55.0x90PB(+/-1), lồng LDPE-K58x113x42g, TL: PP-105g + PE-42g = 147g/bộ, MK: TSH-566 [Ép kiện: 300cái/kiện, bắn đai 3 ngang x 2 dọc]",Bộ,3220,480.9,KG
10/7/2024,SIM10/24-018,SO2405-0043,SANPOLY INDUSTRY SDN BHD,"Xk bán hàng ngày 07/10/2024;Số cont 40' : MEDU9486597 ;Số seal : FX34940209; INV: 255, Cont 1",0102125012000000,"Vải cuộn PP, trắng đục, K56.0cm(+1/-0.5), MĐ: 10.0x9.0, TL: 78g/m (+1/-2). [3500m/cuộn]/THACUSAN560100009078TRDU",M,99385,7713.5,KG
10/7/2024,SIM10/24-018,SO2406-0029,SANPOLY INDUSTRY SDN BHD,"Xk bán hàng ngày 07/10/2024;Số cont 40' : MEDU9486597 ;Số seal : FX34940209; INV: 255, Cont 1",0102125058000000,"Vải cuộn PP, tráng hấp PE, trắng trong, K56.0cm, MĐ: 8.0x8.0, TL: 95.5g/m. [3000m/cuộn] [920D, 8x8]",M,5882,554,KG
10/7/2024,SIM10/24-018,SO2408-0041,SANPOLY INDUSTRY SDN BHD,"Xk bán hàng ngày 07/10/2024;Số cont 40' : MEDU9486597 ;Số seal : FX34940209; INV: 255, Cont 1",0102125064000000,"Vải cuộn PP, trắng đục, K58.5cm, MĐ: 11.0x11.0, TL: 96g/m. [Hooking]/THACUSAN585110110096TRDU [Kiểm soát trung bình 95 - 97.5g/m]",M,42408,4078,KG
10/7/2024,SIM10/24-018,SO2407-0065,SANPOLY INDUSTRY SDN BHD,"Xk bán hàng ngày 07/10/2024;Số cont 40' : MEDU9486597 ;Số seal : FX34940209; INV: 255, Cont 1",0102125065000000,"Vải cuộn PP, trắng đục, K66.0cm(+1/-0.5), MĐ: 11.0x12.0, TL: 106g/m(+1/-2). [Hooking]",M,60000,6427.5,KG
10/7/2024,SIM10/24-018,SO2408-0054,SANPOLY INDUSTRY SDN BHD,"Xk bán hàng ngày 07/10/2024;Số cont 40' : MEDU9486597 ;Số seal : FX34940209; INV: 255, Cont 1",0102125065000000,"Vải cuộn PP, trắng đục, K66.0cm(+1/-0.5), MĐ: 11.0x12.0, TL: 106g/m(+1/-2). [Hooking]",M,12553,1274,KG
10/7/2024,SIM10/24-018,SO2406-0027,SANPOLY INDUSTRY SDN BHD,"Xk bán hàng ngày 07/10/2024;Số cont 40' : MEDU9486597 ;Số seal : FX34940209; INV: 255, Cont 1",HAPSAN585099TRTR,"Vải cuộn PP, tráng hấp PE, trắng trong, K58.5cm, MĐ: 8.0x8.0, TL: 99.5g/m. [3000m/cuộn] [910D, 8x8]",M,53534,5287,KG
10/7/2024,SIM10/24-019,,MAI TRUNG NGÔN,"Xuất bán phi dung môi rỗng+ phi nhớt 30 cái * 150.000đ, theo tờ trình thanh lý ngày 07/10/2024",0915200010000000,Phi rỗng,CAI,30,30,CAI
10/7/2024,SIM10/24-020,SO2407-0001,SANPOLY INDUSTRY SDN BHD,"Xk bán hàng ngày 07/10/2024;Số cont 40' : DRYU9233900 ;Số seal : FX34940134; INV: 255, Cont 2",0102125009000000,"Vải cuộn PP, trắng đục, K51.0cm(+1/-0.2), MĐ: 10x12.5, TL: 86g/m(+1/-2). [Khi xuất hàng dán tem màu vàng]/THACUSAN510100125086TRDU",M,57282,4906,KG
10/7/2024,SIM10/24-020,SO2405-0043,SANPOLY INDUSTRY SDN BHD,"Xk bán hàng ngày 07/10/2024;Số cont 40' : DRYU9233900 ;Số seal : FX34940134; INV: 255, Cont 2",0102125012000000,"Vải cuộn PP, trắng đục, K56.0cm(+1/-0.5), MĐ: 10.0x9.0, TL: 78g/m (+1/-2). [3500m/cuộn]/THACUSAN560100009078TRDU",M,14124,1117.8,KG
10/7/2024,SIM10/24-020,SO2408-0002,SANPOLY INDUSTRY SDN BHD,"Xk bán hàng ngày 07/10/2024;Số cont 40' : DRYU9233900 ;Số seal : FX34940134; INV: 255, Cont 2",0102125032000000,"Vải cuộn PP, trắng đục, K66cm, MĐ: 10.0x11.0, TL: 104g/m. [Hooking]/THACUSAN660100110104TRDU",M,151967,15961.5,KG
10/7/2024,SIM10/24-020,SO2406-0068,SANPOLY INDUSTRY SDN BHD,"Xk bán hàng ngày 07/10/2024;Số cont 40' : DRYU9233900 ;Số seal : FX34940134; INV: 255, Cont 2",0102125051000000,"Vải cuộn PP, trắng đục, K73.5cm (+1/-0.5), MĐ: 10.0x11.0, TL: 118g/m (+/-2). [3000m/cuộn]/THACUSAN735100110118TRDU",M,29667,3477.5,KG
10/8/2024,SIM10/24-021,SO2409-0056,CÔNG TY TNHH INTERFLOUR VIỆT NAM,"Xk bán hàng ngày 08/10/2024, XE 51C-672.66",TPH060085G102INT.BLGL051,"Bao TP-PP, K60x85LL, TL: 102g/cái, MK: BLUE GLOBE - CODE 051 (2+0) (Mã: 5001063). (Tép 20 cái gấp 03, code ra ngoài. Bó = 05 tép. Dây cột màu trắng, cột 1 ngang x 1 dọc hình chữ thập)",CAI,4000,408.5,KG
10/8/2024,SIM10/24-021,SO2409-0056,CÔNG TY TNHH INTERFLOUR VIỆT NAM,"Xk bán hàng ngày 08/10/2024, XE 51C-672.66",TPH060085G102INT.REGL104,"Bao TP-PP, trắng tẩy, K60x85LL, TL: 102g/cái, MK: RED GLOBE (BAGUETTE) - CODE 104 (2+0) (Mã: 5000654). [Tép 20 cái gấp 03, code ra ngoài. Bó = 05 tép. Dây cột màu trắng, cột 1 ngang x 1 dọc hình chữ thập]",Cái,4000,404.5,KG
10/8/2024,SIM10/24-021,SO2409-0056,CÔNG TY TNHH INTERFLOUR VIỆT NAM,"Xk bán hàng ngày 08/10/2024, XE 51C-672.66",TPH060085INT.BRGL2.218,"Bao TP-PP, trắng tẩy, K60x85LL, TL: 102g/cái, MK: BROWN GLOBE-2 PP 40KG - CODE 218 (2+0) (Mã: 5000998). [Tép 20 cái gấp 3, code ra ngoài; Bó 5 tép, dây cột trắng, cột chữ thập]",Cái,4000,408.5,KG
10/8/2024,SIM10/24-021,SO2409-0056,CÔNG TY TNHH INTERFLOUR VIỆT NAM,"Xk bán hàng ngày 08/10/2024, XE 51C-672.66",TPH060085INT.BRGL2.219,"Bao TP-PP, trắng tẩy, K60x85LL, TL: 102g/cái, MK: BROWN GLOBE-2 PP 40KG - CODE 219 (2+0) (Mã: 5000998). [Tép 20 cái gấp 3, code ra ngoài; Bó 5 tép, dây cột trắng, cột chữ thập]",Cái,4000,405.5,KG
10/8/2024,SIM10/24-021,SO2409-0056,CÔNG TY TNHH INTERFLOUR VIỆT NAM,"Xk bán hàng ngày 08/10/2024, XE 51C-672.66",TPH060088INT.AQ34THAC339,"Bao TP-PP, trắng tẩy, K60x88LL, TL: 105g/cái, MK: AQUA FLOUR 34 - CODE 339 (2+1) (Mã: 5000620). [Tép 20 cái gấp 03, code ra ngoài. Bó = 05 tép. Dây cột màu trắng, cột 1 ngang x 1 dọc hình chữ thập]",Cái,4000,429.5,KG
10/8/2024,SIM10/24-021,SO2409-0056,CÔNG TY TNHH INTERFLOUR VIỆT NAM,"Xk bán hàng ngày 08/10/2024, XE 51C-672.66",TPH060088INT.AQ34THAC340,"Bao TP-PP, trắng tẩy, K60x88LL, TL: 105g/cái, MK: AQUA FLOUR 34 - CODE 340 (2+1) (Mã: 5000620). [Tép 20 cái gấp 03, code ra ngoài. Bó = 05 tép. Dây cột màu trắng, cột 1 ngang x 1 dọc hình chữ thập]",Cái,4000,428.5,KG
10/9/2024,SIM10/24-022,SO2409-0063,United Woven Industries SDN BHD,Xk bán hàng ngày 09/10/2024;Số cont 40' : EMCU1540401 ;Số seal : EMCKLM7764; INV: 257,0102133008000000,"Cuộn PP, trắng đục, K56cm, MĐ: 10x10, 800D, TL: 80g/m. [Dệt xếp, sử dụng móc] [3000m/cuộn]/THACUUWS560100100080TRDU",M,30647,2468,KG
10/9/2024,SIM10/24-022,SO2409-0063,United Woven Industries SDN BHD,Xk bán hàng ngày 09/10/2024;Số cont 40' : EMCU1540401 ;Số seal : EMCKLM7764; INV: 257,0102133039000000,"Cuộn PP, trắng đục, K67.0cm, MĐ: 11x11, 800D, TL: 106.26g/m. [79.3gsm; 3000m/cuộn, hooking]",M,191948,20330.5,KG
10/9/2024,SIM10/24-022,SO2409-0063,United Woven Industries SDN BHD,Xk bán hàng ngày 09/10/2024;Số cont 40' : EMCU1540401 ;Số seal : EMCKLM7764; INV: 257,THACUUWS430100100068TRDU,"Cuộn PP, trắng đục, K43cm, 10.0x10.0, TL: 68.0g/m. No Hooking",M,30700,2087.5,KG
10/9/2024,SIM10/24-023,SO2409-0013,DINDINGS POULTRY DEVELOPMENT CENTRE SDN BHD,Xk bán hàng ngày 09/10/2024;Số cont 20' : DRYU2984582 ;Số seal : EMCKPS2744; INV: 256,TPH066099TDMFM.LM9900-1,"Bao TP-PP, trắng đục, K66.0x99.0LL, TL: 120.0g/cái, MK: LM-9900. [850D] [Kiện 5 tép 100 cái trở đầu, vải áo dệt xếp, nhận dạng MK bên ngoài, bắn đai 5 ngang x 1 dọc]",CAI,20000,2390.4,KG
10/9/2024,SIM10/24-023,SO2409-0013,DINDINGS POULTRY DEVELOPMENT CENTRE SDN BHD,Xk bán hàng ngày 09/10/2024;Số cont 20' : DRYU2984582 ;Số seal : EMCKPS2744; INV: 256,TPH066099TDMFM.LM9901-1,"Bao TP-PP, trắng đục, K66.0x99.0LL, TL: 120.0g/cái, MK: LM-9901. [850D] [Kiện 5 tép 100 cái trở đầu, vải áo dệt xếp, nhận dạng MK bên ngoài, bắn đai 5 ngang x 1 dọc]",CAI,20000,2384.2,KG
10/9/2024,SIM10/24-023,SO2409-0013,DINDINGS POULTRY DEVELOPMENT CENTRE SDN BHD,Xk bán hàng ngày 09/10/2024;Số cont 20' : DRYU2984582 ;Số seal : EMCKPS2744; INV: 256,TPH066099TDMFM.LM9902-1,"Bao TP-PP, trắng đục, K66.0x99.0LL, TL: 120.0g/cái, MK: LM-9902. [850D] [Kiện 5 tép 100 cái trở đầu, vải áo dệt xếp, nhận dạng MK bên ngoài, bắn đai 5 ngang x 1 dọc]",CAI,32000,3810,KG
10/9/2024,SIM10/24-023,SO2409-0013,DINDINGS POULTRY DEVELOPMENT CENTRE SDN BHD,Xk bán hàng ngày 09/10/2024;Số cont 20' : DRYU2984582 ;Số seal : EMCKPS2744; INV: 256,TPH066099TDMFM.LM9902C-1,"Bao TP-PP, trắng đục, K66.0x99.0LL, TL: 120.0g/cái, MK: LM-9902C. [850D] [Kiện 5 tép 100 cái trở đầu, vải áo dệt xếp, nhận dạng MK bên ngoài, bắn đai 5 ngang x 1 dọc]",CAI,5000,600.2,KG
10/9/2024,SIM10/24-023,SO2409-0013,DINDINGS POULTRY DEVELOPMENT CENTRE SDN BHD,Xk bán hàng ngày 09/10/2024;Số cont 20' : DRYU2984582 ;Số seal : EMCKPS2744; INV: 256,TPH066109TDMFM.LM8802-1,"Bao TP-PP, trắng đục, K66.0x109.0LL, TL: 132.0g/cái, MK: LM-8802. [850D] [Kiện 5 tép 100 cái trở đầu, vải áo dệt xếp, nhận dạng MK bên ngoài, bắn đai 6 ngang x 1 dọc]",CAI,3000,385.5,KG
10/9/2024,SIM10/24-023,SO2409-0013,DINDINGS POULTRY DEVELOPMENT CENTRE SDN BHD,Xk bán hàng ngày 09/10/2024;Số cont 20' : DRYU2984582 ;Số seal : EMCKPS2744; INV: 256,TPH066114TDMFM.LMFFS-1,"Bao TP-PP, trắng đục, K66x114LL(+/-1), TL: 138g/cái, MK: LM-FULL FAT SOYA (2+2). [850D] [Kiện 5 tép 100 cái trở đầu, vải áo dệt xếp, nhận dạng MK bên ngoài, bắn đai 6 ngang x 1 dọc]",CAI,5000,682.2,KG
10/9/2024,SIM10/24-035,SO2409-0040,CÔNG TY CỔ PHẦN GIẢI PHÁP SỢI THÔNG MINH,Mua 2 tấn nhựa T03 của Dương Minh Thành bán trực tiếp cho Sợi Thông Minh không qua nhà máy,HAT-PPKC-T03,Hạt nhựa PP kéo sợi - T03,Kg,2000,2000,Kg
10/10/2024,SIM10/24-024,SO2409-0028,CÔNG TY CỔ PHẦN BAO BÌ LOUIS,"Xk bán hàng ngày 10/10/2024, XE 60C-413.73",TPH055090G147TDLU.C300,"Bao TP-PP, trắng đục, K55.0x90PB(+/-1), lồng LDPE-K58x123x39g, TL: PP-108g + PE-39g = 147g/bộ, MK: C300 [Ép kiện: 300cái/kiện, bắn đai 3 ngang x 2 dọc]",Bộ,8000,1182.6,KG
10/10/2024,SIM10/24-024,SO2410-0011,CÔNG TY CỔ PHẦN BAO BÌ LOUIS,"Xk bán hàng ngày 10/10/2024, XE 60C-413.73",TPH055090G147TDLU.T301,"Bao TP-PP, trắng đục, K55.0x90PB(+/-1), lồng LDPE-K58x123x39g, TL: PP-108g + PE-39g = 147g/bộ, MK: T301 [Ép kiện: 300cái/kiện, bắn đai 3 ngang x 2 dọc]",Bộ,5000,741.5,KG
10/10/2024,SIM10/24-025,SO2408-0044,CÔNG TY TNHH MTV BAO BÌ THIÊN ÂN,"Xk bán hàng ngày 10/10/2024, XE 51C-144.87",01JBO-TC002-01-0000,"Bao Jumbo thân tròn, trắng đục, có in marka: DING LI, kích thước: 95x95x130cm, có ống nạp, ống xả, có túi lồng PE; TL: 2.45kg/cái; Bao xếp làm 4, ép kiện 10 cái/kiện",CAI,1000,2546.5,KG
10/11/2024,SIM10/24-026,SO2407-0013,CÔNG TY TNHH CHẾ BIẾN BỘT MỲ MÊ KÔNG,"Xk bán hàng ngày 11/10/2024, XE 51C-672.66",TPH073114G140MEK.POLA,"Bao TP-PP, trắng tẩy, K73x114.5PB (cm), TL: 140 (±3.0)g/cái, MK: Pollard - 50KG",Cái,10000,1400,KG
10/11/2024,SIM10/24-026,SO2407-0013,CÔNG TY TNHH CHẾ BIẾN BỘT MỲ MÊ KÔNG,"Xk bán hàng ngày 11/10/2024, XE 51C-672.66",TPH073114G140MEK.POLA,"Bao TP-PP, trắng tẩy, K73x114.5PB (cm), TL: 140 (±3.0)g/cái, MK: Pollard - 50KG",Cái,2000,252.5,KG
10/11/2024,SIM10/24-026,SO2407-0013,CÔNG TY TNHH CHẾ BIẾN BỘT MỲ MÊ KÔNG,"Xk bán hàng ngày 11/10/2024, XE 51C-672.66",TPH595920G112MEK.CF,"Bao TP-PP, trắng tẩy, K59.5x92.0PB (cm), TL: 112.0 (±3.0)g/cái, MK: CF - 40KG [Đóng gói: 10 cái/xấp, gấp lại làm 3, 1 bó 10 xấp, dùng dây nilong buột chữ thập, marka hướng ra ngoài, bỏ vào túi HDPE, dán tem nhận diện]",Cái,15000,1661,KG
10/11/2024,SIM10/24-026,SO2407-0013,CÔNG TY TNHH CHẾ BIẾN BỘT MỲ MÊ KÔNG,"Xk bán hàng ngày 11/10/2024, XE 51C-672.66",TPH595920G112MEK.JP1,"Bao TP-PP, trắng tẩy, K59.5x92.0PB (cm), TL: 112.0 (±3.0)g/cái, MK: JP1 - 40KG [Đóng gói: 50 cái/xấp, gấp lại làm 2, 1 bó 2 xấp, dùng dây nilong buột chữ thập, marka hướng ra ngoài, bỏ vào túi HDPE, dán tem nhận diện]",Cái,15000,1669.5,KG
10/11/2024,SIM10/24-027,SO2409-0028,CÔNG TY CỔ PHẦN BAO BÌ LOUIS,"Xk bán hàng ngày 11/10/2024, XE 60H-059.23",TPH055090G147TDLU.C300,"Bao TP-PP, trắng đục, K55.0x90PB(+/-1), lồng LDPE-K58x123x39g, TL: PP-108g + PE-39g = 147g/bộ, MK: C300 [Ép kiện: 300cái/kiện, bắn đai 3 ngang x 2 dọc]",Bộ,7222,1078.8,KG
10/11/2024,SIM10/24-027,SO2409-0028,CÔNG TY CỔ PHẦN BAO BÌ LOUIS,"Xk bán hàng ngày 11/10/2024, XE 60H-059.23",TPH055090G147TDLU.T201,"Bao TP-PP, trắng đục, K55.0x90PB(+/-1), lồng LDPE-K58x123x39g, TL: PP-108g + PE-39g = 147g/bộ, MK: T201 [Ép kiện: 300cái/kiện, bắn đai 3 ngang x 2 dọc]",Bộ,14530,2157.6,KG
10/11/2024,SIM10/24-028,,ANH MẠNH,Xuất bán phế bao mủ 811kg * 14.000đ = 11.354.000đ,PHEBAOMU,Phế bao mủ,KG,811,811,KG
10/11/2024,SIM10/24-029,SO2404-0003,"CÔNG TY TAMATRA-US, LLC",Xk bán hàng ngày 11/10/2024;Số cont 40' : BEAU4539153 ;Số seal : R6500418; INV: 258,THACUASU119100100083TRDU,"Vải manh cuộn PP, K119.5cm, 10x10, caro láng, TL: 83.7g/m. [70gsm]",M,140000,11366.5,KG
10/11/2024,SIM10/24-029,SO2404-0003,"CÔNG TY TAMATRA-US, LLC",Xk bán hàng ngày 11/10/2024;Số cont 40' : BEAU4539153 ;Số seal : R6500418; INV: 258,THACUASU124100100087TRDU,"Vải manh cuộn PP, K124.5cm, 10x10, caro láng, TL: 87.2g/m. [70gsm]",M,150000,12775.5,KG
10/11/2024,SIM10/24-030,SO2407-0001,SANPOLY INDUSTRY SDN BHD,Xk bán hàng ngày 11/10/2024;Số cont 40' : MSMU4652981 ;Số seal : FX34928146; INV: 259,0102125009000000,"Vải cuộn PP, trắng đục, K51.0cm(+1/-0.2), MĐ: 10x12.5, TL: 86g/m(+1/-2). [Khi xuất hàng dán tem màu vàng]/THACUSAN510100125086TRDU",M,45760,3912,KG
10/11/2024,SIM10/24-030,SO2408-0002,SANPOLY INDUSTRY SDN BHD,Xk bán hàng ngày 11/10/2024;Số cont 40' : MSMU4652981 ;Số seal : FX34928146; INV: 259,0102125032000000,"Vải cuộn PP, trắng đục, K66cm, MĐ: 10.0x11.0, TL: 104g/m. [Hooking]/THACUSAN660100110104TRDU",M,89831,9361.5,KG
10/11/2024,SIM10/24-030,SO2406-0068,SANPOLY INDUSTRY SDN BHD,Xk bán hàng ngày 11/10/2024;Số cont 40' : MSMU4652981 ;Số seal : FX34928146; INV: 259,0102125051000000,"Vải cuộn PP, trắng đục, K73.5cm (+1/-0.5), MĐ: 10.0x11.0, TL: 118g/m (+/-2). [3000m/cuộn]/THACUSAN735100110118TRDU",M,27099,3145.5,KG
10/11/2024,SIM10/24-030,SO2408-0054,SANPOLY INDUSTRY SDN BHD,Xk bán hàng ngày 11/10/2024;Số cont 40' : MSMU4652981 ;Số seal : FX34928146; INV: 259,0102125065000000,"Vải cuộn PP, trắng đục, K66.0cm(+1/-0.5), MĐ: 11.0x12.0, TL: 106g/m(+1/-2). [Hooking]",M,84657,8978,KG
10/11/2024,SIM10/24-031,,ANH MẠNH,Xuất bán phế in lỗi 1157kg * 8.500đ + phế tạp taican 447kg * 5.000đ = 12.070.000đ,PHE-BAOTAICAL,Phế thu hồi bao TAICAL khâu kéo sợi,KG,447,447,KG
10/11/2024,SIM10/24-031,,ANH MẠNH,Xuất bán phế in lỗi 1157kg * 8.500đ + phế tạp taican 447kg * 5.000đ = 12.070.000đ,PHE-PHEIN,Phế thu hồi khâu in (in lỗi),CAI,1157,1157,KG
10/12/2024,SIM10/24-032,SO2405-0021,CÔNG TY TNHH CÔNG NGHỆ SINH HỌC SÀI GÒN XANH,"Xk bán hàng ngày 12/10/2024, XE 51C-672.66",TPH043065G052CAMSGX.A01,"Bao PP-TP, màu cam + tráng hấp, K43.0x65.0PB, TL: 52.0g/cái, MK: SGX-A01. [Cột 100 cái/xấp trở đầu 50:50]",CAI,15000,759,KG
10/12/2024,SIM10/24-032,SO2405-0022,CÔNG TY TNHH CÔNG NGHỆ SINH HỌC SÀI GÒN XANH,"Xk bán hàng ngày 12/10/2024, XE 51C-672.66",TPH050085G075CAMSGX.B01,"Bao PP-TP, màu cam + tráng hấp, K50.0x85.0PB, TL: 75.0g/cái, MK: SGX-B01. [Cột 100 cái/xấp trở đầu 50:50]",CAI,1000,75,KG
10/12/2024,SIM10/24-032,SO2405-0022,CÔNG TY TNHH CÔNG NGHỆ SINH HỌC SÀI GÒN XANH,"Xk bán hàng ngày 12/10/2024, XE 51C-672.66",TPH050085G075CAMSGX.B01,"Bao PP-TP, màu cam + tráng hấp, K50.0x85.0PB, TL: 75.0g/cái, MK: SGX-B01. [Cột 100 cái/xấp trở đầu 50:50]",CAI,13000,979,KG
10/12/2024,SIM10/24-032,SO2409-0030,CÔNG TY TNHH CÔNG NGHỆ SINH HỌC SÀI GÒN XANH,"Xk bán hàng ngày 12/10/2024, XE 51C-672.66",TPH050085G075CAMSGX.B01,"Bao PP-TP, màu cam + tráng hấp, K50.0x85.0PB, TL: 75.0g/cái, MK: SGX-B01. [Cột 100 cái/xấp trở đầu 50:50]",CAI,1000,75,KG
10/12/2024,SIM10/24-033,SO2408-0056,Halston Polyfabs Ltd (BONA VENTURES PTE LTD),Xk bán hàng ngày 12/10/2024;Số cont 40' : TCNU7904068 ;Số seal : FX34953510; INV: 262,0102109008000000,"Vải cuộn PP, trắng đục, K58.5cm, MĐ: 10.0x10.0, dệt xếp, TL: 82.0g/m./THACUHAL585100100082TRDU",M,59701,4905,KG
10/12/2024,SIM10/24-033,SO2408-0050,Halston Polyfabs Ltd (BONA VENTURES PTE LTD),Xk bán hàng ngày 12/10/2024;Số cont 40' : TCNU7904068 ;Số seal : FX34953510; INV: 262,0102109015000000,"Vải cuộn PP, trắng đục, K74.0cm , MĐ: 11x11.5, 900D, TL: 133g/m./THACUHAL740110115133TRDU",M,69989,9224,KG
10/12/2024,SIM10/24-033,SO2406-0049,Halston Polyfabs Ltd (BONA VENTURES PTE LTD),Xk bán hàng ngày 12/10/2024;Số cont 40' : TCNU7904068 ;Số seal : FX34953510; INV: 262,0119109032000000,"Vải cuộn PP, trắng đục, K56.0cm, MĐ: 10.0x10.0, TL: 78.0g/m. [810D]/THACUHAL560100100078TRDU",M,88400,6917.5,KG
10/12/2024,SIM10/24-033,SO2409-0001,Halston Polyfabs Ltd (BONA VENTURES PTE LTD),Xk bán hàng ngày 12/10/2024;Số cont 40' : TCNU7904068 ;Số seal : FX34953510; INV: 262,HAPHAL510083TRTR,"Vải cuộn PP, tráng hấp PE, K51cm, TL: 83.0g/m, trắng trong. [20.0mic] [8x8, 910D], 3000m/cuộn",M,50360,4161.5,KG
10/12/2024,SIM10/24-034,,ANH MẠNH,Xuất bán phế tạp 810kg*5.000đ=4.050.000đ,PHE-PHETAP,PHẾ TẠP DƠ - VẢI ÁO BAO MANH QUẤN CUỘN BỊ DƠ,KG,810,810,KG
10/12/2024,SIM10/24-036,,ANH MẠNH,Xuất bán phế tạp 713kg*5.000đ=3.565.000đ,PHE-PHETAP,PHẾ TẠP DƠ - VẢI ÁO BAO MANH QUẤN CUỘN BỊ DƠ,KG,713,713,KG
10/14/2024,SIM10/24-037,SO2407-0013,CÔNG TY TNHH CHẾ BIẾN BỘT MỲ MÊ KÔNG,"Xk bán hàng ngày 14/10/2024, XE 51C-672.66",TPH073114G140MEK.POLA,"Bao TP-PP, trắng tẩy, K73x114.5PB (cm), TL: 140 (±3.0)g/cái, MK: Pollard - 50KG",Cái,25000,3415.5,KG
10/14/2024,SIM10/24-037,SO2409-0018,CÔNG TY TNHH CHẾ BIẾN BỘT MỲ MÊ KÔNG,"Xk bán hàng ngày 14/10/2024, XE 51C-672.66",TPH495805G079MEK.THDN,"Bao TP-PP, trắng tẩy, K49.5x80.5PB (cm), TL: 79.0 (±3.0)g/cái, MK: Tôm Hùm Đỏ (NEW) [Đóng gói: 50 cái/xấp, gấp lại làm 2, 1 bó 2 xấp, dùng dây nilong buột chữ thập, marka hướng ra ngoài]",Cái,10000,787,KG
10/14/2024,SIM10/24-037,SO2407-0013,CÔNG TY TNHH CHẾ BIẾN BỘT MỲ MÊ KÔNG,"Xk bán hàng ngày 14/10/2024, XE 51C-672.66",TPH595920G112MEK.CF,"Bao TP-PP, trắng tẩy, K59.5x92.0PB (cm), TL: 112.0 (±3.0)g/cái, MK: CF - 40KG [Đóng gói: 10 cái/xấp, gấp lại làm 3, 1 bó 10 xấp, dùng dây nilong buột chữ thập, marka hướng ra ngoài, bỏ vào túi HDPE, dán tem nhận diện]",Cái,8000,895,KG
10/14/2024,SIM10/24-038,SO2407-0025,TAUPLENE INDUSTRIES SDN. BHD,Xk bán hàng ngày 14/10/2024;Số cont 40' : INKU6674706 ;Số seal : FX34942482; INV: 263; Cont: 1,THACUTAU109080080067TRDU,"Vải manh cuộn PP, trắng đục, K109.0cm, MĐ: 8.0x8.0, TL: 67.0g/m(61.4gsm)./THACUTAU109080080067TRDU",M,36166,2367,KG
10/14/2024,SIM10/24-038,SO2407-0025,TAUPLENE INDUSTRIES SDN. BHD,Xk bán hàng ngày 14/10/2024;Số cont 40' : INKU6674706 ;Số seal : FX34942482; INV: 263; Cont: 1,THACUTAU132080080081TRDU,"Vải manh cuộn PP, trắng đục, K132.0cm, MĐ: 8.0x8.0, TL: 81.0g/m (61.4gsm)./THACUTAU132080080081TRDU",M,240368,19296.5,KG
10/14/2024,SIM10/24-038,SO2407-0025,TAUPLENE INDUSTRIES SDN. BHD,Xk bán hàng ngày 14/10/2024;Số cont 40' : INKU6674706 ;Số seal : FX34942482; INV: 263; Cont: 1,THACUTAU580080080075TRDU,"Vải cuộn PP dệt lồng HDPE, trắng đục, K58.0cm, MĐ: 8.0x8.0, TL: 75(PP) + 25(PE) = 100g/m.",M,27597,2735.5,KG
10/14/2024,SIM10/24-039,SO2407-0025,TAUPLENE INDUSTRIES SDN. BHD,Xk bán hàng ngày 14/10/2024;Số cont 40' : FCIU8596679 ;Số seal : FX34940029; INV: 263; Cont: 2,THACUTAU127080080078TRDU,"Vải manh cuộn PP, trắng đục, K127.0cm, MĐ: 8.0x8.0, TL: 78.0g/m (61.4gsm)./THACUTAU127080080078TRDU",M,324992,24932,KG
10/14/2024,SIM10/24-040,SO2410-0018,CÔNG TY CỔ PHẦN BAO BÌ LOUIS,"Xuất 2 bao mẫu, a hà lấy trực tiếp",01JBO-LUI9090110-ACV-01,"Bao Jumbo thân tròn, màu trắng, ống nạp, đáy xả, có UV 1.5%, . Kích thước: 90x90x110cm TL: 1.8Kg/cái. Tải trọng 1200kg.",Cái,2,4.8,KG
10/15/2024,SIM10/24-041,SO2406-0023,CÔNG TY TNHH LUCKY STAR PLAST,Xk bán hàng ngày 15/10/2024;Số cont 40' : FSCU7281995 ;Số seal : WHAB626835,0102123048000000,"[Đóng gói] Cuộn vải, trắng đục, K200cm, dài 200m/cuộn, TL: 150g/m. [75gsm]/CVDPER200200150TD00",M,22000,3182.9,KG
10/15/2024,SIM10/24-041,SO2405-0065,CÔNG TY TNHH LUCKY STAR PLAST,Xk bán hàng ngày 15/10/2024;Số cont 40' : FSCU7281995 ;Số seal : WHAB626835,0102123050000000,"[Đóng gói] Cuộn vải, xanh dương, K200cm, dài 200m/cuộn, TL: 150g/m. [75gsm]/CVDPER200200150XD00",M,19400,2821.05,KG
10/15/2024,SIM10/24-041,SO2406-0023,CÔNG TY TNHH LUCKY STAR PLAST,Xk bán hàng ngày 15/10/2024;Số cont 40' : FSCU7281995 ;Số seal : WHAB626835,0102123050000000,"[Đóng gói] Cuộn vải, xanh dương, K200cm, dài 200m/cuộn, TL: 150g/m. [75gsm]/CVDPER200200150XD00",M,28000,4205.9,KG
10/15/2024,SIM10/24-041,SO2406-0022,CÔNG TY TNHH LUCKY STAR PLAST,Xk bán hàng ngày 15/10/2024;Số cont 40' : FSCU7281995 ;Số seal : WHAB626835,0102123051000000,"[Đóng gói] Cuộn vải, màu đen, K400cm, dài 200m/cuộn, TL: 300g/m. [75gsm]/CVDPER400200300DE00",M,18000,5153.5,KG
10/15/2024,SIM10/24-041,SO2405-0065,CÔNG TY TNHH LUCKY STAR PLAST,Xk bán hàng ngày 15/10/2024;Số cont 40' : FSCU7281995 ;Số seal : WHAB626835,0102123053000000,"[Đóng gói] Cuộn vải, màu đen, K400cm, dài 200m/cuộn, TL: 340g/m. [85gsm]/CVDPER400200340DE00",M,1000,322.75,KG
10/15/2024,SIM10/24-041,SO2405-0065,CÔNG TY TNHH LUCKY STAR PLAST,Xk bán hàng ngày 15/10/2024;Số cont 40' : FSCU7281995 ;Số seal : WHAB626835,0102123056000000,"[Đóng gói] Cuộn vải, xanh dương, K400cm, dài 200m/cuộn, TL: 340g/m. [85gsm]/CVDPER400200340XD00",M,8800,2836,KG
10/15/2024,SIM10/24-041,SO2406-0023,CÔNG TY TNHH LUCKY STAR PLAST,Xk bán hàng ngày 15/10/2024;Số cont 40' : FSCU7281995 ;Số seal : WHAB626835,0102123056000000,"[Đóng gói] Cuộn vải, xanh dương, K400cm, dài 200m/cuộn, TL: 340g/m. [85gsm]/CVDPER400200340XD00",M,8000,2586.5,KG
10/16/2024,SIM10/24-042,SO2410-0004,CÔNG TY TNHH INTERFLOUR VIỆT NAM,"Xk bán hàng ngày 16/10/2024, XE 51C-672.66",TPH050074G074INT.PIGL288,"Bao TP-PP, trắng tẩy, K50x74LL, TL: 74g/cái, MK: PINK GLOBE - CODE 288 (2+0) (Mã: 5000591). [Tép 20 cái gấp 03, code ra ngoài. Bó = 05 tép. Dây cột màu trắng, cột 1 ngang x 1 dọc hình chữ thập]",CAI,5000,370.5,KG
10/16/2024,SIM10/24-042,SO2410-0004,CÔNG TY TNHH INTERFLOUR VIỆT NAM,"Xk bán hàng ngày 16/10/2024, XE 51C-672.66",TPH050074G074INT.PIGL289,"Bao TP-PP, trắng tẩy, K50x74LL, TL: 74g/cái, MK: PINK GLOBE - CODE 289 (2+0) (Mã: 5000591). [Tép 20 cái gấp 03, code ra ngoài. Bó = 05 tép. Dây cột màu trắng, cột 1 ngang x 1 dọc hình chữ thập]",CAI,5000,372.5,KG
10/16/2024,SIM10/24-042,SO2410-0004,CÔNG TY TNHH INTERFLOUR VIỆT NAM,"Xk bán hàng ngày 16/10/2024, XE 51C-672.66",TPH050074G074INT.WGLB065,"Bao TP-PP, K50x74LL, TL: 74g/cái, MK: WHITE GLB PP 25KG - CODE 065 (Mã 5000608) (2+0) (Tép 20 cái gấp 03, code ra ngoài. Bó = 05 tép. Dây cột màu trắng, cột 1 ngang x 1 dọc hình chữ thập).",Cái,5000,371,KG
10/16/2024,SIM10/24-042,SO2410-0004,CÔNG TY TNHH INTERFLOUR VIỆT NAM,"Xk bán hàng ngày 16/10/2024, XE 51C-672.66",TPH050077G077INT.IFGP097,"Bao TP-PP, trắng tẩy, K50x77LL, TL: 77g/cái, MK: IFV-GP 25KG CODE 097 (1+0) (Mã: 5000563) . [Tép 20 cái gấp 3, code ra ngoài. Bó = 05 tép. Dây cột màu trắng, cột 1 ngang x 1 dọc hình chữ thập]",Cái,5000,392,KG
10/16/2024,SIM10/24-042,SO2410-0004,CÔNG TY TNHH INTERFLOUR VIỆT NAM,"Xk bán hàng ngày 16/10/2024, XE 51C-672.66",TPH050077G077INT.IFGP098,"Bao TP-PP, trắng tẩy, K50x77LL, TL: 77g/cái, MK: IFV-GP 25KG CODE 098 (1+0) (Mã: 5000563) . [Tép 20 cái gấp 3, code ra ngoài. Bó = 05 tép. Dây cột màu trắng, cột 1 ngang x 1 dọc hình chữ thập]",Cái,5000,392,KG
10/16/2024,SIM10/24-042,SO2409-0056,CÔNG TY TNHH INTERFLOUR VIỆT NAM,"Xk bán hàng ngày 16/10/2024, XE 51C-672.66",TPH075112G119INT.CAMI046,"Bao TP-PP, trắng tẩy, K75.0x112.0LL, TL: 119.0g/cái, MK: CÁM MÌ POLLARD - CODE 046 (1+0) (Mã: 5000673). [Tép 20 cái gấp 4, code ra ngoài; Bó = 5 tép, cột dây hai đầu màu trắng]",Cái,5000,582.5,KG
10/16/2024,SIM10/24-042,SO2409-0056,CÔNG TY TNHH INTERFLOUR VIỆT NAM,"Xk bán hàng ngày 16/10/2024, XE 51C-672.66",TPH075112G119INT.CAMI047,"Bao TP-PP, trắng tẩy, K75.0x112.0LL, TL: 119.0g/cái, MK: CÁM MÌ POLLARD - CODE 047 (1+0) (Mã: 5000673). [Tép 20 cái gấp 4, code ra ngoài; Bó = 5 tép, cột dây hai đầu màu trắng]",Cái,5000,581,KG
10/16/2024,SIM10/24-042,SO2409-0056,CÔNG TY TNHH INTERFLOUR VIỆT NAM,"Xk bán hàng ngày 16/10/2024, XE 51C-672.66",TPH075112G119INT.CAMI048,"Bao TP-PP, trắng tẩy, K75.0x112.0LL, TL: 119.0g/cái, MK: CÁM MÌ POLLARD - CODE 048 (1+0) (Mã: 5000673). [Tép 20 cái gấp 4, code ra ngoài; Bó = 5 tép, cột dây hai đầu màu trắng]",Cái,5000,586,KG
10/16/2024,SIM10/24-042,SO2409-0056,CÔNG TY TNHH INTERFLOUR VIỆT NAM,"Xk bán hàng ngày 16/10/2024, XE 51C-672.66",TPH075112G119INT.CAMI049,"Bao TP-PP, trắng tẩy, K75.0x112.0LL, TL: 119.0g/cái, MK: CÁM MÌ POLLARD - CODE 049 (1+0) (Mã: 5000673). [Tép 20 cái gấp 4, code ra ngoài; Bó = 5 tép, cột dây hai đầu màu trắng]",Cái,5000,585,KG
10/16/2024,SIM10/24-042,SO2409-0056,CÔNG TY TNHH INTERFLOUR VIỆT NAM,"Xk bán hàng ngày 16/10/2024, XE 51C-672.66",TPH075112G119INT.CAMI050,"Bao TP-PP, trắng tẩy, K75.0x112.0LL, TL: 119.0g/cái, MK: CÁM MÌ POLLARD - CODE 050 (1+0) (Mã: 5000673). [Tép 20 cái gấp 4, code ra ngoài; Bó = 5 tép, cột dây hai đầu màu trắng]",Cái,5000,579,KG
10/16/2024,SIM10/24-043,SO2408-0029,CÔNG TY TNHH LUCKY STAR PLAST,Xk giao hàng gc lucky ngày 16/10/2024;Số cont 40' : YMMU6319034 ;Số seal : YMAS795226,TPH045055G30.28S4MPR20,"Bao TP-PP sọc 4 màu, 20 Red-Yellow, K45x55LLx30.28g, MĐ 8.5x8, bẻ đáy 1 lần may 1 đường PP dương 1200D, cắt răng cưa, không in. [1000 cái/kiện]",CAI,15000,438.6,KG
10/16/2024,SIM10/24-043,SO2408-0028,CÔNG TY TNHH LUCKY STAR PLAST,Xk giao hàng gc lucky ngày 16/10/2024;Số cont 40' : YMMU6319034 ;Số seal : YMAS795226,TPH045055G30.28S4MPR20,"Bao TP-PP sọc 4 màu, 20 Red-Yellow, K45x55LLx30.28g, MĐ 8.5x8, bẻ đáy 1 lần may 1 đường PP dương 1200D, cắt răng cưa, không in. [1000 cái/kiện]",CAI,5000,151.4,KG
10/16/2024,SIM10/24-043,SO2408-0029,CÔNG TY TNHH LUCKY STAR PLAST,Xk giao hàng gc lucky ngày 16/10/2024;Số cont 40' : YMMU6319034 ;Số seal : YMAS795226,TPH045055G30.28S4MPR21,"Bao TP-PP, sọc 4 màu, PR21 Blue-Red, K45x55LL, TL: 30.28g/cái, MĐ: 8.5x8.0, đáy 1 lần/1 đường PP1200D dương, cắt răng cưa, không in. [1000 cái/kiện]",CAI,15000,457,KG
10/16/2024,SIM10/24-043,SO2408-0028,CÔNG TY TNHH LUCKY STAR PLAST,Xk giao hàng gc lucky ngày 16/10/2024;Số cont 40' : YMMU6319034 ;Số seal : YMAS795226,TPH045055G30.28S4MPR21,"Bao TP-PP, sọc 4 màu, PR21 Blue-Red, K45x55LL, TL: 30.28g/cái, MĐ: 8.5x8.0, đáy 1 lần/1 đường PP1200D dương, cắt răng cưa, không in. [1000 cái/kiện]",CAI,5000,151.4,KG
10/16/2024,SIM10/24-043,SO2408-0029,CÔNG TY TNHH LUCKY STAR PLAST,Xk giao hàng gc lucky ngày 16/10/2024;Số cont 40' : YMMU6319034 ;Số seal : YMAS795226,TPH045055G30.28S5MPR16,"Bao TP-PP sọc 5 màu, 16 Blue-White, K45x55LLx30.28g, MĐ 8.5x8.0, bẻ đáy 1 lần may 1 đường PP dương 1200D, cắt răng cưa, không in. [1000cái/kiện]",CAI,15000,441.1,KG
10/16/2024,SIM10/24-043,SO2408-0028,CÔNG TY TNHH LUCKY STAR PLAST,Xk giao hàng gc lucky ngày 16/10/2024;Số cont 40' : YMMU6319034 ;Số seal : YMAS795226,TPH045055G30.28S5MPR16,"Bao TP-PP sọc 5 màu, 16 Blue-White, K45x55LLx30.28g, MĐ 8.5x8.0, bẻ đáy 1 lần may 1 đường PP dương 1200D, cắt răng cưa, không in. [1000cái/kiện]",CAI,5000,151.4,KG
10/16/2024,SIM10/24-043,SO2408-0029,CÔNG TY TNHH LUCKY STAR PLAST,Xk giao hàng gc lucky ngày 16/10/2024;Số cont 40' : YMMU6319034 ;Số seal : YMAS795226,TPH045055G30.28S5MPR17,"Bao TP-PP sọc 5 màu, 17 Red-White, K45x55LLx30.28g, MĐ 8.5x8, bẻ đáy 1 lần may 1 đường PP dương 1200D, cắt răng cưa, không in. [1000 cái/kiện]",CAI,15000,459.6,KG
10/16/2024,SIM10/24-043,SO2408-0028,CÔNG TY TNHH LUCKY STAR PLAST,Xk giao hàng gc lucky ngày 16/10/2024;Số cont 40' : YMMU6319034 ;Số seal : YMAS795226,TPH045055G30.28S5MPR17,"Bao TP-PP sọc 5 màu, 17 Red-White, K45x55LLx30.28g, MĐ 8.5x8, bẻ đáy 1 lần may 1 đường PP dương 1200D, cắt răng cưa, không in. [1000 cái/kiện]",CAI,5000,151.4,KG
10/16/2024,SIM10/24-043,SO2408-0029,CÔNG TY TNHH LUCKY STAR PLAST,Xk giao hàng gc lucky ngày 16/10/2024;Số cont 40' : YMMU6319034 ;Số seal : YMAS795226,TPH045055G30.28S5MPR18,"Bao TP-PP sọc 5 màu, 18 Black-White, K45x55LLx30.28g, MĐ 8.5x8, bẻ đáy 1 lần may 1 đường PP dương 1200D, cắt răng cưa, không in. [1000 cái/kiện]",CAI,15000,443.5,KG
10/16/2024,SIM10/24-043,SO2408-0028,CÔNG TY TNHH LUCKY STAR PLAST,Xk giao hàng gc lucky ngày 16/10/2024;Số cont 40' : YMMU6319034 ;Số seal : YMAS795226,TPH045055G30.28S5MPR18,"Bao TP-PP sọc 5 màu, 18 Black-White, K45x55LLx30.28g, MĐ 8.5x8, bẻ đáy 1 lần may 1 đường PP dương 1200D, cắt răng cưa, không in. [1000 cái/kiện]",CAI,5000,151.4,KG
10/16/2024,SIM10/24-043,SO2408-0029,CÔNG TY TNHH LUCKY STAR PLAST,Xk giao hàng gc lucky ngày 16/10/2024;Số cont 40' : YMMU6319034 ;Số seal : YMAS795226,TPH045055G30.28S5MPR19,"Bao TP-PP sọc 5 màu, 19 Green-Yellow, K45x55LLx30.28g, MĐ 8.5x8, bẻ đáy 1 lần may 1 đường PP dương 1200D, cắt răng cưa, không in. [1000 cái/kiện]",CAI,15000,442.98,KG
10/16/2024,SIM10/24-043,SO2408-0028,CÔNG TY TNHH LUCKY STAR PLAST,Xk giao hàng gc lucky ngày 16/10/2024;Số cont 40' : YMMU6319034 ;Số seal : YMAS795226,TPH045055G30.28S5MPR19,"Bao TP-PP sọc 5 màu, 19 Green-Yellow, K45x55LLx30.28g, MĐ 8.5x8, bẻ đáy 1 lần may 1 đường PP dương 1200D, cắt răng cưa, không in. [1000 cái/kiện]",CAI,5000,151.4,KG
10/16/2024,SIM10/24-043,SO2408-0029,CÔNG TY TNHH LUCKY STAR PLAST,Xk giao hàng gc lucky ngày 16/10/2024;Số cont 40' : YMMU6319034 ;Số seal : YMAS795226,TPH055065G43.38S4MPR07,"Bao TP-PP, sọc 4 màu, PR07 Blue, K55x65LL, TL: 43.38g/cái (58gsm), MĐ: 8.5x8.0, đáy 1 lần/1 đường PP1200D xanh dương, cắt răng cưa, không in. [1000cái/kiện, bắn đai 4 ngang x 1 dọc]",CAI,51000,2130,KG
10/16/2024,SIM10/24-043,SO2408-0028,CÔNG TY TNHH LUCKY STAR PLAST,Xk giao hàng gc lucky ngày 16/10/2024;Số cont 40' : YMMU6319034 ;Số seal : YMAS795226,TPH055065G43.38S4MPR07,"Bao TP-PP, sọc 4 màu, PR07 Blue, K55x65LL, TL: 43.38g/cái (58gsm), MĐ: 8.5x8.0, đáy 1 lần/1 đường PP1200D xanh dương, cắt răng cưa, không in. [1000cái/kiện, bắn đai 4 ngang x 1 dọc]",CAI,5000,216.9,KG
10/16/2024,SIM10/24-043,SO2408-0028,CÔNG TY TNHH LUCKY STAR PLAST,Xk giao hàng gc lucky ngày 16/10/2024;Số cont 40' : YMMU6319034 ;Số seal : YMAS795226,TPH055065G43.38S4MPR08,"Bao TP-PP, sọc 4 màu, PR08 Red, K55x65LL, TL: 43.38g/cái, MĐ: 8.5x8.0, đáy 1 lần/1 đường PP1200D xanh dương, cắt răng cưa, không in. [1000cái/kiện, bắn đai 4 ngang x 1 dọc]",CAI,5000,216.9,KG
10/16/2024,SIM10/24-043,SO2408-0029,CÔNG TY TNHH LUCKY STAR PLAST,Xk giao hàng gc lucky ngày 16/10/2024;Số cont 40' : YMMU6319034 ;Số seal : YMAS795226,TPH055065G43.38S4MPR08,"Bao TP-PP, sọc 4 màu, PR08 Red, K55x65LL, TL: 43.38g/cái, MĐ: 8.5x8.0, đáy 1 lần/1 đường PP1200D xanh dương, cắt răng cưa, không in. [1000cái/kiện, bắn đai 4 ngang x 1 dọc]",CAI,51000,2119.5,KG
10/16/2024,SIM10/24-043,SO2408-0028,CÔNG TY TNHH LUCKY STAR PLAST,Xk giao hàng gc lucky ngày 16/10/2024;Số cont 40' : YMMU6319034 ;Số seal : YMAS795226,TPH055065G43.38S4MPR09,"Bao TP-PP, sọc 4 màu, PR09 Yellow, K55x65LL, TL: 43.38g/cái, MĐ: 8.5x8.0, đáy 1 lần/1 đường PP1200D xanh dương, cắt răng cưa, không in. [1000cái/kiện, bắn đai 4 ngang x 1 dọc]",CAI,5000,216.9,KG
10/16/2024,SIM10/24-043,SO2408-0029,CÔNG TY TNHH LUCKY STAR PLAST,Xk giao hàng gc lucky ngày 16/10/2024;Số cont 40' : YMMU6319034 ;Số seal : YMAS795226,TPH055065G43.38S4MPR09,"Bao TP-PP, sọc 4 màu, PR09 Yellow, K55x65LL, TL: 43.38g/cái, MĐ: 8.5x8.0, đáy 1 lần/1 đường PP1200D xanh dương, cắt răng cưa, không in. [1000cái/kiện, bắn đai 4 ngang x 1 dọc]",CAI,51000,2108.85,KG
10/16/2024,SIM10/24-043,SO2408-0028,CÔNG TY TNHH LUCKY STAR PLAST,Xk giao hàng gc lucky ngày 16/10/2024;Số cont 40' : YMMU6319034 ;Số seal : YMAS795226,TPH055065G43.38S4MPR10,"Bao TP-PP, sọc 4 màu, PR10 Green, K55x65LL, TL: 43.38g/cái, MĐ: 8.5x8.0, đáy 1 lần/1 đường PP1200D xanh dương, cắt răng cưa, không in. [1000cái/kiện, bắn đai 4 ngang x 1 dọc]",CAI,5000,216.9,KG
10/16/2024,SIM10/24-043,SO2408-0029,CÔNG TY TNHH LUCKY STAR PLAST,Xk giao hàng gc lucky ngày 16/10/2024;Số cont 40' : YMMU6319034 ;Số seal : YMAS795226,TPH055065G43.38S4MPR10,"Bao TP-PP, sọc 4 màu, PR10 Green, K55x65LL, TL: 43.38g/cái, MĐ: 8.5x8.0, đáy 1 lần/1 đường PP1200D xanh dương, cắt răng cưa, không in. [1000cái/kiện, bắn đai 4 ngang x 1 dọc]",CAI,51000,2090.5,KG
10/16/2024,SIM10/24-043,SO2408-0028,CÔNG TY TNHH LUCKY STAR PLAST,Xk giao hàng gc lucky ngày 16/10/2024;Số cont 40' : YMMU6319034 ;Số seal : YMAS795226,TPH055065G43.38S4MPR15,"Bao TP-PP, sọc 4 màu, PR15 Red-Yellow, K55x65LL, TL: 43.38g/cái, MĐ: 8.5x8.0, đáy 1 lần/1 đường PP1200D xanh dương, cắt răng cưa, không in. [1000cái/kiện, bắn đai 4 ngang x 1 dọc]",CAI,5000,216.9,KG
10/16/2024,SIM10/24-043,SO2408-0029,CÔNG TY TNHH LUCKY STAR PLAST,Xk giao hàng gc lucky ngày 16/10/2024;Số cont 40' : YMMU6319034 ;Số seal : YMAS795226,TPH055065G43.38S4MPR15,"Bao TP-PP, sọc 4 màu, PR15 Red-Yellow, K55x65LL, TL: 43.38g/cái, MĐ: 8.5x8.0, đáy 1 lần/1 đường PP1200D xanh dương, cắt răng cưa, không in. [1000cái/kiện, bắn đai 4 ngang x 1 dọc]",CAI,25000,1024.4,KG
10/16/2024,SIM10/24-043,SO2408-0028,CÔNG TY TNHH LUCKY STAR PLAST,Xk giao hàng gc lucky ngày 16/10/2024;Số cont 40' : YMMU6319034 ;Số seal : YMAS795226,TPH055065G43.38S4MPR31,"Bao TP-PP, sọc 4 màu, PR31 Blue-Red, K55x65LL, TL: 43.38g/cái, MĐ: 8.5x8.0, đáy 1 lần/1 đường PP1200D xanh dương, cắt răng cưa, không in. [1000cái/kiện, bắn đai 4 ngang x 1 dọc]",CAI,5000,216.9,KG
10/16/2024,SIM10/24-043,SO2408-0029,CÔNG TY TNHH LUCKY STAR PLAST,Xk giao hàng gc lucky ngày 16/10/2024;Số cont 40' : YMMU6319034 ;Số seal : YMAS795226,TPH055065G43.38S4MPR31,"Bao TP-PP, sọc 4 màu, PR31 Blue-Red, K55x65LL, TL: 43.38g/cái, MĐ: 8.5x8.0, đáy 1 lần/1 đường PP1200D xanh dương, cắt răng cưa, không in. [1000cái/kiện, bắn đai 4 ngang x 1 dọc]",CAI,25000,1037.4,KG
10/16/2024,SIM10/24-043,SO2408-0028,CÔNG TY TNHH LUCKY STAR PLAST,Xk giao hàng gc lucky ngày 16/10/2024;Số cont 40' : YMMU6319034 ;Số seal : YMAS795226,TPH055065G43.38S5MPR11,"Bao TP-PP, sọc 5 màu, PR11 Blue-White, K55x65LL, TL: 43.38g/cái, MĐ 8.5x8, đáy 1 lần/1 đường PP1200D xanh dương, cắt răng cưa, không in. [1000cái/kiện, bắn đai 4 ngang x 1 dọc]",CAI,5000,216.9,KG
10/16/2024,SIM10/24-043,SO2408-0029,CÔNG TY TNHH LUCKY STAR PLAST,Xk giao hàng gc lucky ngày 16/10/2024;Số cont 40' : YMMU6319034 ;Số seal : YMAS795226,TPH055065G43.38S5MPR11,"Bao TP-PP, sọc 5 màu, PR11 Blue-White, K55x65LL, TL: 43.38g/cái, MĐ 8.5x8, đáy 1 lần/1 đường PP1200D xanh dương, cắt răng cưa, không in. [1000cái/kiện, bắn đai 4 ngang x 1 dọc]",CAI,25000,1030.9,KG
10/16/2024,SIM10/24-043,SO2408-0028,CÔNG TY TNHH LUCKY STAR PLAST,Xk giao hàng gc lucky ngày 16/10/2024;Số cont 40' : YMMU6319034 ;Số seal : YMAS795226,TPH055065G43.38S5MPR12,"Bao TP-PP, sọc 5 màu, PR12 Red-White, K55x65LL, TL: 43.38g/cái, MĐ: 8.5x8.0, đáy 1 lần/1 đường PP1200D xanh dương, cắt răng cưa, không in. [1000cái/kiện, bắn đai 4 ngang x 1 dọc]",CAI,5000,216.9,KG
10/16/2024,SIM10/24-043,SO2408-0029,CÔNG TY TNHH LUCKY STAR PLAST,Xk giao hàng gc lucky ngày 16/10/2024;Số cont 40' : YMMU6319034 ;Số seal : YMAS795226,TPH055065G43.38S5MPR12,"Bao TP-PP, sọc 5 màu, PR12 Red-White, K55x65LL, TL: 43.38g/cái, MĐ: 8.5x8.0, đáy 1 lần/1 đường PP1200D xanh dương, cắt răng cưa, không in. [1000cái/kiện, bắn đai 4 ngang x 1 dọc]",CAI,25000,1039.8,KG
10/16/2024,SIM10/24-043,SO2408-0028,CÔNG TY TNHH LUCKY STAR PLAST,Xk giao hàng gc lucky ngày 16/10/2024;Số cont 40' : YMMU6319034 ;Số seal : YMAS795226,TPH055065G43.38S5MPR13,"Bao TP-PP, sọc 5 màu, PR13 Black-White, K55x65LL, TL: 43.38g/cái, MĐ: 8.5x8.0, đáy 1 lần/1 đường PP1200D xanh dương, cắt răng cưa, không in. [1000cái/kiện, bắn đai 4 ngang x 1 dọc]",CAI,5000,216.9,KG
10/16/2024,SIM10/24-043,SO2408-0029,CÔNG TY TNHH LUCKY STAR PLAST,Xk giao hàng gc lucky ngày 16/10/2024;Số cont 40' : YMMU6319034 ;Số seal : YMAS795226,TPH055065G43.38S5MPR13,"Bao TP-PP, sọc 5 màu, PR13 Black-White, K55x65LL, TL: 43.38g/cái, MĐ: 8.5x8.0, đáy 1 lần/1 đường PP1200D xanh dương, cắt răng cưa, không in. [1000cái/kiện, bắn đai 4 ngang x 1 dọc]",CAI,25000,1041.9,KG
10/16/2024,SIM10/24-043,SO2408-0028,CÔNG TY TNHH LUCKY STAR PLAST,Xk giao hàng gc lucky ngày 16/10/2024;Số cont 40' : YMMU6319034 ;Số seal : YMAS795226,TPH055065G43.38S5MPR14,"Bao TP-PP, sọc 5 màu, PR14 Green-Yellow, K55x65LL, TL: 43.38g/cái, MĐ: 8.5x8.0, đáy 1 lần/1 đường PP1200D xanh dương, cắt răng cưa, không in. [1000cái/kiện, bắn đai 4 ngang x 1 dọc]",CAI,5000,216.9,KG
10/16/2024,SIM10/24-043,SO2408-0029,CÔNG TY TNHH LUCKY STAR PLAST,Xk giao hàng gc lucky ngày 16/10/2024;Số cont 40' : YMMU6319034 ;Số seal : YMAS795226,TPH055065G43.38S5MPR14,"Bao TP-PP, sọc 5 màu, PR14 Green-Yellow, K55x65LL, TL: 43.38g/cái, MĐ: 8.5x8.0, đáy 1 lần/1 đường PP1200D xanh dương, cắt răng cưa, không in. [1000cái/kiện, bắn đai 4 ngang x 1 dọc]",CAI,25000,1010.3,KG
10/16/2024,SIM10/24-043,SO2408-0028,CÔNG TY TNHH LUCKY STAR PLAST,Xk giao hàng gc lucky ngày 16/10/2024;Số cont 40' : YMMU6319034 ;Số seal : YMAS795226,TPH055092G53.30TDUPR06,"Bao TP-PP, trắng đục, PR06 Arroz, K55x92LL, TL: 53.30g/cái, không in. [Ép kiện: 1000cái/kiện, bắn đai 5 ngang x 1 dọc]",CAI,5000,266.5,KG
10/16/2024,SIM10/24-043,SO2408-0029,CÔNG TY TNHH LUCKY STAR PLAST,Xk giao hàng gc lucky ngày 16/10/2024;Số cont 40' : YMMU6319034 ;Số seal : YMAS795226,TPH055092G53.30TDUPR06,"Bao TP-PP, trắng đục, PR06 Arroz, K55x92LL, TL: 53.30g/cái, không in. [Ép kiện: 1000cái/kiện, bắn đai 5 ngang x 1 dọc]",CAI,50000,2748.4,KG
10/16/2024,SIM10/24-043,SO2408-0030,CÔNG TY TNHH LUCKY STAR PLAST,Xk giao hàng gc lucky ngày 16/10/2024;Số cont 40' : YMMU6319034 ;Số seal : YMAS795226,TPH055092G53.30TDUPR06,"Bao TP-PP, trắng đục, PR06 Arroz, K55x92LL, TL: 53.30g/cái, không in. [Ép kiện: 1000cái/kiện, bắn đai 5 ngang x 1 dọc]",CAI,15000,799.5,KG
10/16/2024,SIM10/24-044,,ANH MẠNH,Xuất bán phế tạp 1337kg*5.000đ=6.685.000đ,PHE-PHETAP,PHẾ TẠP DƠ - VẢI ÁO BAO MANH QUẤN CUỘN BỊ DƠ,KG,1337,1337,KG
10/16/2024,SIM10/24-045,SO2408-0056,Halston Polyfabs Ltd (BONA VENTURES PTE LTD),Xk bán hàng ngày 16/10/2024;Số cont 40' : SEGU4478872 ;Số seal : YMAR970561; INV: 264,0102109008000000,"Vải cuộn PP, trắng đục, K58.5cm, MĐ: 10.0x10.0, dệt xếp, TL: 82.0g/m./THACUHAL585100100082TRDU",M,20000,1640,KG
10/16/2024,SIM10/24-045,SO2409-0007,Halston Polyfabs Ltd (BONA VENTURES PTE LTD),Xk bán hàng ngày 16/10/2024;Số cont 40' : SEGU4478872 ;Số seal : YMAR970561; INV: 264,0102109008000000,"Vải cuộn PP, trắng đục, K58.5cm, MĐ: 10.0x10.0, dệt xếp, TL: 82.0g/m./THACUHAL585100100082TRDU",M,39572,3238.5,KG
10/16/2024,SIM10/24-045,SO2408-0001,Halston Polyfabs Ltd (BONA VENTURES PTE LTD),Xk bán hàng ngày 16/10/2024;Số cont 40' : SEGU4478872 ;Số seal : YMAR970561; INV: 264,0102109009000000,"Vải cuộn PP, trắng đục, K58.5cm, MĐ: 13.0x13.0, 900D, TL: 120.0g/m.THACUHAL585130130120TRDU",M,49166,5912,KG
10/16/2024,SIM10/24-045,SO2408-0050,Halston Polyfabs Ltd (BONA VENTURES PTE LTD),Xk bán hàng ngày 16/10/2024;Số cont 40' : SEGU4478872 ;Số seal : YMAR970561; INV: 264,0102109015000000,"Vải cuộn PP, trắng đục, K74.0cm , MĐ: 11x11.5, 900D, TL: 133g/m./THACUHAL740110115133TRDU",M,44909,5951,KG
10/16/2024,SIM10/24-045,SO2409-0001,Halston Polyfabs Ltd (BONA VENTURES PTE LTD),Xk bán hàng ngày 16/10/2024;Số cont 40' : SEGU4478872 ;Số seal : YMAR970561; INV: 264,0102109030000000,"Vải cuộn PP, hấp PE bên trong, trắng trong, K58.5cm, TL: 100g/m. [850D, 8.0x8.0, 20micron]/HAPHAL585100TRTR",M,87054,8501,KG
10/18/2024,SIM10/24-046,SO2410-0004,CÔNG TY TNHH INTERFLOUR VIỆT NAM,"Xk bán hàng ngày 18/10/2024, XE 51C-672.66",TPH050077G077INT.REGL317,"Bao TP-PP, trắng tẩy, K50x77LL, TL: 77g/cái, MK: RED GLOBE (BAGUETTE) CODE 317 (2+0) (Mã: 5000595). [Tép 20 cái gấp 03, code ra ngoài. Bó = 05 tép. Dây cột màu trắng, cột 1 ngang x 1 dọc hình chữ thập]",Cái,5000,390.5,KG
10/18/2024,SIM10/24-046,SO2410-0004,CÔNG TY TNHH INTERFLOUR VIỆT NAM,"Xk bán hàng ngày 18/10/2024, XE 51C-672.66",TPH050077G077INT.REGL318,"Bao TP-PP, trắng tẩy, K50x77LL, TL: 77g/cái, MK: RED GLOBE (BAGUETTE) CODE 318 (2+0) (Mã: 5000595). [Tép 20 cái gấp 03, code ra ngoài. Bó = 05 tép. Dây cột màu trắng, cột 1 ngang x 1 dọc hình chữ thập]",Cái,5000,385.5,KG
10/18/2024,SIM10/24-046,SO2410-0017,CÔNG TY TNHH INTERFLOUR VIỆT NAM,"Xk bán hàng ngày 18/10/2024, XE 51C-672.66",TPH050080G080INT.YEGL227,"Bao TP-PP, trắng tẩy, K50x80LL, TL: 80g/cái, MK: YELLOW GLOBE - CODE 227 (2+0) (Mã: 5000611). [Tép 20 cái gấp 03, code ra ngoài. Bó = 05 tép. Dây cột màu trắng, cột 1 ngang x 1 dọc hình chữ thập]",Cái,5000,401.5,KG
10/18/2024,SIM10/24-046,SO2410-0004,CÔNG TY TNHH INTERFLOUR VIỆT NAM,"Xk bán hàng ngày 18/10/2024, XE 51C-672.66",TPH060085G102INT.DFIN118,"Bao TP-PP, trắng tẩy, K60x85LL, TL: 102g/cái, MK: DFIN PP 40KG - CODE 118 (2+0) (Mã: 5000407). [Tép 20 cái gấp 3, code ra ngoài; Bó 5 tép, dây cột trắng, cột chữ thập]",Cái,2000,204.5,KG
10/18/2024,SIM10/24-046,SO2410-0004,CÔNG TY TNHH INTERFLOUR VIỆT NAM,"Xk bán hàng ngày 18/10/2024, XE 51C-672.66",TPH060085G102INT.GP105,"Bao TP-PP, trắng tẩy, K60x85LL, TL: 102g/cái, MK: GP - CODE 105 (1+0) (Mã: 5000642). [Tép 20 cái gấp 3 code ra ngoài.  Bó 05 tép.  Cột chữ thập, dây màu trắng (xám)]",Cái,4000,406.5,KG
10/18/2024,SIM10/24-046,SO2410-0004,CÔNG TY TNHH INTERFLOUR VIỆT NAM,"Xk bán hàng ngày 18/10/2024, XE 51C-672.66",TPH060085G102INT.WHGL248,"Bao TP-PP, trắng tẩy, K60x85LL, TL: 102g/cái, MK: WHITE GLOBE - CODE 248 (2+0) (Mã: 5000666). [Tép 20 cái gấp 3, code ra ngoài; Bó 5 tép, dây cột trắng, cột chữ thập]",Cái,4000,403.5,KG
10/18/2024,SIM10/24-046,SO2410-0004,CÔNG TY TNHH INTERFLOUR VIỆT NAM,"Xk bán hàng ngày 18/10/2024, XE 51C-672.66",TPH060085G102INT.WTSP057,"Bao TP-PP, trắng tẩy, K60x85LL, TL: 102g/cái, MK: WHITE TIGER (SP) - CODE 057 (2+0) (Mã: 5000668). [Tép 20 cái gấp 3, code ra ngoài; Bó 5 tép, dây cột trắng, cột chữ thập]",Cái,4000,406.5,KG
10/18/2024,SIM10/24-046,SO2410-0004,CÔNG TY TNHH INTERFLOUR VIỆT NAM,"Xk bán hàng ngày 18/10/2024, XE 51C-672.66",TPH060088INT.AQ34THAC341,"Bao TP-PP, trắng tẩy, K60x88LL, TL: 105g/cái, MK: AQUA FLOUR 34 - CODE 341 (2+1) (Mã: 5000620). [Tép 20 cái gấp 03, code ra ngoài. Bó = 05 tép. Dây cột màu trắng, cột 1 ngang x 1 dọc hình chữ thập]",Cái,4000,424.5,KG
10/18/2024,SIM10/24-046,SO2410-0017,CÔNG TY TNHH INTERFLOUR VIỆT NAM,"Xk bán hàng ngày 18/10/2024, XE 51C-672.66",TPH060088INT.AQ34THAC350,"Bao TP-PP, trắng tẩy, K60x88LL, TL: 105g/cái, MK: AQUA FLOUR 34 - CODE 350 (2+1) (Mã: 5000620). [Tép 20 cái gấp 03, code ra ngoài. Bó = 05 tép. Dây cột màu trắng, cột 1 ngang x 1 dọc hình chữ thập]",Cái,4000,421.5,KG
10/18/2024,SIM10/24-046,SO2410-0017,CÔNG TY TNHH INTERFLOUR VIỆT NAM,"Xk bán hàng ngày 18/10/2024, XE 51C-672.66",TPH060088INT.AQ34THAC351,"Bao TP-PP, trắng tẩy, K60x88LL, TL: 105g/cái, MK: AQUA FLOUR 34 - CODE 351 (2+1) (Mã: 5000620). [Tép 20 cái gấp 03, code ra ngoài. Bó = 05 tép. Dây cột màu trắng, cột 1 ngang x 1 dọc hình chữ thập]",Cái,4000,414,KG
10/18/2024,SIM10/24-046,SO2410-0017,CÔNG TY TNHH INTERFLOUR VIỆT NAM,"Xk bán hàng ngày 18/10/2024, XE 51C-672.66",TPH060088INT.AQ34THAC352,"Bao TP-PP, trắng tẩy, K60x88LL, TL: 105g/cái, MK: AQUA FLOUR 34 - CODE 352 (2+1) (Mã: 5000620). [Tép 20 cái gấp 03, code ra ngoài. Bó = 05 tép. Dây cột màu trắng, cột 1 ngang x 1 dọc hình chữ thập]",Cái,4000,423,KG
10/18/2024,SIM10/24-046,SO2410-0017,CÔNG TY TNHH INTERFLOUR VIỆT NAM,"Xk bán hàng ngày 18/10/2024, XE 51C-672.66",TPH060088INT.AQ34THAC353,"Bao TP-PP, trắng tẩy, K60x88LL, TL: 105g/cái, MK: AQUA FLOUR 34 - CODE 353 (2+1) (Mã: 5000620). [Tép 20 cái gấp 03, code ra ngoài. Bó = 05 tép. Dây cột màu trắng, cột 1 ngang x 1 dọc hình chữ thập]",Cái,4000,420.5,KG
10/18/2024,SIM10/24-046,SO2410-0017,CÔNG TY TNHH INTERFLOUR VIỆT NAM,"Xk bán hàng ngày 18/10/2024, XE 51C-672.66",TPH060088INT.AQ34THAC354,"Bao TP-PP, trắng tẩy, K60x88LL, TL: 105g/cái, MK: AQUA FLOUR 34 - CODE 354 (2+1) (Mã: 5000620). [Tép 20 cái gấp 03, code ra ngoài. Bó = 05 tép. Dây cột màu trắng, cột 1 ngang x 1 dọc hình chữ thập]",Cái,4000,418.5,KG
