Mã phiếu,Người tạo,Ngày tạo,Mã yêu cầu,Mã vật tư,Tên vật tư,Đvt (01),SỐ LƯỢNG (01),ĐVT (02),SỐ LƯỢNG (02),NGÀY CẦN,Tiền tệ,Đơn giá,Tiền thuế,Tổng tiền,Tên NCC,Mã NCC
PO01/25-057,Nguyễn Thị Đào,1/22/2025,PR25/01-049,0090610220000000,Đầu dù trước CS ( theo bản vẽ ),CAI,30,CAI,30,,VND,1,0,30,TRẦN HỮU THÀNH _ VẬT TƯ NHÀ MÁY,NCC010053
PO01/25-057,Nguyễn Thị Đào,1/22/2025,PR25/01-049,0090610230000000,Đầu dù sau CS ( theo bản vẽ ),CAI,30,CAI,30,,VND,1,0,30,TRẦN HỮU THÀNH _ VẬT TƯ NHÀ MÁY,NCC010053
PO01/25-068,Nguyễn Thị Đào,1/24/2025,PR25/01-062,020020021,"Ống giấy mới, dài 202cm(+2/-0), ĐK trong: 76.0mm, Dày: 7.0-8.0mm, ĐK ngoài: 91.0mm, lực nén tối thiểu: 100kgF, TL: 3.0kg/ống(+/-0.2).",ONG,709,KG,2127,,VND,1,57,709,CÔNG TY CỔ PHẦN BAO BÌ Á CHÂU,NCC010006
PO01/25-068,Nguyễn Thị Đào,1/24/2025,PR25/01-062,020020022,"Ống giấy mới, dài 202cm(+/-1), ĐK trong: 76.0mm, Dày: 9.0-10.0mm, lực nén tối thiểu: 128kgF, TL: 4.0kg/ống(+/-0.2).",ONG,147,KG,588,,VND,1,12,147,CÔNG TY CỔ PHẦN BAO BÌ Á CHÂU,NCC010006
PO01/25-067,Nguyễn Thị Đào,1/24/2025,PR25/01-062,040010009000000,"Chỉ may PP 1200D, màu trắng không tẩy. Lực >4.8kgF, dãn >20%, nhúng hồ 20 điểm/1 mét, kháng UV 1-2%",KG,447,KG,447,,VND,37000,1323120,16539000,CÔNG TY TNHH PHƯƠNG QUÂN VINA,NCC010357
PO01/25-067,Nguyễn Thị Đào,1/24/2025,PR25/01-062,040010011000000,"Chỉ may PP 1200D, xanh dương. Cơ lý > or = 4.8KgF. Độ dãn > or =20%, Nhúng hồ 20 điểm/1 mét (5cm/điểm), kháng UV 1-2%",KG,464,KG,464,,VND,37000,1373440,17168000,CÔNG TY TNHH PHƯƠNG QUÂN VINA,NCC010357
PO01/25-067,Nguyễn Thị Đào,1/24/2025,PR25/01-063,040010015000000,"Chỉ may PP 900D, màu trắng không tẩy.(Cơ lý > or = 3.6Kgf. Độ dãn > or = 20%, Nhúng hồ 20 điểm/1 mét (5cm/điểm), màu trắng không tẩy), kháng UV 1-2%",KG,2700,KG,2700,,VND,37000,7992000,99900000,CÔNG TY TNHH PHƯƠNG QUÂN VINA,NCC010357
PO01/25-052,Nguyễn Thị Đào,1/17/2025,PR25/01-040,0500100030000000,Dây đai ép kiện màu đỏ BẢN 15 mm độ dày 1 mm,CUON,10,KG,100,,VND,227000,0,2270000,TRẦN HỮU THÀNH _ VẬT TƯ NHÀ MÁY,NCC010053
PO01/25-028,Nguyễn Thị Đào,1/8/2025,PR25/01-023,0500100110000000,"Dây đai ép kiện PP, màu xanh lá, K15.0mm, dày 1mm, tension >350kgF, TL: 10g/m",Cuộn,10,KG,100,,VND,227000,0,2270000,TRẦN HỮU THÀNH _ VẬT TƯ NHÀ MÁY,NCC010053
PO01/25-043,Nguyễn Thị Đào,1/14/2025,PR25/01-035,08DAY-NOXI-01-0606,"Dây chống xì đường kính 6mm sợi poly dùng cho may bao, trọng lượng 6g/m",M,50983.3,KG,305.8998,,VND,324,1651859,16518589,CÔNG TY TNHH HONSIN (VIỆT NAM),NCC010100
PO01/25-020,Thái Nguyễn Minh Quyết,1/8/2025,PR25/01-019,0900400020000000,BẠC NHÔM BÁNH XE CAM (Nova 6063507),CAI,936,CAI,936,,VND,1,0,936,"Changzhou United Win Pack Co., Ltd",NCC020024
PO01/25-019,Thái Nguyễn Minh Quyết,1/8/2025,PR25/01-017,0900500050000000,BÁT LĂN ĐAI DƯỚI NOVA,CAI,468,CAI,468,,USD,1,0,468,"Changzhou United Win Pack Co., Ltd",NCC020024
PO01/25-020,Thái Nguyễn Minh Quyết,1/8/2025,PR25/01-019,0900500050000000,BÁT LĂN ĐAI DƯỚI NOVA,CAI,468,CAI,468,,VND,1,0,468,"Changzhou United Win Pack Co., Ltd",NCC020024
PO01/25-019,Thái Nguyễn Minh Quyết,1/8/2025,PR25/01-017,0900500060000000,BÁT LĂN ĐAI TRÊN NOVA+ LSL6 mã: LSL6 076105,CAI,468,CAI,468,,USD,1,0,468,"Changzhou United Win Pack Co., Ltd",NCC020024
PO01/25-020,Thái Nguyễn Minh Quyết,1/8/2025,PR25/01-019,0900500060000000,BÁT LĂN ĐAI TRÊN NOVA+ LSL6 mã: LSL6 076105,CAI,468,CAI,468,,VND,1,0,468,"Changzhou United Win Pack Co., Ltd",NCC020024
PO01/25-062,Nguyễn Thị Đào,1/22/2025,PR25/01-049,0900500120000000,Bát càng + gối đỡ đầu dù trước CS.,CAI,30,CAI,30,,VND,1,0,30,TRẦN HỮU THÀNH _ VẬT TƯ NHÀ MÁY,NCC010053
PO01/25-036,Nguyễn Thị Đào,1/14/2025,PR25/01-039,0901000390000000,"ỐNG SẮT CUỘN JUMBO ; phi ngoài 114 mm , dày 3.5 mm , chiều dài 2200mm",ONG,30,ONG,30,,VND,611000,0,18330000,TRẦN HỮU THÀNH _ VẬT TƯ NHÀ MÁY,NCC010053
PO01/25-010,Nguyễn Thị Đào,1/6/2025,PR25/01-008,0901000450000000,Cáp Displayport,Cái,1,Cái,1,,VND,220000,0,220000,Trần Trung Hiếu,NV031
PO01/25-041,Nguyễn Thị Đào,1/14/2025,PR25/01-030,0901100170000000,Bạc đạn SKF 6000-2Z/C3,CAI,200,CAI,200,,VND,22000,352000,4400000,CÔNG TY TNHH THƯƠNG MẠI ĐẦU TƯ MAI LÊ,NCC010013
PO01/25-019,Thái Nguyễn Minh Quyết,1/8/2025,PR25/01-017,0901100170000000,Bạc đạn SKF 6000-2Z/C3,CAI,1950,CAI,1950,,USD,1,0,1950,"Changzhou United Win Pack Co., Ltd",NCC020024
PO01/25-020,Thái Nguyễn Minh Quyết,1/8/2025,PR25/01-019,0901100170000000,Bạc đạn SKF 6000-2Z/C3,CAI,1950,CAI,1950,,VND,1,0,1950,"Changzhou United Win Pack Co., Ltd",NCC020024
PO01/25-019,Thái Nguyễn Minh Quyết,1/8/2025,PR25/01-017,0901100180000000,BẠC ĐẠN 6001,CAI,1872,CAI,1872,,USD,1,0,1872,"Changzhou United Win Pack Co., Ltd",NCC020024
PO01/25-020,Thái Nguyễn Minh Quyết,1/8/2025,PR25/01-019,0901100180000000,BẠC ĐẠN 6001,CAI,1872,CAI,1872,,VND,1,0,1872,"Changzhou United Win Pack Co., Ltd",NCC020024
PO01/25-041,Nguyễn Thị Đào,1/14/2025,PR25/01-030,0901100620000000,BẠC ĐẠN UC206,CAI,40,CAI,40,,VND,75000,240000,3000000,CÔNG TY TNHH THƯƠNG MẠI ĐẦU TƯ MAI LÊ,NCC010013
PO01/25-041,Nguyễn Thị Đào,1/14/2025,PR25/01-030,0901100730000000,Bạc đạn SKF 609 2Z/C3,CAI,200,CAI,200,,VND,30000,480000,6000000,CÔNG TY TNHH THƯƠNG MẠI ĐẦU TƯ MAI LÊ,NCC010013
PO01/25-016,Nguyễn Thị Đào,1/8/2025,PR25/01-013,0901101740000000,Nối thủy lực 27 ( theo mẫu ),CAI,2,CAI,2,,VND,25000,0,50000,TRẦN HỮU THÀNH _ VẬT TƯ NHÀ MÁY,NCC010053
PO01/25-034,Thái Nguyễn Minh Quyết,1/13/2025,,0901301960000000,Bulong lục giác đầu trụ (Hex soc set screw M5x10 45H fp blk Mã : 12172105010),CAI,50,CAI,50,,USD,0.08,0,4,CÔNG TY LOHIA CORP LIMITED,NCC020009
PO01/25-034,Thái Nguyễn Minh Quyết,1/13/2025,,0901301970000000,Bulong lục giác đầu trụ (Hex soc hd cap screw M6x10 10.9 zpb Mã : 12112206010),CAI,50,CAI,50,,USD,0.06,0,3,CÔNG TY LOHIA CORP LIMITED,NCC020009
PO01/25-034,Thái Nguyễn Minh Quyết,1/13/2025,,0901301980000000,Ốc nở (Spl.Bolt-ENC Mã : 11408583000),CAI,2,CAI,2,,USD,2.35,0,4.7,CÔNG TY LOHIA CORP LIMITED,NCC020009
PO01/25-061,Nguyễn Thị Đào,1/22/2025,PR25/01-059,0901400380000000,Tấm tản nhiệt tháp tròn 150RT.,BO,1,BO,1,,VND,12800000,1024000,12800000,CÔNG TY TNHH MTV THƯƠNG MẠI DỊCH VỤ CƠ ĐIỆN LẠNH THUẬN THÀNH PHÁT,NCC010119
PO01/25-040,Nguyễn Thị Đào,1/14/2025,PR25/01-025,0901800020000000,Bột trét tường,BAO,2,BAO,2,,VND,130000,0,260000,Võ Công Vũ,NV041
PO01/25-062,Nguyễn Thị Đào,1/22/2025,PR25/01-049,0901900060000000,Bánh xe lệch tâm CS ( theo mẫu),Cái,60,Cái,60,,VND,1,0,60,TRẦN HỮU THÀNH _ VẬT TƯ NHÀ MÁY,NCC010053
PO01/25-019,Thái Nguyễn Minh Quyết,1/8/2025,PR25/01-017,0901900280000000,BÁNH XE BỘ ĐẨY NHỰA NOVA6-082301,CAI,78,CAI,78,,USD,1,0,78,"Changzhou United Win Pack Co., Ltd",NCC020024
PO01/25-020,Thái Nguyễn Minh Quyết,1/8/2025,PR25/01-019,0901900280000000,BÁNH XE BỘ ĐẨY NHỰA NOVA6-082301,CAI,78,CAI,78,,VND,1,0,78,"Changzhou United Win Pack Co., Ltd",NCC020024
PO01/25-019,Thái Nguyễn Minh Quyết,1/8/2025,PR25/01-017,0901900330000000,BÁNH XE CAM NOVA6 - phi 52mm (Nova6 063506),Cái,936,Cái,936,,USD,1,0,936,"Changzhou United Win Pack Co., Ltd",NCC020024
PO01/25-020,Thái Nguyễn Minh Quyết,1/8/2025,PR25/01-019,0901900330000000,BÁNH XE CAM NOVA6 - phi 52mm (Nova6 063506),Cái,936,Cái,936,,VND,1,0,936,"Changzhou United Win Pack Co., Ltd",NCC020024
PO01/25-012,Nguyễn Thị Đào,1/6/2025,PR25/01-003,0901900640000000,Bánh xe treo cửa lùa ( loại 4 bánh),CAI,8,CAI,8,,VND,20000,0,160000,Võ Công Vũ,NV041
PO01/25-062,Nguyễn Thị Đào,1/22/2025,PR25/01-049,0901900700000000,Bánh xe côn dài CS ( theo mẫu).,CAI,30,CAI,30,,VND,1,0,30,TRẦN HỮU THÀNH _ VẬT TƯ NHÀ MÁY,NCC010053
PO01/25-056,Nguyễn Thị Đào,1/22/2025,PR25/01-056,0902100040000000,DÂY CU ROA 850H - bản 45mm,Cái,10,Cái,10,,VND,1,1,10,CÔNG TY TNHH ALPHA POWER,NCC010247
PO01/25-036,Nguyễn Thị Đào,1/14/2025,PR25/01-039,0902202760000000,Rulô lăn sơn 10cm,Cây,2,Cây,2,,VND,1,0,2,TRẦN HỮU THÀNH _ VẬT TƯ NHÀ MÁY,NCC010053
PO01/25-064,Nguyễn Thị Đào,1/22/2025,PR25/01-050,0902202950000000,Biến Tần FR-D740-080-EC .380V-3.7KW,Cái,2,Cái,2,,VND,5000000,0,10000000,TRẦN HỮU THÀNH _ VẬT TƯ NHÀ MÁY,NCC010053
PO01/25-064,Nguyễn Thị Đào,1/22/2025,PR25/01-050,0902202960000000,"Biến tần Misubishi FR-D740-120-EC - 380V-5,5KW",Cái,2,Cái,2,,VND,7500000,0,15000000,TRẦN HỮU THÀNH _ VẬT TƯ NHÀ MÁY,NCC010053
PO01/25-064,Nguyễn Thị Đào,1/22/2025,PR25/01-050,0902203050000000,Biến tần Mitsubishi FR-D720S-0.75K 0.75kW 1 Pha 220V,CAI,2,CAI,2,,VND,2500000,0,5000000,TRẦN HỮU THÀNH _ VẬT TƯ NHÀ MÁY,NCC010053
PO01/25-060,Nguyễn Thị Đào,1/22/2025,PR25/01-047,0902208890000000,MCB - 2P-6A - 10KA Schneider,CAI,10,CAI,10,,VND,1,0,10,TRẦN HỮU THÀNH _ VẬT TƯ NHÀ MÁY,NCC010053
PO01/25-052,Nguyễn Thị Đào,1/17/2025,PR25/01-043,0902209060000000,Đèn soi-chiếu tẩy ( loại cầm tay),CAI,10,CAI,10,,VND,1,0,10,TRẦN HỮU THÀNH _ VẬT TƯ NHÀ MÁY,NCC010053
PO01/25-057,Nguyễn Thị Đào,1/22/2025,PR25/01-048,0902209090000000,Máng trượt tay gắp bao máy cắt may AUTO - (GC theo mẫu ),CAI,4,CAI,4,,VND,1,0,4,TRẦN HỮU THÀNH _ VẬT TƯ NHÀ MÁY,NCC010053
PO01/25-060,Nguyễn Thị Đào,1/22/2025,PR25/01-050,0902209540000000,Ổ cắm đế nổi loại 3 ổ SINO,CAI,10,CAI,10,,VND,1,0,10,TRẦN HỮU THÀNH _ VẬT TƯ NHÀ MÁY,NCC010053
PO01/25-036,Nguyễn Thị Đào,1/14/2025,PR25/01-039,0902209750000000,Rulo lăn sơn 5cm.,CAI,4,CAI,4,,VND,1,0,4,TRẦN HỮU THÀNH _ VẬT TƯ NHÀ MÁY,NCC010053
PO01/25-045,Nguyễn Thị Đào,1/15/2025,PR25/01-021,0902211360000000,Quạt Thông Gió Dasin KVF-1845  - 380V - 135W,CAI,27,CAI,27,,VND,2453000,5298480,66231000,CÔNG TY TNHH MTV THƯƠNG MẠI DỊCH VỤ CƠ ĐIỆN LẠNH THUẬN THÀNH PHÁT,NCC010119
PO01/25-060,Nguyễn Thị Đào,1/22/2025,PR25/01-047,0902211370000000,Rơ le bán dẫn Fotek SSR-25 VA,CAI,2,CAI,2,,VND,1,0,2,TRẦN HỮU THÀNH _ VẬT TƯ NHÀ MÁY,NCC010053
PO01/25-069,Nguyễn Thị Đào,1/24/2025,PR25/01-064,0902211380000000,PCL Fatek FBs-32MCT2-AC ( Power: 100-240VAC 50/60Hz 36W ),CAI,1,CAI,1,,VND,1,0,1,TRẦN HỮU THÀNH _ VẬT TƯ NHÀ MÁY,NCC010053
PO01/25-060,Nguyễn Thị Đào,1/22/2025,PR25/01-047,0902300150000000,Đầu dò nhiệt khoen gài M12- dãy đo từ 0-400*C-dây dài 5 mét.,Cái,5,Cái,5,,VND,1,0,5,TRẦN HỮU THÀNH _ VẬT TƯ NHÀ MÁY,NCC010053
PO01/25-016,Nguyễn Thị Đào,1/8/2025,PR25/01-013,0902700910000000,Van 1 chiều thủy lực CIT-04 ren 21 mm,CAI,1,CAI,1,,VND,260000,0,260000,TRẦN HỮU THÀNH _ VẬT TƯ NHÀ MÁY,NCC010053
PO01/25-013,Nguyễn Thị Đào,1/6/2025,PR25/01-004,0902900010000000,Vòng Sin phi trong 105 - 3mm,CAI,4,CAI,4,,VND,14000,0,56000,TRẦN HỮU THÀNH _ VẬT TƯ NHÀ MÁY,NCC010053
PO01/25-058,Nguyễn Thị Đào,1/22/2025,PR25/01-061,0902900240000000,Vòng sin phi ngoài 40x3mm,CAI,4,CAI,4,,VND,1,0,4,TRẦN HỮU THÀNH _ VẬT TƯ NHÀ MÁY,NCC010053
PO01/25-013,Nguyễn Thị Đào,1/6/2025,PR25/01-004,0902900430000000,Vòng sin phi trong 105- 5mm,CAI,4,CAI,4,,VND,20000,0,80000,TRẦN HỮU THÀNH _ VẬT TƯ NHÀ MÁY,NCC010053
PO01/25-058,Nguyễn Thị Đào,1/22/2025,PR25/01-061,0902900440000000,Vòng sin phi ngoài 25x3mm,CAI,2,CAI,2,,VND,1,0,2,TRẦN HỮU THÀNH _ VẬT TƯ NHÀ MÁY,NCC010053
PO01/25-020,Thái Nguyễn Minh Quyết,1/8/2025,PR25/01-019,0903200020000000,CÀNG DAO ĐỘNG NHỰA (Nova6 063510a),Cái,468,Cái,468,,VND,1,0,468,"Changzhou United Win Pack Co., Ltd",NCC020024
PO01/25-012,Nguyễn Thị Đào,1/6/2025,PR25/01-003,0903400120000000,Tắc kê sắt nở 12 x 80mm.,CAI,65,CAI,65,,VND,1,0,65,Võ Công Vũ,NV041
PO01/25-012,Nguyễn Thị Đào,1/6/2025,PR25/01-003,090340073000000,Tắc kê sắt  nở phi 10mm ( 50con / Bịch),BICH,2,BICH,2,,VND,25000,0,50000,Võ Công Vũ,NV041
PO01/25-064,Nguyễn Thị Đào,1/22/2025,PR25/01-053,0903900400000000,VAN NHỰA TAY GẠT PHI 90,CAI,2,CAI,2,,VND,475000,0,950000,TRẦN HỮU THÀNH _ VẬT TƯ NHÀ MÁY,NCC010053
PO01/25-012,Nguyễn Thị Đào,1/6/2025,PR25/01-003,0903901160000000,Van Inox 304 phi 27 tay gạt,CAI,1,CAI,1,,VND,1,0,1,Võ Công Vũ,NV041
PO01/25-040,Nguyễn Thị Đào,1/14/2025,PR25/01-025,0904500010000000,Sơn màu xám,THUNG,2,THUNG,2,,VND,730000,0,1460000,Võ Công Vũ,NV041
PO01/25-012,Nguyễn Thị Đào,1/6/2025,PR25/01-003,0904500450000000,Sơn gỗ PU - màu cánh dán.,KG,1,KG,1,,VND,100000,0,100000,Võ Công Vũ,NV041
PO01/25-013,Nguyễn Thị Đào,1/6/2025,PR25/01-005,0904600320000000,Tán thép đen M8.,CAI,1880,CAI,1880,,VND,1,0,1880,TRẦN HỮU THÀNH _ VẬT TƯ NHÀ MÁY,NCC010053
PO01/25-020,Thái Nguyễn Minh Quyết,1/8/2025,PR25/01-019,0904800090000000,CỐT CHÂN ĐẾ NHÔM Mã: NOVA6 063511 (12x57mm),Cái,468,Cái,468,,VND,1,0,468,"Changzhou United Win Pack Co., Ltd",NCC020024
PO01/25-020,Thái Nguyễn Minh Quyết,1/8/2025,PR25/01-019,0904800200000000,CỐT KẸP ĐAI mã : NOVA6 495809 (6x30mm),Cái,468,Cái,468,,VND,1,0,468,"Changzhou United Win Pack Co., Ltd",NCC020024
PO01/25-019,Thái Nguyễn Minh Quyết,1/8/2025,PR25/01-017,0904800220000000,CỐT LĂN ĐAI DÀI mã: NOVA6 076510 (98mm),Cái,936,Cái,936,,USD,1,0,936,"Changzhou United Win Pack Co., Ltd",NCC020024
PO01/25-020,Thái Nguyễn Minh Quyết,1/8/2025,PR25/01-019,0904800220000000,CỐT LĂN ĐAI DÀI mã: NOVA6 076510 (98mm),Cái,936,Cái,936,,VND,1,0,936,"Changzhou United Win Pack Co., Ltd",NCC020024
PO01/25-061,Nguyễn Thị Đào,1/22/2025,PR25/01-060,0904900140000000,CÁNH QUẠT THÁP GIẢI NHIỆT COOLING TOWER 150RT,CAI,1,CAI,1,,VND,7500000,600000,7500000,CÔNG TY TNHH MTV THƯƠNG MẠI DỊCH VỤ CƠ ĐIỆN LẠNH THUẬN THÀNH PHÁT,NCC010119
PO01/25-020,Thái Nguyễn Minh Quyết,1/8/2025,PR25/01-019,0905200030000000,ĐAI DƯỚI 8 LỖ NOVA6/AXL mã NOVA66076520,Cái,468,Cái,468,,VND,1,0,468,"Changzhou United Win Pack Co., Ltd",NCC020024
PO01/25-019,Thái Nguyễn Minh Quyết,1/8/2025,PR25/01-017,0905200060000000,ĐAI TRÊN 8 LỖ NOVA6/AXL mã NOVA6076507,Cái,468,Cái,468,,USD,1,0,468,"Changzhou United Win Pack Co., Ltd",NCC020024
PO01/25-020,Thái Nguyễn Minh Quyết,1/8/2025,PR25/01-019,0905200060000000,ĐAI TRÊN 8 LỖ NOVA6/AXL mã NOVA6076507,Cái,468,Cái,468,,VND,1,0,468,"Changzhou United Win Pack Co., Ltd",NCC020024
PO01/25-063,Nguyễn Thị Đào,1/22/2025,PR25/01-056,0905300340000000,Bộ dao cắt sóng siêu âm. ( Bộ điều khiển + dao cắt ),BO,2,BO,2,,VND,21800000,3488000,43600000,CÔNG TY TNHH THƯƠNG MẠI DỊCH VỤ XUẤT NHẬP KHẨU KHOA VINH,NCC010208
PO01/25-038,Nguyễn Thị Đào,1/14/2025,PR25/01-026,0905300490000000,Dao rọc giấy (loại lớn),BO,5,BO,5,,VND,16000,8000,80000,CÔNG TY TNHH THƯƠNG MẠI DỊCH VỤ GIA VĨ,NCC010073
PO01/25-057,Nguyễn Thị Đào,1/22/2025,PR25/01-048,0905300640000000,Ổ đỡ dao cắt Auto( theo bản vẽ).,CAI,2,CAI,2,,VND,1,0,2,TRẦN HỮU THÀNH _ VẬT TƯ NHÀ MÁY,NCC010053
PO01/25-012,Nguyễn Thị Đào,1/6/2025,PR25/01-003,0905500300000000,Sắt V30x30x3 - dài 6000mm,CAY,14,CAY,14,,VND,195000,0,2730000,Võ Công Vũ,NV041
PO01/25-058,Nguyễn Thị Đào,1/22/2025,PR25/01-046,0905500370000000,Sắt V 50x50x3mm,CAY,1,CAY,1,,VND,1,0,1,TRẦN HỮU THÀNH _ VẬT TƯ NHÀ MÁY,NCC010053
PO01/25-058,Nguyễn Thị Đào,1/22/2025,PR25/01-046,0905501190000000,Sắt la 40x8x4000mm,CAY,2,CAY,2,,VND,1,0,2,TRẦN HỮU THÀNH _ VẬT TƯ NHÀ MÁY,NCC010053
PO01/25-058,Nguyễn Thị Đào,1/22/2025,PR25/01-045,0905600020000000,Sên đôi 50 DAIICHI,HOP,1,HOP,1,,VND,1,0,1,TRẦN HỮU THÀNH _ VẬT TƯ NHÀ MÁY,NCC010053
PO01/25-028,Nguyễn Thị Đào,1/8/2025,PR25/01-016,0905600040000000,Sên đơn 40 (08B),M,100,M,100,,VND,1,0,100,TRẦN HỮU THÀNH _ VẬT TƯ NHÀ MÁY,NCC010053
PO01/25-058,Nguyễn Thị Đào,1/22/2025,PR25/01-061,0905701270000000,Phớt ben USH 20x28x4( theo mẫu),CAI,2,CAI,2,,VND,1,0,2,TRẦN HỮU THÀNH _ VẬT TƯ NHÀ MÁY,NCC010053
PO01/25-013,Nguyễn Thị Đào,1/6/2025,PR25/01-004,0905701320000000,Phớt ben USH 95x105x10mm ( theo mẫu),CAI,4,CAI,4,,VND,160000,0,640000,TRẦN HỮU THÀNH _ VẬT TƯ NHÀ MÁY,NCC010053
PO01/25-058,Nguyễn Thị Đào,1/22/2025,PR25/01-061,090570233000000,Phớt chống bụi thủy lực DHS 20x28x7mm.,CAI,2,CAI,2,,VND,1,0,2,TRẦN HỮU THÀNH _ VẬT TƯ NHÀ MÁY,NCC010053
PO01/25-058,Nguyễn Thị Đào,1/22/2025,PR25/01-061,090570234000000,Phớt ben thủy lực UN 30x40x6mm.,CAI,4,CAI,4,,VND,1,0,4,TRẦN HỮU THÀNH _ VẬT TƯ NHÀ MÁY,NCC010053
PO01/25-013,Nguyễn Thị Đào,1/6/2025,PR25/01-004,090570240000000,Phớt ben USH 50x64mm (Theo mẫu),CAI,4,CAI,4,,VND,110000,0,440000,TRẦN HỮU THÀNH _ VẬT TƯ NHÀ MÁY,NCC010053
PO01/25-058,Nguyễn Thị Đào,1/22/2025,PR25/01-051,090570248000000,Ben hơi CTN 40x110mm,CAI,2,CAI,2,,VND,1,0,2,TRẦN HỮU THÀNH _ VẬT TƯ NHÀ MÁY,NCC010053
PO01/25-012,Nguyễn Thị Đào,1/6/2025,PR25/01-003,09058001030000000,Mũi khoan bê tông phi 10 -  2 tấc,CAI,2,CAI,2,,VND,1,0,2,Võ Công Vũ,NV041
PO01/25-027,Nguyễn Thị Đào,1/8/2025,PR25/01-016,0906000110000000,Nhông đơn lô thu 40 (08B) - 37T - lỗ cốt 30 x then 8x4mm. ( GC theo bản vẽ),CAI,26,CAI,26,,VND,1,0,26,CÔNG TY TNHH CƠ KHÍ DAO CẮT THANH HÙNG,NCC010056
PO01/25-027,Nguyễn Thị Đào,1/8/2025,PR25/01-016,0906000280000000,Nhông đơn lô đỉnh 40(08B) - 41T - cốt 40 x then 12x4mm ( GC theo bản vẽ),CAI,26,CAI,26,,VND,1,0,26,CÔNG TY TNHH CƠ KHÍ DAO CẮT THANH HÙNG,NCC010056
PO01/25-027,Nguyễn Thị Đào,1/8/2025,PR25/01-016,0906000360000000,Nhông đơn lô đỉnh 40(08B) - 23T - cốt 30 x then 8x4mm ( GC theo bản vẽ),Cái,26,Cái,26,,VND,1,0,26,CÔNG TY TNHH CƠ KHÍ DAO CẮT THANH HÙNG,NCC010056
PO01/25-027,Nguyễn Thị Đào,1/8/2025,PR25/01-016,0906000370000000,Nhông đơn lô nước - 40(08B) - 11T - cốt 16 x then 5x3mm GC theo bản vẽ),Cái,26,Cái,26,,VND,1,0,26,CÔNG TY TNHH CƠ KHÍ DAO CẮT THANH HÙNG,NCC010056
PO01/25-058,Nguyễn Thị Đào,1/22/2025,PR25/01-045,0906000860000000,Nhông đơn 50- 16 răng - lỗ cốt 30 x then 8x5mm - cồi dài 34mm.,CAI,2,CAI,2,,VND,1,0,2,TRẦN HỮU THÀNH _ VẬT TƯ NHÀ MÁY,NCC010053
PO01/25-027,Nguyễn Thị Đào,1/8/2025,PR25/01-016,0906000960000000,Nhông đơn lô thu  40 (08B) - 13T . ( GC theo bản vẽ).,CAI,26,CAI,26,,VND,1,0,26,CÔNG TY TNHH CƠ KHÍ DAO CẮT THANH HÙNG,NCC010056
PO01/25-027,Nguyễn Thị Đào,1/8/2025,PR25/01-016,0906001060000000,Nhông đơn lô nước - 40(08B) - 20T - cốt 27 ( GC theo bản vẽ),CAI,26,CAI,26,,VND,1,0,26,CÔNG TY TNHH CƠ KHÍ DAO CẮT THANH HÙNG,NCC010056
PO01/25-058,Nguyễn Thị Đào,1/22/2025,PR25/01-045,0906001070000000,Nhông đơn 50- 16 răng - lỗ cốt phi 27mm x then 8x5mm - cồi dài 34mm.,CAI,2,CAI,2,,VND,1,0,2,TRẦN HỮU THÀNH _ VẬT TƯ NHÀ MÁY,NCC010053
PO01/25-051,Nguyễn Thị Đào,1/17/2025,PR25/01-041,0906101690000000,Hộp test mạng đa năng CT-168( RJ45-RJ11-USB).,CAI,1,CAI,1,,VND,1,0,1,Trần Trung Hiếu,NV031
PO01/25-016,Nguyễn Thị Đào,1/8/2025,PR25/01-013,09061047000000,Nối thủy lực 1 dầu ren trong 27 côn lõm - 1 đầu răng ngoài 21.,CAI,2,CAI,2,,VND,30000,0,60000,TRẦN HỮU THÀNH _ VẬT TƯ NHÀ MÁY,NCC010053
PO01/25-064,Nguyễn Thị Đào,1/22/2025,PR25/01-053,09061048000000,Nối nhựa PVC BM phi 140 giảm 90.,CAI,2,CAI,2,,VND,215000,0,430000,TRẦN HỮU THÀNH _ VẬT TƯ NHÀ MÁY,NCC010053
PO01/25-019,Thái Nguyễn Minh Quyết,1/8/2025,PR25/01-017,0906200870000000,ỐNG LĂN ĐAI DÀI LH (NOVA6+LSL6) (Nova6 076509),CAI,936,CAI,936,,USD,1,0,936,"Changzhou United Win Pack Co., Ltd",NCC020024
PO01/25-020,Thái Nguyễn Minh Quyết,1/8/2025,PR25/01-019,0906200870000000,ỐNG LĂN ĐAI DÀI LH (NOVA6+LSL6) (Nova6 076509),CAI,936,CAI,936,,VND,1,0,936,"Changzhou United Win Pack Co., Ltd",NCC020024
PO01/25-060,Nguyễn Thị Đào,1/22/2025,PR25/01-050,0906202700000000,Ống Gen Chịu Nhiệt Sợi Thủy Tinh Phủ Silicone chông cháy phi 4mm.,M,50,M,50,,VND,1,0,50,TRẦN HỮU THÀNH _ VẬT TƯ NHÀ MÁY,NCC010053
PO01/25-020,Thái Nguyễn Minh Quyết,1/8/2025,PR25/01-019,0906600320000000,NẮP CHỤP BÁNH XE CAM NOVA mã: NOVA6 063501,Cái,936,Cái,936,,VND,1,0,936,"Changzhou United Win Pack Co., Ltd",NCC020024
PO01/25-012,Nguyễn Thị Đào,1/6/2025,PR25/01-003,0906600600000000,Sắt hộp kẻm 40x80x1.4mm,CAY,4,CAY,4,,VND,260000,0,1040000,Võ Công Vũ,NV041
PO01/25-020,Thái Nguyễn Minh Quyết,1/8/2025,PR25/01-019,0906700070000000,LÒ XO MÓC CÒ mã: NOVA6 112508,Cái,7500,Cái,7500,,VND,1,0,7500,"Changzhou United Win Pack Co., Ltd",NCC020024
PO01/25-028,Nguyễn Thị Đào,1/8/2025,PR25/01-014,0906802080000000,Máy Siết Bu Lông Dùng Pin ITMAN HT/IWS,CAI,1,CAI,1,,VND,1700000,0,1700000,TRẦN HỮU THÀNH _ VẬT TƯ NHÀ MÁY,NCC010053
PO01/25-060,Nguyễn Thị Đào,1/22/2025,PR25/01-047,0906802090000000,MÁY IN ĐẦU CỐT LM-550E,CAI,1,CAI,1,,VND,1,0,1,TRẦN HỮU THÀNH _ VẬT TƯ NHÀ MÁY,NCC010053
PO01/25-019,Thái Nguyễn Minh Quyết,1/8/2025,PR25/01-017,0907100850000000,Móc chia cò Nova6112523,CAI,7500,CAI,7500,,USD,1,0,7500,"Changzhou United Win Pack Co., Ltd",NCC020024
PO01/25-020,Thái Nguyễn Minh Quyết,1/8/2025,PR25/01-019,0907100850000000,Móc chia cò Nova6112523,CAI,7500,CAI,7500,,VND,1,0,7500,"Changzhou United Win Pack Co., Ltd",NCC020024
PO01/25-061,Nguyễn Thị Đào,1/22/2025,PR25/01-058,0907200175000000,SỢI THỦY TINH CHỐNG THẤM MAT 200,KG,15,KG,15,,VND,150000,180000,2250000,CÔNG TY TNHH MTV THƯƠNG MẠI DỊCH VỤ CƠ ĐIỆN LẠNH THUẬN THÀNH PHÁT,NCC010119
PO01/25-052,Nguyễn Thị Đào,1/17/2025,PR24/12-026,0908200070000000,Xe nâng tay 3 tấn mitsubishi BF30,CAI,1,CAI,1,,VND,5000000,0,5000000,TRẦN HỮU THÀNH _ VẬT TƯ NHÀ MÁY,NCC010053
PO01/25-062,Nguyễn Thị Đào,1/22/2025,PR25/01-056,0908400030000000,LAM CROMA,LUOI,6000,LUOI,6000,,VND,1400,0,8400000,TRẦN HỮU THÀNH _ VẬT TƯ NHÀ MÁY,NCC010053
PO01/25-062,Nguyễn Thị Đào,1/22/2025,PR25/01-056,0908400050000000,"LAM JUMBO (3 lỗ, 2 mặt dao, QC 22mm x 43mm x 0,15mm)",LUOI,2000,LUOI,2000,,VND,1100,0,2200000,TRẦN HỮU THÀNH _ VẬT TƯ NHÀ MÁY,NCC010053
PO01/25-057,Nguyễn Thị Đào,1/22/2025,PR25/01-046,0908500920000000,Lô Nhôm phi 55 x 850mm -  cốt dài 890mm  (GC theo bản vẽ).,TRUC,2,TRUC,2,,VND,1,0,2,TRẦN HỮU THÀNH _ VẬT TƯ NHÀ MÁY,NCC010053
PO01/25-016,Nguyễn Thị Đào,1/8/2025,PR25/01-015,0908600280000000,BỘ CHÌ KHÓA VÒNG MIỆNG 8-32,Bộ,1,Bộ,1,,VND,1,0,1,TRẦN HỮU THÀNH _ VẬT TƯ NHÀ MÁY,NCC010053
PO01/25-016,Nguyễn Thị Đào,1/8/2025,PR25/01-015,0908600300000000,BỘ LỤC GIÁC TỪ 1-10MM,Bộ,1,Bộ,1,,VND,1,0,1,TRẦN HỮU THÀNH _ VẬT TƯ NHÀ MÁY,NCC010053
PO01/25-036,Nguyễn Thị Đào,1/14/2025,PR25/01-033,0908800051000000,Cây lau nhà inox,CAY,20,CAY,20,,VND,1,0,20,TRẦN HỮU THÀNH _ VẬT TƯ NHÀ MÁY,NCC010053
PO01/25-036,Nguyễn Thị Đào,1/14/2025,PR25/01-033,0908800060000000,Cây tầm vông (quét tần nhà),Cây,8,Cây,8,,VND,55000,0,440000,TRẦN HỮU THÀNH _ VẬT TƯ NHÀ MÁY,NCC010053
PO01/25-062,Nguyễn Thị Đào,1/22/2025,PR25/01-049,0909100010000000,Yếm thoi CS. (Theo mẫu. ),Cái,20,Cái,20,,VND,1,0,20,TRẦN HỮU THÀNH _ VẬT TƯ NHÀ MÁY,NCC010053
PO01/25-058,Nguyễn Thị Đào,1/22/2025,PR25/01-056,0909400030000000,BAO TAY LEN ,Đôi,100,Đôi,100,,VND,1,0,100,TRẦN HỮU THÀNH _ VẬT TƯ NHÀ MÁY,NCC010053
PO01/25-042,Nguyễn Thị Đào,1/14/2025,PR25/01-030,0909500040000000,LƯỚI TINH 150,Cuộn,20,Cuộn,20,,VND,1200000,0,24000000,TRẦN HỮU THÀNH _ VẬT TƯ NHÀ MÁY,NCC010053
PO01/25-019,Thái Nguyễn Minh Quyết,1/8/2025,PR25/01-017,0910500030000000,CÒ NOVA6 112507 11130006510,Cái,7500,Cái,7500,,USD,1,0,7500,"Changzhou United Win Pack Co., Ltd",NCC020024
PO01/25-020,Thái Nguyễn Minh Quyết,1/8/2025,PR25/01-019,0910500030000000,CÒ NOVA6 112507 11130006510,Cái,7500,Cái,7500,,VND,1,0,7500,"Changzhou United Win Pack Co., Ltd",NCC020024
PO01/25-040,Nguyễn Thị Đào,1/14/2025,PR25/01-025,0910900020000000,CỌ SƠN 5 Phân,Cái,2,Cái,2,,VND,10000,0,20000,Võ Công Vũ,NV041
PO01/25-040,Nguyễn Thị Đào,1/14/2025,PR25/01-025,0910900072000000,Lăn sơn 15 phân,CAI,2,CAI,2,,VND,16000,0,32000,Võ Công Vũ,NV041
PO01/25-036,Nguyễn Thị Đào,1/14/2025,PR25/01-033,0911700050000000,Tâm thảm cây lau nhà ( tấm thảm dùng gắn vào cây lau nhà),TAM,20,TAM,20,,VND,1,0,20,TRẦN HỮU THÀNH _ VẬT TƯ NHÀ MÁY,NCC010053
PO01/25-062,Nguyễn Thị Đào,1/22/2025,PR25/01-049,0912800120000000,"Sơ mi bánh xe côn dài CS,",CAI,30,CAI,30,,VND,1,0,30,TRẦN HỮU THÀNH _ VẬT TƯ NHÀ MÁY,NCC010053
PO01/25-062,Nguyễn Thị Đào,1/22/2025,PR25/01-049,0912800190000000,Bánh xe lưng thoi trước CS ( Theo mẫu),CAI,30,CAI,30,,VND,1,0,30,TRẦN HỮU THÀNH _ VẬT TƯ NHÀ MÁY,NCC010053
PO01/25-062,Nguyễn Thị Đào,1/22/2025,PR25/01-049,0912800200000000,Bánh xe lưng thoi sau CS ( Theo mẫu),CAI,60,CAI,60,,VND,1,0,60,TRẦN HỮU THÀNH _ VẬT TƯ NHÀ MÁY,NCC010053
PO01/25-052,Nguyễn Thị Đào,1/17/2025,PR25/01-043,0914700100000000,Pin cúc áo LR44,VIEN,20,VIEN,20,,VND,1,0,20,TRẦN HỮU THÀNH _ VẬT TƯ NHÀ MÁY,NCC010053
PO01/25-036,Nguyễn Thị Đào,1/14/2025,PR25/01-039,0916100070000000,Nước sơn vàng vẽ layout,Hộp,3,Hộp,3,,VND,1,0,3,TRẦN HỮU THÀNH _ VẬT TƯ NHÀ MÁY,NCC010053
PO01/25-058,Nguyễn Thị Đào,1/22/2025,PR25/01-048,0917300110000000,Dũa sắt tròn phi 14mm,CAI,1,CAI,1,,VND,1,0,1,TRẦN HỮU THÀNH _ VẬT TƯ NHÀ MÁY,NCC010053
PO01/25-036,Nguyễn Thị Đào,1/14/2025,PR25/01-001,0917400040000000,BĂNG KEO 2 MẶT (QUAN HAO-DÙNG CHO KHÂU IN),CUON,300,CUON,300,,VND,35300,847200,10590000,TRẦN HỮU THÀNH _ VẬT TƯ NHÀ MÁY,NCC010053
PO01/25-036,Nguyễn Thị Đào,1/14/2025,PR25/01-001,0917400080000000,BĂNG KEO ĐỎ 5cm,CUON,300,CUON,300,,VND,9400,225600,2820000,TRẦN HỮU THÀNH _ VẬT TƯ NHÀ MÁY,NCC010053
PO01/25-012,Nguyễn Thị Đào,1/6/2025,PR25/01-003,0917400090000000,"Băng keo lụa (cao su non) 0,075mm*1/2*5-10mm",CUON,10,CUON,10,,VND,1,0,10,Võ Công Vũ,NV041
PO01/25-036,Nguyễn Thị Đào,1/14/2025,PR25/01-001,0917400100000000,BĂNG KEO VÀNG 5CM,CUON,300,CUON,300,,VND,9200,220800,2760000,TRẦN HỮU THÀNH _ VẬT TƯ NHÀ MÁY,NCC010053
PO01/25-019,Thái Nguyễn Minh Quyết,1/8/2025,PR25/01-017,0918800020000000,GO 310 LH mã 11158248110,Cái,7500,Cái,7500,,USD,1,0,7500,"Changzhou United Win Pack Co., Ltd",NCC020024
PO01/25-020,Thái Nguyễn Minh Quyết,1/8/2025,PR25/01-019,0918800020000000,GO 310 LH mã 11158248110,Cái,7500,Cái,7500,,VND,1,0,7500,"Changzhou United Win Pack Co., Ltd",NCC020024
PO01/25-062,Nguyễn Thị Đào,1/22/2025,PR25/01-049,0918900030000000,Gọng thoi cs ( Theo mẫu ),CAI,20,CAI,20,,VND,1,0,20,TRẦN HỮU THÀNH _ VẬT TƯ NHÀ MÁY,NCC010053
PO01/25-019,Thái Nguyễn Minh Quyết,1/8/2025,PR25/01-017,0921100080000000,Lược chia cò  ( Compensator ) Mã: 11158027210,CAI,1500,CAI,1500,,USD,1,0,1500,"Changzhou United Win Pack Co., Ltd",NCC020024
PO01/25-020,Thái Nguyễn Minh Quyết,1/8/2025,PR25/01-019,0921100080000000,Lược chia cò  ( Compensator ) Mã: 11158027210,CAI,1500,CAI,1500,,VND,1,0,1500,"Changzhou United Win Pack Co., Ltd",NCC020024
PO01/25-057,Nguyễn Thị Đào,1/22/2025,PR25/01-048,0922500100000000,Con lăn sắt chỉnh băng tải phi 75 x 30mm ( GC theo bản vẽ),CAI,2,CAI,2,,VND,1,0,2,TRẦN HỮU THÀNH _ VẬT TƯ NHÀ MÁY,NCC010053
PO01/25-036,Nguyễn Thị Đào,1/14/2025,PR25/01-024,0922700092000000,Bật lửa.,CAI,50,CAI,50,,VND,2500,0,125000,TRẦN HỮU THÀNH _ VẬT TƯ NHÀ MÁY,NCC010053
PO01/25-034,Thái Nguyễn Minh Quyết,1/13/2025,,0923700650000000,Đệm chặn (spl. Washer Mã : 11408587000),CAI,2,CAI,2,,USD,0.18,0,0.36,CÔNG TY LOHIA CORP LIMITED,NCC020009
PO01/25-034,Thái Nguyễn Minh Quyết,1/13/2025,,0923700660000000,Long đền (Plain washer 6-200HV zpb Mã : 12310020600),CAI,500,CAI,500,,USD,0.01,0,5,CÔNG TY LOHIA CORP LIMITED,NCC020009
PO01/25-034,Thái Nguyễn Minh Quyết,1/13/2025,,0923700670000000,Long đền (Plain washer 3-200HV Mã : 12310020300),CAI,1000,CAI,1000,,USD,0.01,0,10,CÔNG TY LOHIA CORP LIMITED,NCC020009
PO01/25-061,Nguyễn Thị Đào,1/22/2025,PR25/01-058,0923700680000000,Keo polyester resin với xúc tác loại 1,KG,15,KG,15,,VND,150000,225000,2250000,CÔNG TY TNHH MTV THƯƠNG MẠI DỊCH VỤ CƠ ĐIỆN LẠNH THUẬN THÀNH PHÁT,NCC010119
PO01/25-019,Thái Nguyễn Minh Quyết,1/8/2025,PR25/01-017,0923800010000000,KẸP ĐAI NGOÀI LOHIA (Nova6 076513),CAI,468,CAI,468,,USD,1,0,468,"Changzhou United Win Pack Co., Ltd",NCC020024
PO01/25-020,Thái Nguyễn Minh Quyết,1/8/2025,PR25/01-019,0923800010000000,KẸP ĐAI NGOÀI LOHIA (Nova6 076513),CAI,468,CAI,468,,VND,1,0,468,"Changzhou United Win Pack Co., Ltd",NCC020024
PO01/25-019,Thái Nguyễn Minh Quyết,1/8/2025,PR25/01-017,0923800030000000,KẸP ĐAI TRONG LOHIA (NOVA6 076514),Cái,468,Cái,468,,USD,1,0,468,"Changzhou United Win Pack Co., Ltd",NCC020024
PO01/25-020,Thái Nguyễn Minh Quyết,1/8/2025,PR25/01-019,0923800030000000,KẸP ĐAI TRONG LOHIA (NOVA6 076514),Cái,468,Cái,468,,VND,1,0,468,"Changzhou United Win Pack Co., Ltd",NCC020024
PO01/25-036,Nguyễn Thị Đào,1/14/2025,PR25/01-031,09-24300100000005,Khuôn hình chữ nhật (450mmx450mm),CAI,2,CAI,2,,VND,420000,0,840000,TRẦN HỮU THÀNH _ VẬT TƯ NHÀ MÁY,NCC010053
PO01/25-036,Nguyễn Thị Đào,1/14/2025,PR25/01-031,09-24300100000006,Khuôn hình chữ nhật (140mmx450mm),CAI,3,CAI,3,,VND,310000,0,930000,TRẦN HỮU THÀNH _ VẬT TƯ NHÀ MÁY,NCC010053
PO01/25-019,Thái Nguyễn Minh Quyết,1/8/2025,PR25/01-017,0925600020000000,ĐỒNG TIỀN CHIA CÒ mã : NOVA6 112506,Cái,7500,Cái,7500,,USD,1,0,7500,"Changzhou United Win Pack Co., Ltd",NCC020024
PO01/25-020,Thái Nguyễn Minh Quyết,1/8/2025,PR25/01-019,0925600020000000,ĐỒNG TIỀN CHIA CÒ mã : NOVA6 112506,Cái,7500,Cái,7500,,VND,1,0,7500,"Changzhou United Win Pack Co., Ltd",NCC020024
PO01/25-019,Thái Nguyễn Minh Quyết,1/8/2025,PR25/01-017,0926600070000000,CHÂN ĐẾ NHÔM ( jockey lever) mã: NOVA6 063515.,Cái,936,Cái,936,,USD,1,0,936,"Changzhou United Win Pack Co., Ltd",NCC020024
PO01/25-020,Thái Nguyễn Minh Quyết,1/8/2025,PR25/01-019,0926600070000000,CHÂN ĐẾ NHÔM ( jockey lever) mã: NOVA6 063515.,Cái,936,Cái,936,,VND,1,0,936,"Changzhou United Win Pack Co., Ltd",NCC020024
PO01/25-060,Nguyễn Thị Đào,1/22/2025,PR25/01-047,0927600112000000,"Bộ điều khiển nhiệt độ AUTONICS TK4S-14RR 110-220VAC, 48x48mm",CAI,2,CAI,2,,VND,1,0,2,TRẦN HỮU THÀNH _ VẬT TƯ NHÀ MÁY,NCC010053
PO01/25-034,Thái Nguyễn Minh Quyết,1/13/2025,,0927600113000000,"Vít 3 ke đầu dù (Phillips pan hd screw M3x6 4,6 zpb. Mã : 12160203006 )",CAI,10,CAI,10,,USD,0.01,0,0.1,CÔNG TY LOHIA CORP LIMITED,NCC020009
PO01/25-059,Nguyễn Thị Đào,1/22/2025,PR25/01-052,10DAI-MNGRE-01-0743,"Dây đai mono, 7.0cm x 43.0g/m, màu Grey",M,6488.37,KG,278.9999,,VND,1916.854,994981,12437258,CÔNG TY TNHH SẢN XUẤT THƯƠNG MẠI KIÊN THẠNH,KH010005
PO01/25-008,Nguyễn Thị Đào,1/6/2025,PR25/01-011,10POC-NIS110106-0000,"Túi tài liệu PP+PE, 14cm x 22cm có nắp  , PP màu beige  có tráng trong, PE 100mic.",CAI,2000,KG,32,,VND,3000,0,6000000,TRẦN HỮU THÀNH _ VẬT TƯ NHÀ MÁY,NCC010053
PO01/25-007,Nguyễn Thị Đào,1/6/2025,PR25/01-011,10TEM-01JBO-NIS110106,Tem bao jumbo NISSIN 01JBO-NIS110106-BEI-KSR,CAI,2050,KG,2.05,,VND,1200,196800,2460000,CÔNG TY TNHH IN THIẾT KẾ QUẢNG CÁO MINH HOÀNG,NCC010186
PO01/25-044,Nguyễn Thị Đào,1/14/2025,PR25/01-035,10ZIP-W25L35-PE-01,"Túi tài liệu Ziplock A4, W x L = 25cm x 35cm, TL: 16.8g/cái.",Cái,12000,KG,201.6,,VND,1,0,12000,TRẦN HỮU THÀNH _ VẬT TƯ NHÀ MÁY,NCC010053
PO01/25-023,Nguyễn Thị Đào,1/8/2025,PR25/01-023,5200101410000000,Ống giấy cũ dài trên 135cm.,KG,3430,KG,3430,,VND,8000,0,27440000,PHAN HỮU ĐỨC,NCC010050
PO01/25-054,Nguyễn Thị Đào,1/22/2025,PR25/01-055,5200103740000000,AQ3-40kg,CM2,10000,CM2,10000,,VND,290,232000,2900000,CÔNG TY TNHH CHÍNH KIỆT,NCC010204
PO01/25-021,Nguyễn Thị Đào,1/8/2025,PR25/01-022,5200103770000000,Aqua32,CM2,10000,CM2,10000,,VND,290,232000,2900000,CÔNG TY TNHH CHÍNH KIỆT,NCC010204
PO01/25-054,Nguyễn Thị Đào,1/22/2025,PR25/01-055,5200103890000000,BAMBOO,CM2,10000,CM2,10000,,VND,290,232000,2900000,CÔNG TY TNHH CHÍNH KIỆT,NCC010204
PO01/25-021,Nguyễn Thị Đào,1/8/2025,PR25/01-022,5200104070000000,Black Horse,CM2,10000,CM2,10000,,VND,290,232000,2900000,CÔNG TY TNHH CHÍNH KIỆT,NCC010204
PO01/25-021,Nguyễn Thị Đào,1/8/2025,PR25/01-022,5200104150000000,Blue Horse,CM2,10000,CM2,10000,,VND,290,232000,2900000,CÔNG TY TNHH CHÍNH KIỆT,NCC010204
PO01/25-039,Nguyễn Thị Đào,1/14/2025,PR25/01-037,5200104280000000,Brown horse,CM2,10000,CM2,10000,,VND,290,232000,2900000,CÔNG TY TNHH CHÍNH KIỆT,NCC010204
PO01/25-054,Nguyễn Thị Đào,1/22/2025,PR25/01-055,5200104350000000,Cám mì Pollard,CM2,10000,CM2,10000,,VND,290,232000,2900000,CÔNG TY TNHH CHÍNH KIỆT,NCC010204
PO01/25-054,Nguyễn Thị Đào,1/22/2025,PR25/01-055,5200104430000000,CF-25,CM2,10000,CM2,10000,,VND,290,232000,2900000,CÔNG TY TNHH CHÍNH KIỆT,NCC010204
PO01/25-054,Nguyễn Thị Đào,1/22/2025,PR25/01-055,5200104450000000,CF2 25kg (Mekong),CM2,10000,CM2,10000,,VND,290,232000,2900000,CÔNG TY TNHH CHÍNH KIỆT,NCC010204
PO01/25-054,Nguyễn Thị Đào,1/22/2025,PR25/01-055,52001051290000000,CF-40kg,CM2,10000,CM2,10000,,VND,290,232000,2900000,CÔNG TY TNHH CHÍNH KIỆT,NCC010204
PO01/25-054,Nguyễn Thị Đào,1/22/2025,PR25/01-055,52001051310000000,CF2.X-40kg,CM2,10000,CM2,10000,,VND,290,232000,2900000,CÔNG TY TNHH CHÍNH KIỆT,NCC010204
PO01/25-054,Nguyễn Thị Đào,1/22/2025,PR25/01-055,52001051350000000,Fairy-25kg,CM2,10000,CM2,10000,,VND,290,232000,2900000,CÔNG TY TNHH CHÍNH KIỆT,NCC010204
PO01/25-039,Nguyễn Thị Đào,1/14/2025,PR25/01-037,5200105160000000,Green Horse EX,CM2,10000,CM2,10000,,VND,290,232000,2900000,CÔNG TY TNHH CHÍNH KIỆT,NCC010204
PO01/25-017,Nguyễn Thị Đào,1/8/2025,PR25/01-012,5200105600000000,KCP Đường kính trắng cao cấp (ĐỎ),CM2,10000,CM2,10000,,VND,290,232000,2900000,CÔNG TY TNHH CHÍNH KIỆT,NCC010204
PO01/25-017,Nguyễn Thị Đào,1/8/2025,PR25/01-012,5200105620000000,KCP ĐƯỜNG TINH LUYỆN (CAM),CM2,10000,CM2,10000,,VND,290,232000,2900000,CÔNG TY TNHH CHÍNH KIỆT,NCC010204
PO01/25-054,Nguyễn Thị Đào,1/22/2025,PR25/01-055,5200105650000000,KCP đường kính trắng đặc biệt,CM2,10000,CM2,10000,,VND,290,232000,2900000,CÔNG TY TNHH CHÍNH KIỆT,NCC010204
PO01/25-021,Nguyễn Thị Đào,1/8/2025,PR25/01-022,5200105650000000,KCP đường kính trắng đặc biệt,CM2,10000,CM2,10000,,VND,290,232000,2900000,CÔNG TY TNHH CHÍNH KIỆT,NCC010204
PO01/25-054,Nguyễn Thị Đào,1/22/2025,PR25/01-055,5200105980000000,Nestle Kit Kat Wafer,CM2,10000,CM2,10000,,VND,290,232000,2900000,CÔNG TY TNHH CHÍNH KIỆT,NCC010204
PO01/25-021,Nguyễn Thị Đào,1/8/2025,PR25/01-022,5200106310000000,ORANGE GLOBE 22.5,CM2,10000,CM2,10000,,VND,290,232000,2900000,CÔNG TY TNHH CHÍNH KIỆT,NCC010204
PO01/25-021,Nguyễn Thị Đào,1/8/2025,PR25/01-022,5200106330000000,Pink Globe,CM2,10000,CM2,10000,,VND,290,232000,2900000,CÔNG TY TNHH CHÍNH KIỆT,NCC010204
PO01/25-039,Nguyễn Thị Đào,1/14/2025,PR25/01-037,5200106530000000,Rama 138N,CM2,10000,CM2,10000,,VND,290,232000,2900000,CÔNG TY TNHH CHÍNH KIỆT,NCC010204
PO01/25-054,Nguyễn Thị Đào,1/22/2025,PR25/01-055,5200106560000000,Rama 99,CM2,10000,CM2,10000,,VND,290,232000,2900000,CÔNG TY TNHH CHÍNH KIỆT,NCC010204
PO01/25-039,Nguyễn Thị Đào,1/14/2025,PR25/01-037,5200108440000000,Bản in ECKENBERG,CM2,10000,CM2,10000,,VND,290,232000,2900000,CÔNG TY TNHH CHÍNH KIỆT,NCC010204
PO01/25-017,Nguyễn Thị Đào,1/8/2025,PR25/01-012,5200108690000000,Bản in EL TORO - UNIPACK,CM2,10000,CM2,10000,,VND,290,232000,2900000,CÔNG TY TNHH CHÍNH KIỆT,NCC010204
PO01/25-036,Nguyễn Thị Đào,1/14/2025,PR25/01-033,5200109570000000,Chổi cỏ.,CAY,30,CAY,30,,VND,25000,0,750000,TRẦN HỮU THÀNH _ VẬT TƯ NHÀ MÁY,NCC010053
PO01/25-026,Nguyễn Thị Đào,1/8/2025,PR25/01-023,5200110060020000,"Pallet gỗ xuất khẩu hàng hóa; kích thước = 90.0cm (W) x 120.0cm (L) x 15.0cm (H); pallet 4 chiều; tải trọng nâng 1000kg, tải trọng tĩnh 2000kg; hun trùng tiêu chuẩn ISPM15; độ ẩm <20%, gỗ mới.",CAI,120,CAI,120,,VND,140000,1344000,16800000,CÔNG TY TNHH SẢN XUẤT THƯƠNG MẠI PALLET QUỐC TOẢN,NCC010304
PO01/25-036,Nguyễn Thị Đào,1/14/2025,PR25/01-002,5200110110000000,QUE HÀN 3.2,Hộp,5,Hộp,5,,VND,1,0,5,TRẦN HỮU THÀNH _ VẬT TƯ NHÀ MÁY,NCC010053
PO01/25-013,Nguyễn Thị Đào,1/6/2025,PR25/01-010,5200110650000003,Xà phòng rửa chén,THUNG,5,THUNG,5,,VND,170000,0,850000,TRẦN HỮU THÀNH _ VẬT TƯ NHÀ MÁY,NCC010053
PO01/25-033,Nguyễn Thị Đào,1/10/2025,PR25/01-028,5200111510000000,Vòng dệt Khổ 178.8 đường kính vòng 113.5 khoan lỗ 10li tay bắt vòng 6 lỗ.,CAI,1,CAI,1,,VND,2200000,0,2200000,TRẦN HỮU THÀNH _ VẬT TƯ NHÀ MÁY,NCC010053
PO01/25-060,Nguyễn Thị Đào,1/22/2025,PR25/01-047,5200111520000000,Quạt tản nhiệt NMB 4715MS-22T-B50 220VAC 120x120x38mm,CAI,10,CAI,10,,VND,1,0,10,TRẦN HỮU THÀNH _ VẬT TƯ NHÀ MÁY,NCC010053
PO01/25-054,Nguyễn Thị Đào,1/22/2025,PR25/01-055,5200117200000000,M-AFC-40KG,CM2,10000,CM2,10000,,VND,290,232000,2900000,CÔNG TY TNHH CHÍNH KIỆT,NCC010204
PO01/25-038,Nguyễn Thị Đào,1/14/2025,PR25/01-026,5300100360000000,Bút lông dầu đỏ,CAY,10,CAY,10,,VND,8000,6400,80000,CÔNG TY TNHH THƯƠNG MẠI DỊCH VỤ GIA VĨ,NCC010073
PO01/25-038,Nguyễn Thị Đào,1/14/2025,PR25/01-026,5300100410000000,Bút xóa,CAY,10,CAY,10,,VND,18000,18000,180000,CÔNG TY TNHH THƯƠNG MẠI DỊCH VỤ GIA VĨ,NCC010073
PO01/25-038,Nguyễn Thị Đào,1/14/2025,PR25/01-026,5300100460000000,Giấy A472,Gram,40,Gram,40,,VND,50000,160000,2000000,CÔNG TY TNHH THƯƠNG MẠI DỊCH VỤ GIA VĨ,NCC010073
PO01/25-038,Nguyễn Thị Đào,1/14/2025,PR25/01-026,5300100510000000,Giấy A5/70,Gram,5,Gram,5,,VND,25000,10000,125000,CÔNG TY TNHH THƯƠNG MẠI DỊCH VỤ GIA VĨ,NCC010073
PO01/25-038,Nguyễn Thị Đào,1/14/2025,PR25/01-026,5300100550000000,Kẹp Bướm 19mm,HOP,5,HOP,5,,VND,6000,3000,30000,CÔNG TY TNHH THƯƠNG MẠI DỊCH VỤ GIA VĨ,NCC010073
PO01/25-038,Nguyễn Thị Đào,1/14/2025,PR25/01-026,5300100570000000,Kẹp Bướm 32 mm,Hộp,3,Hộp,3,,VND,12000,3600,36000,CÔNG TY TNHH THƯƠNG MẠI DỊCH VỤ GIA VĨ,NCC010073
PO01/25-038,Nguyễn Thị Đào,1/14/2025,PR25/01-026,5300100590000000,Lưỡi Dao Lớn,HOP,2,HOP,2,,VND,200000,40000,400000,CÔNG TY TNHH THƯƠNG MẠI DỊCH VỤ GIA VĨ,NCC010073
PO01/25-038,Nguyễn Thị Đào,1/14/2025,PR25/01-026,5300100640000000,Tập SV 200 trang,QUYEN,5,QUYEN,5,,VND,15000,6000,75000,CÔNG TY TNHH THƯƠNG MẠI DỊCH VỤ GIA VĨ,NCC010073
PO01/25-038,Nguyễn Thị Đào,1/14/2025,PR25/01-026,5300100780000000,Bút Chì,Cây,10,Cây,10,,VND,3000,2400,30000,CÔNG TY TNHH THƯƠNG MẠI DỊCH VỤ GIA VĨ,NCC010073
PO01/25-038,Nguyễn Thị Đào,1/14/2025,PR25/01-026,5300100880000000,Mực Dấu Xanh,Hộp,2,Hộp,2,,VND,32000,6400,64000,CÔNG TY TNHH THƯƠNG MẠI DỊCH VỤ GIA VĨ,NCC010073
PO01/25-038,Nguyễn Thị Đào,1/14/2025,PR25/01-026,5300100890000000,Mực Dấu Đỏ,Hộp,2,Hộp,2,,VND,32000,6400,64000,CÔNG TY TNHH THƯƠNG MẠI DỊCH VỤ GIA VĨ,NCC010073
PO01/25-038,Nguyễn Thị Đào,1/14/2025,PR25/01-026,5300100960000000,Sổ Ca Rô 25x33 Dày,QUYEN,5,QUYEN,5,,VND,43000,17200,215000,CÔNG TY TNHH THƯƠNG MẠI DỊCH VỤ GIA VĨ,NCC010073
PO01/25-039,Nguyễn Thị Đào,1/14/2025,PR25/01-037,5300101102000000,TSH 331,CM2,10000,CM2,10000,,VND,290,232000,2900000,CÔNG TY TNHH CHÍNH KIỆT,NCC010204
PO01/25-021,Nguyễn Thị Đào,1/8/2025,PR25/01-022,5300101106000000,WINSON-T101,CM2,10000,CM2,10000,,VND,290,232000,2900000,CÔNG TY TNHH CHÍNH KIỆT,NCC010204
PO01/25-039,Nguyễn Thị Đào,1/14/2025,PR25/01-037,5300101108000000,WINSON-T301,CM2,10000,CM2,10000,,VND,290,232000,2900000,CÔNG TY TNHH CHÍNH KIỆT,NCC010204
PO01/25-021,Nguyễn Thị Đào,1/8/2025,PR25/01-022,5300101108000000,WINSON-T301,CM2,10000,CM2,10000,,VND,290,232000,2900000,CÔNG TY TNHH CHÍNH KIỆT,NCC010204
PO01/25-039,Nguyễn Thị Đào,1/14/2025,PR25/01-037,5300101119000000,Tinh bột biến tính (Louis),CM2,10000,CM2,10000,,VND,290,232000,2900000,CÔNG TY TNHH CHÍNH KIỆT,NCC010204
PO01/25-017,Nguyễn Thị Đào,1/8/2025,PR25/01-012,5300101126000000,GJ-E1422 (LOUIS),CM2,10000,CM2,10000,,VND,290,232000,2900000,CÔNG TY TNHH CHÍNH KIỆT,NCC010204
PO01/25-058,Nguyễn Thị Đào,1/22/2025,PR25/01-054,5300101870000000,Cuộn giấy vệ sinh loại lớn 700g.,CUON,20,CUON,20,,VND,1,0,20,TRẦN HỮU THÀNH _ VẬT TƯ NHÀ MÁY,NCC010053
PO01/25-052,Nguyễn Thị Đào,1/17/2025,PR25/01-044,5300102230000000,Lá cờ NHẬT  KT : 130x250mm,CAI,1,CAI,1,,VND,1,0,1,TRẦN HỮU THÀNH _ VẬT TƯ NHÀ MÁY,NCC010053
PO01/25-052,Nguyễn Thị Đào,1/17/2025,PR25/01-044,5300102250000000,Lá cờ Maylaysia KT : 1000*1400mm,CAI,1,CAI,1,,VND,1,0,1,TRẦN HỮU THÀNH _ VẬT TƯ NHÀ MÁY,NCC010053
PO01/25-052,Nguyễn Thị Đào,1/17/2025,PR25/01-044,5300102260000000,Lá cờ NHẬT  KT : 1000*1400mm,CAI,1,CAI,1,,VND,1,0,1,TRẦN HỮU THÀNH _ VẬT TƯ NHÀ MÁY,NCC010053
PO01/25-038,Nguyễn Thị Đào,1/14/2025,PR25/01-026,53-5300100370000000,Bút lông dầu xanh,CAY,10,CAY,10,,VND,8000,6400,80000,CÔNG TY TNHH THƯƠNG MẠI DỊCH VỤ GIA VĨ,NCC010073
PO01/25-051,Nguyễn Thị Đào,1/17/2025,PR25/01-041,9045002480000001,Cáp chuyển nguồn PoE cho Camera IP,BO,5,BO,5,,VND,1,0,5,Trần Trung Hiếu,NV031
PO01/25-058,Nguyễn Thị Đào,1/22/2025,PR25/01-048,9045002480000216,Dũa sắt tròn phi 12mm,CAI,1,CAI,1,,VND,1,0,1,TRẦN HỮU THÀNH _ VẬT TƯ NHÀ MÁY,NCC010053
PO01/25-032,Nguyễn Thị Đào,1/10/2025,PR25/01-032,BAO-059106G45LDPE.LUI,"Túi LDPE, K59.0x106.0(+/-2.0)cm, TL: 45.0g/cái(+/-2.0). [Bao chống tĩnh điện]",CAI,15000,KG,675,,VND,1710,0,25650000,CÔNG TY TNHH AMIBA VIỆT NAM,NCC010020
PO01/25-010,Nguyễn Thị Đào,1/6/2025,PR25/01-008,BCD008,Bộ thu phát Wifi,Bộ,1,Bộ,1,,VND,2000000,0,2000000,Trần Trung Hiếu,NV031
PO01/25-051,Nguyễn Thị Đào,1/17/2025,PR25/01-041,DMO001,Đầu mạng RJ45,Cái,100,Cái,100,,VND,1,0,100,Trần Trung Hiếu,NV031
PO01/25-066,Nguyễn Thị Đào,1/24/2025,PR25/01-062,HAT-EMH77197,Hạt màu xanh dương EMH77197. [EUP] [2195C],KG,250,KG,250,,VND,1,25,250,CÔNG TY CỔ PHẦN NHỰA CHÂU ÂU PHƯƠNG NAM,NCC010014
PO01/25-066,Nguyễn Thị Đào,1/24/2025,PR25/01-063,HAT-EMMV8C,Hạt phụ gia MV8C (Châu Âu),KG,2000,KG,2000,,VND,1,200,2000,CÔNG TY CỔ PHẦN NHỰA CHÂU ÂU PHƯƠNG NAM,NCC010014
PO01/25-066,Nguyễn Thị Đào,1/24/2025,PR25/01-062,HAT-EMPE0033K,Hạt màu đen EMPE0033K - Châu Âu. [KB3],KG,675,KG,675,,VND,1,68,675,CÔNG TY CỔ PHẦN NHỰA CHÂU ÂU PHƯƠNG NAM,NCC010014
PO01/25-066,Nguyễn Thị Đào,1/24/2025,PR25/01-063,HAT-EMPP-MF,"Hạt ổn định MFI. (MF4X, MF5X, MF6X)",KG,3000,KG,3000,,VND,1,300,3000,CÔNG TY CỔ PHẦN NHỰA CHÂU ÂU PHƯƠNG NAM,NCC010014
PO01/25-047,Thái Nguyễn Minh Quyết,1/16/2025,PR24/12-122,HAT-HDPE-TH,"Hạt nhựa HDPE thổi hấp. [Bao gồm các mã: , 6888, TR-144, FB1460...]",KG,5600,KG,5600,,VND,24909.0909,13949091,139490909,CÔNG TY TNHH VINH PHÁT PVN,NCC010329
PO01/25-002,Thái Nguyễn Minh Quyết,1/3/2025,PR24/12-122,HAT-HDPE-TH,"Hạt nhựa HDPE thổi hấp. [Bao gồm các mã: , 6888, TR-144, FB1460...]",KG,27000,KG,27000,,VND,1,0,27000,CÔNG TY TNHH VINH PHÁT PVN,NCC010329
PO02/25-001,Thái Nguyễn Minh Quyết,2/3/2025,PR25/01-040,HAT-LLDPE.THOI,"Hạt nhựa LLDPE thổi gồm các mã: 253HS; FC21HS; FD21HN; 222WJ, 218WJ",KG,10000,KG,10000,,VND,1,0,10000,CÔNG TY TNHH VINH PHÁT PVN,NCC010329
PO01/25-066,Nguyễn Thị Đào,1/24/2025,PR25/01-062,HAT-MVCA-2014,Hạt màu vàng EMP2014(C. Âu),KG,50,KG,50,,VND,1,5,50,CÔNG TY CỔ PHẦN NHỰA CHÂU ÂU PHƯƠNG NAM,NCC010014
PO01/25-004,Thái Nguyễn Minh Quyết,1/3/2025,,HAT-PPKC,Hạt nhựa PP kéo sợi.,KG,504000,KG,504000,,USD,0.955,0,481320,"Koco International Trade (Ningbo) Co.,Ltd",NCC020022
PO01/25-029,Thái Nguyễn Minh Quyết,1/9/2025,,HAT-PPKC,Hạt nhựa PP kéo sợi.,KG,360000,KG,360000,,VND,25454.5454,916363634,9163636344,CÔNG TY TNHH LUCKY STAR PLAST,KH010018
PO01/25-001,Thái Nguyễn Minh Quyết,1/3/2025,,HAT-PPKC-114G,Hạt nhựa PP kéo sợi - 114G,Kg,81000,Kg,81000,,VND,25454.5454,206181818,2061818177,CÔNG TY CỔ PHẦN KANETORA,NCC010421
PO01/25-018,Thái Nguyễn Minh Quyết,1/8/2025,PR24/09-003,HAT-PPKC-P400S,Hạt nhựa PP kéo sợi -P400S,KG,108000,KG,108000,,VND,25363.6364,273927273,2739272731,CÔNG TY TNHH MỘT THÀNH VIÊN MARUBENI VIỆT NAM,NCC010015
PO01/25-003,Thái Nguyễn Minh Quyết,1/3/2025,,HAT-PPKC-T03,Hạt nhựa PP kéo sợi - T03,Kg,624000,Kg,624000,,USD,0.95,0,592800,CÔNG TY SINOPEC CHEMICAL COMMERCIAL HOLDING (HONG KONG) COMPANY LIMITED,NCC020012
PO01/25-022,Nguyễn Thị Đào,1/8/2025,PR25/01-023,HAT-TACKS-1001,Hạt Taical EFPP1001 trắng sáng,Kg,162000,Kg,162000,,VND,7200,0,1166400000,CÔNG TY CỔ PHẦN NHỰA CHÂU ÂU PHƯƠNG NAM,NCC010014
PO01/25-024,Nguyễn Thị Đào,1/8/2025,PR25/01-023,HAT-TALC-THOI-IFC7,Hạt taical thổi HDPE IF-PE114C7 (Đại Á),KG,5000,KG,5000,,VND,8150,0,40750000,CHI NHÁNH TẠI THÀNH PHỐ HỒ CHÍ MINH CÔNG TY CỔ PHẦN CÔNG NGHIỆP ĐẠI Á,NCC010202
PO01/25-053,Nguyễn Thị Đào,1/17/2025,PR25/01-040,HAT-TAYOP10,Hạt tẩy trắng quang học OP10 (Đại Á),KG,500,KG,500,,VND,80000,0,40000000,CHI NHÁNH TẠI THÀNH PHỐ HỒ CHÍ MINH CÔNG TY CỔ PHẦN CÔNG NGHIỆP ĐẠI Á,NCC010202
PO01/25-066,Nguyễn Thị Đào,1/24/2025,PR25/01-063,HAT-UV881C,Hạt UV 881C (Châu Âu),KG,2000,KG,2000,,VND,1,200,2000,CÔNG TY CỔ PHẦN NHỰA CHÂU ÂU PHƯƠNG NAM,NCC010014
PO01/25-025,Nguyễn Thị Đào,1/8/2025,PR25/01-023,LDPE062097G050TT.KCP,"Túi LDPE, trắng trong, K62(+/-0.5)x97LL(+/-0.5), cắt dài 98cm + hàn 2 đường cách đáy <10mm, TL: 50(+/-1)gr.",CAI,500000,KG,25000,,VND,1725,0,862500000,CÔNG TY TNHH AMIBA VIỆT NAM,NCC010020
PO01/25-055,Nguyễn Thị Đào,1/22/2025,PR25/01-057,MDM-DMC,Dung môi Chỉnh,KG,48,KG,48,,VND,39000,187200,1872000,CÔNG TY CỔ PHẨN SẢN XUẤT THƯƠNG MẠI TÂN VIỆT SINH - CHI NHANH 1 (LONG AN),NCC010016
PO01/25-015,Nguyễn Thị Đào,1/8/2025,PR25/01-020,MDM-DMC,Dung môi Chỉnh,KG,24,KG,24,,VND,39000,93600,936000,CÔNG TY CỔ PHẨN SẢN XUẤT THƯƠNG MẠI TÂN VIỆT SINH - CHI NHANH 1 (LONG AN),NCC010016
PO01/25-065,Nguyễn Thị Đào,1/24/2025,PR25/01-065,MDM-DML,Dung Môi PP - Dung Môi trực tiếp,KG,1020,KG,1020,,VND,39000,3978000,39780000,CÔNG TY CỔ PHẨN SẢN XUẤT THƯƠNG MẠI TÂN VIỆT SINH - CHI NHANH 1 (LONG AN),NCC010016
PO01/25-009,Nguyễn Thị Đào,1/6/2025,PR25/01-007,MDM-DML,Dung Môi PP - Dung Môi trực tiếp,KG,1020,KG,1020,,VND,39000,3978000,39780000,CÔNG TY CỔ PHẨN SẢN XUẤT THƯƠNG MẠI TÂN VIỆT SINH - CHI NHANH 1 (LONG AN),NCC010016
PO01/25-031,Nguyễn Thị Đào,1/10/2025,PR25/01-027,MDM-DML,Dung Môi PP - Dung Môi trực tiếp,KG,510,KG,510,,VND,39000,1989000,19890000,CÔNG TY CỔ PHẨN SẢN XUẤT THƯƠNG MẠI TÂN VIỆT SINH - CHI NHANH 1 (LONG AN),NCC010016
PO01/25-037,Nguyễn Thị Đào,1/14/2025,PR25/01-038,MDM-DML,Dung Môi PP - Dung Môi trực tiếp,KG,1020,KG,1020,,VND,39000,3978000,39780000,CÔNG TY CỔ PHẨN SẢN XUẤT THƯƠNG MẠI TÂN VIỆT SINH - CHI NHANH 1 (LONG AN),NCC010016
PO01/25-065,Nguyễn Thị Đào,1/24/2025,PR25/01-065,MDM-DMO001,Dung môi Chậm khô Trực Tiếp,KG,24,KG,24,,VND,64000,153600,1536000,CÔNG TY CỔ PHẨN SẢN XUẤT THƯƠNG MẠI TÂN VIỆT SINH - CHI NHANH 1 (LONG AN),NCC010016
PO01/25-031,Nguyễn Thị Đào,1/10/2025,PR25/01-027,MDM-DMO001,Dung môi Chậm khô Trực Tiếp,KG,48,KG,48,,VND,64000,307200,3072000,CÔNG TY CỔ PHẨN SẢN XUẤT THƯƠNG MẠI TÂN VIỆT SINH - CHI NHANH 1 (LONG AN),NCC010016
PO01/25-037,Nguyễn Thị Đào,1/14/2025,PR25/01-038,MDM-FL021,Cam 021C FL.,KG,25,KG,25,,VND,75000,187500,1875000,CÔNG TY CỔ PHẨN SẢN XUẤT THƯƠNG MẠI TÂN VIỆT SINH - CHI NHANH 1 (LONG AN),NCC010016
PO01/25-055,Nguyễn Thị Đào,1/22/2025,PR25/01-057,MDM-FL021GT,Cam 021C FL gián tiếp,KG,25,KG,25,,VND,75000,187500,1875000,CÔNG TY CỔ PHẨN SẢN XUẤT THƯƠNG MẠI TÂN VIỆT SINH - CHI NHANH 1 (LONG AN),NCC010016
PO01/25-015,Nguyễn Thị Đào,1/8/2025,PR25/01-020,MDM-FL185DB,Đỏ Red 185C trực tiếp.( mực đặc biệt dùng cho in bao có độ bám cao),KG,7,KG,7,,VND,76000,53200,532000,CÔNG TY CỔ PHẨN SẢN XUẤT THƯƠNG MẠI TÂN VIỆT SINH - CHI NHANH 1 (LONG AN),NCC010016
PO01/25-050,Nguyễn Thị Đào,1/17/2025,PR25/01-042,MDM-FL23,Vàng Chanh 23 FL,KG,50,KG,50,,VND,74000,370000,3700000,CÔNG TY CỔ PHẨN SẢN XUẤT THƯƠNG MẠI TÂN VIỆT SINH - CHI NHANH 1 (LONG AN),NCC010016
PO01/25-065,Nguyễn Thị Đào,1/24/2025,PR25/01-065,MDM-FL23,Vàng Chanh 23 FL,KG,75,KG,75,,VND,74000,555000,5550000,CÔNG TY CỔ PHẨN SẢN XUẤT THƯƠNG MẠI TÂN VIỆT SINH - CHI NHANH 1 (LONG AN),NCC010016
PO01/25-031,Nguyễn Thị Đào,1/10/2025,PR25/01-027,MDM-FL23,Vàng Chanh 23 FL,KG,75,KG,75,,VND,74000,555000,5550000,CÔNG TY CỔ PHẨN SẢN XUẤT THƯƠNG MẠI TÂN VIỆT SINH - CHI NHANH 1 (LONG AN),NCC010016
PO01/25-050,Nguyễn Thị Đào,1/17/2025,PR25/01-042,MDM-FL23GT,Vàng Chanh 23 FL gián tiếp (P012C),KG,50,KG,50,,VND,74000,370000,3700000,CÔNG TY CỔ PHẨN SẢN XUẤT THƯƠNG MẠI TÂN VIỆT SINH - CHI NHANH 1 (LONG AN),NCC010016
PO01/25-065,Nguyễn Thị Đào,1/24/2025,PR25/01-065,MDM-FL23GT,Vàng Chanh 23 FL gián tiếp (P012C),KG,75,KG,75,,VND,74000,555000,5550000,CÔNG TY CỔ PHẨN SẢN XUẤT THƯƠNG MẠI TÂN VIỆT SINH - CHI NHANH 1 (LONG AN),NCC010016
PO01/25-031,Nguyễn Thị Đào,1/10/2025,PR25/01-027,MDM-FL23GT,Vàng Chanh 23 FL gián tiếp (P012C),KG,50,KG,50,,VND,74000,370000,3700000,CÔNG TY CỔ PHẨN SẢN XUẤT THƯƠNG MẠI TÂN VIỆT SINH - CHI NHANH 1 (LONG AN),NCC010016
PO01/25-065,Nguyễn Thị Đào,1/24/2025,PR25/01-065,MDM-FL39,Xanh Dương 39 FL,KG,50,KG,50,,VND,76000,380000,3800000,CÔNG TY CỔ PHẨN SẢN XUẤT THƯƠNG MẠI TÂN VIỆT SINH - CHI NHANH 1 (LONG AN),NCC010016
PO01/25-015,Nguyễn Thị Đào,1/8/2025,PR25/01-020,MDM-FL39,Xanh Dương 39 FL,KG,25,KG,25,,VND,76000,190000,1900000,CÔNG TY CỔ PHẨN SẢN XUẤT THƯƠNG MẠI TÂN VIỆT SINH - CHI NHANH 1 (LONG AN),NCC010016
PO01/25-037,Nguyễn Thị Đào,1/14/2025,PR25/01-034,MDM-FL39,Xanh Dương 39 FL,KG,100,KG,100,,VND,76000,760000,7600000,CÔNG TY CỔ PHẨN SẢN XUẤT THƯƠNG MẠI TÂN VIỆT SINH - CHI NHANH 1 (LONG AN),NCC010016
PO01/25-055,Nguyễn Thị Đào,1/22/2025,PR25/01-057,MDM-FL39GT,Xanh Dương 39 FL gián tiếp,KG,50,KG,50,,VND,76000,380000,3800000,CÔNG TY CỔ PHẨN SẢN XUẤT THƯƠNG MẠI TÂN VIỆT SINH - CHI NHANH 1 (LONG AN),NCC010016
PO01/25-065,Nguyễn Thị Đào,1/24/2025,PR25/01-065,MDM-FL39GT,Xanh Dương 39 FL gián tiếp,KG,25,KG,25,,VND,76000,190000,1900000,CÔNG TY CỔ PHẨN SẢN XUẤT THƯƠNG MẠI TÂN VIỆT SINH - CHI NHANH 1 (LONG AN),NCC010016
PO01/25-037,Nguyễn Thị Đào,1/14/2025,PR25/01-034,MDM-FL39GT,Xanh Dương 39 FL gián tiếp,KG,50,KG,50,,VND,76000,380000,3800000,CÔNG TY CỔ PHẨN SẢN XUẤT THƯƠNG MẠI TÂN VIỆT SINH - CHI NHANH 1 (LONG AN),NCC010016
PO01/25-065,Nguyễn Thị Đào,1/24/2025,PR25/01-065,MDM-FL485,Đỏ 485C,KG,25,KG,25,,VND,74000,185000,1850000,CÔNG TY CỔ PHẨN SẢN XUẤT THƯƠNG MẠI TÂN VIỆT SINH - CHI NHANH 1 (LONG AN),NCC010016
PO01/25-055,Nguyễn Thị Đào,1/22/2025,PR25/01-057,MDM-FL485GT,Đỏ 485C gián tiếp,KG,50,KG,50,,VND,74000,370000,3700000,CÔNG TY CỔ PHẨN SẢN XUẤT THƯƠNG MẠI TÂN VIỆT SINH - CHI NHANH 1 (LONG AN),NCC010016
PO01/25-031,Nguyễn Thị Đào,1/10/2025,PR25/01-029,MDM-FL79,Xanh Lá 79 FL,KG,25,KG,25,,VND,83000,207500,2075000,CÔNG TY CỔ PHẨN SẢN XUẤT THƯƠNG MẠI TÂN VIỆT SINH - CHI NHANH 1 (LONG AN),NCC010016
PO01/25-037,Nguyễn Thị Đào,1/14/2025,PR25/01-038,MDM-FL79,Xanh Lá 79 FL,KG,25,KG,25,,VND,83000,207500,2075000,CÔNG TY CỔ PHẨN SẢN XUẤT THƯƠNG MẠI TÂN VIỆT SINH - CHI NHANH 1 (LONG AN),NCC010016
PO01/25-050,Nguyễn Thị Đào,1/17/2025,PR25/01-042,MDM-FL81,Tím 81 FL,KG,25,KG,25,,VND,91000,227500,2275000,CÔNG TY CỔ PHẨN SẢN XUẤT THƯƠNG MẠI TÂN VIỆT SINH - CHI NHANH 1 (LONG AN),NCC010016
PO01/25-031,Nguyễn Thị Đào,1/10/2025,PR25/01-027,MDM-FL81,Tím 81 FL,KG,25,KG,25,,VND,91000,227500,2275000,CÔNG TY CỔ PHẨN SẢN XUẤT THƯƠNG MẠI TÂN VIỆT SINH - CHI NHANH 1 (LONG AN),NCC010016
PO01/25-037,Nguyễn Thị Đào,1/14/2025,PR25/01-034,MDM-FL81GT,Tím 81 FL gián tiếp,KG,25,KG,25,,VND,91000,227500,2275000,CÔNG TY CỔ PHẨN SẢN XUẤT THƯƠNG MẠI TÂN VIỆT SINH - CHI NHANH 1 (LONG AN),NCC010016
PO01/25-050,Nguyễn Thị Đào,1/17/2025,PR25/01-042,MDM-FL92,Đen 92 FL,KG,100,KG,100,,VND,69000,690000,6900000,CÔNG TY CỔ PHẨN SẢN XUẤT THƯƠNG MẠI TÂN VIỆT SINH - CHI NHANH 1 (LONG AN),NCC010016
PO01/25-031,Nguyễn Thị Đào,1/10/2025,PR25/01-027,MDM-FL92,Đen 92 FL,KG,75,KG,75,,VND,71000,532500,5325000,CÔNG TY CỔ PHẨN SẢN XUẤT THƯƠNG MẠI TÂN VIỆT SINH - CHI NHANH 1 (LONG AN),NCC010016
PO01/25-015,Nguyễn Thị Đào,1/8/2025,PR25/01-020,MDM-FL92DB,Đen 92   trực tiếp.( mực đặc biệt dùng cho in bao có  độ bám cao),KG,7,KG,7,,VND,71000,49700,497000,CÔNG TY CỔ PHẨN SẢN XUẤT THƯƠNG MẠI TÂN VIỆT SINH - CHI NHANH 1 (LONG AN),NCC010016
PO01/25-050,Nguyễn Thị Đào,1/17/2025,PR25/01-042,MDM-FL92GT,Đen 92 FL gián tiếp,KG,100,KG,100,,VND,69000,690000,6900000,CÔNG TY CỔ PHẨN SẢN XUẤT THƯƠNG MẠI TÂN VIỆT SINH - CHI NHANH 1 (LONG AN),NCC010016
PO01/25-009,Nguyễn Thị Đào,1/6/2025,PR25/01-007,MDM-FL92GT,Đen 92 FL gián tiếp,KG,50,KG,50,,VND,69000,345000,3450000,CÔNG TY CỔ PHẨN SẢN XUẤT THƯƠNG MẠI TÂN VIỆT SINH - CHI NHANH 1 (LONG AN),NCC010016
PO01/25-009,Nguyễn Thị Đào,1/6/2025,PR25/01-007,MDM-FLDO192,Đỏ 192C FL,KG,50,KG,50,,VND,74000,370000,3700000,CÔNG TY CỔ PHẨN SẢN XUẤT THƯƠNG MẠI TÂN VIỆT SINH - CHI NHANH 1 (LONG AN),NCC010016
PO01/25-015,Nguyễn Thị Đào,1/8/2025,PR25/01-020,MDM-FLDO192GT,Đỏ 192C FL gián tiếp,KG,50,KG,50,,VND,74000,370000,3700000,CÔNG TY CỔ PHẨN SẢN XUẤT THƯƠNG MẠI TÂN VIỆT SINH - CHI NHANH 1 (LONG AN),NCC010016
PO01/25-055,Nguyễn Thị Đào,1/22/2025,PR25/01-057,MDM-FLH570,Hồng 570 FL,KG,25,KG,25,,VND,133000,332500,3325000,CÔNG TY CỔ PHẨN SẢN XUẤT THƯƠNG MẠI TÂN VIỆT SINH - CHI NHANH 1 (LONG AN),NCC010016
PO01/25-037,Nguyễn Thị Đào,1/14/2025,PR25/01-038,MDM-FLNHUVANG,Nhũ Vàng FL,KG,15,KG,15,,VND,202000,303000,3030000,CÔNG TY CỔ PHẨN SẢN XUẤT THƯƠNG MẠI TÂN VIỆT SINH - CHI NHANH 1 (LONG AN),NCC010016
PO01/25-015,Nguyễn Thị Đào,1/8/2025,PR25/01-020,MDM-FLPROBLUEDB,Xanh Dương Process Blue  trực tiếp.( mực đặc biệt dùng cho in bao  có độ bám cao),KG,7,KG,7,,VND,78000,54600,546000,CÔNG TY CỔ PHẨN SẢN XUẤT THƯƠNG MẠI TÂN VIỆT SINH - CHI NHANH 1 (LONG AN),NCC010016
PO01/25-009,Nguyễn Thị Đào,1/6/2025,PR25/01-007,MDM-FLXL3415C,Xanh Lá 3415C FL,KG,25,KG,25,,VND,76000,190000,1900000,CÔNG TY CỔ PHẨN SẢN XUẤT THƯƠNG MẠI TÂN VIỆT SINH - CHI NHANH 1 (LONG AN),NCC010016
PO01/25-031,Nguyễn Thị Đào,1/10/2025,PR25/01-027,MDM-FLXL3415C,Xanh Lá 3415C FL,KG,75,KG,75,,VND,76000,570000,5700000,CÔNG TY CỔ PHẨN SẢN XUẤT THƯƠNG MẠI TÂN VIỆT SINH - CHI NHANH 1 (LONG AN),NCC010016
PO01/25-055,Nguyễn Thị Đào,1/22/2025,PR25/01-057,MDM-FLXL3415CGT,Xanh Lá 3415C FL gián tiếp,KG,25,KG,25,,VND,76000,190000,1900000,CÔNG TY CỔ PHẨN SẢN XUẤT THƯƠNG MẠI TÂN VIỆT SINH - CHI NHANH 1 (LONG AN),NCC010016
PO01/25-065,Nguyễn Thị Đào,1/24/2025,PR25/01-065,MDM-FLXL3415CGT,Xanh Lá 3415C FL gián tiếp,KG,25,KG,25,,VND,76000,190000,1900000,CÔNG TY CỔ PHẨN SẢN XUẤT THƯƠNG MẠI TÂN VIỆT SINH - CHI NHANH 1 (LONG AN),NCC010016
PO01/25-006,Nguyễn Thị Đào,1/3/2025,PR25/01-009,SUI-KIENG-JB,Sủi kiếng jumbo ( sủi kiếng mua ngoài ),KG,2000,KG,2000,,VND,19800,0,39600000,TRẦN HỮU THÀNH _ VẬT TƯ NHÀ MÁY,NCC010053
PO01/25-011,Nguyễn Thị Đào,1/6/2025,PR25/01-006,THACAAGS119013013237TRDU,"Vải Manh PP, màu trắng UV, K119.0cm, MĐ: 13.0x13.0, GC 2 điểm chỉ đôi 30mm, ID định vị màu xanh dương giữa gia cường, 42+35+42, TL: 237.0g/mét. (194.2gsm +GC 5.9 g/m)",M,44000,KG,10428,,VND,1,3520,44000,CÔNG TY TNHH HONSIN (VIỆT NAM),NCC010100
PO01/25-049,Nguyễn Dũng Trung,1/17/2025,,THATRHAR510100110086TRDU,"Vải Cuộn PP, trắng đục, tráng ngoai K51cm,,  tráng ngoài 18gsm, rọc biên 1 bên MĐ: 10x11, TL: 86.76g/m.",M,5000,KG,433.8,,VND,7000,0,721000,CÔNG TY TNHH BAO BÌ NHỰA QUỐC ANH,NCC010022
PO01/25-048,Nguyễn Dũng Trung,1/17/2025,,THATRHAR660100110119TRUV,"Cuộn PP, trắng đục, tráng bóng ngoài, K66.0cm, MĐ: 10.0x11.0, TL: 119g/m.",M,5400,KG,642.6,,VND,7000,0,1015000,CÔNG TY TNHH BAO BÌ NHỰA QUỐC ANH,NCC010022
PO01/25-005,Nguyễn Dũng Trung,1/3/2025,,THATRHAW680100110117TRDU,"Cuộn PP, trắng đục, tráng ngoài (bóng), K68cm, MĐ: 10x11, TL: 117.8g/m.",M,3000,KG,356.94,,VND,8000,0,776000,CÔNG TY TNHH BAO BÌ NHỰA QUỐC ANH,NCC010022
PO01/25-005,Nguyễn Dũng Trung,1/3/2025,,THATRHAW810100110140TRDU,"Cuộn PP, trắng đục, tráng ngoài (bóng), K81cm, MĐ: 10x11, TL: 140.3g/m.",M,3000,KG,425.1,,VND,8000,0,936000,CÔNG TY TNHH BAO BÌ NHỰA QUỐC ANH,NCC010022
PO01/25-005,Nguyễn Dũng Trung,1/3/2025,,THATRHAW840100110145TRDU,"Cuộn PP, trắng đục, tráng ngoài (bóng), K84cm, MĐ: 10x11, TL: 145.5g/m.",M,3000,KG,440.88,,VND,8000,0,1000000,CÔNG TY TNHH BAO BÌ NHỰA QUỐC ANH,NCC010022
PO01/25-030,Nguyễn Dũng Trung,1/10/2025,,THATRNIS117130130263BE00,"Vải cuộn PP, tráng ngoài màu beige, K117.0cm, MĐ: 13.0x13.0,TL: 263.25g/mét.",M,3690.7299,KG,971.5846,,VND,17500,183400,2292500,CÔNG TY TNHH BAO BÌ HIỆP PHƯỚC,NCC010021
PO01/25-030,Nguyễn Dũng Trung,1/10/2025,,THATRNIS173130130778BE00,"Vải cuộn PP, tráng ngoài màu beige, K173.0cm, MĐ: 13.0x13.0,sợi ID định vị màu trắng ở giữa mỗi mặt TL: 778.5g/mét.",M,2383.6,KG,1855.6326,,VND,17500,350000,4375000,CÔNG TY TNHH BAO BÌ HIỆP PHƯỚC,NCC010021
PO01/25-030,Nguyễn Dũng Trung,1/10/2025,,THATRPPM069080080517TRDU,"Cuộn manh PP, Tráng ngoài, trắng đục, Khổ tráng 140cm, cắt biên chia cuộn còn khổ TP 69.0cm, tráng 19gsm, TL: 51.75g/m. (PP56.0gsm+LM19.0gsm)",M,4646,KG,240.4305,,VND,17500,95200,1190000,CÔNG TY TNHH BAO BÌ HIỆP PHƯỚC,NCC010021
PO01/25-035,Nguyễn Dũng Trung,1/14/2025,,THATRPPM069080080517TRDU,"Cuộn manh PP, Tráng ngoài, trắng đục, Khổ tráng 140cm, cắt biên chia cuộn còn khổ TP 69.0cm, tráng 19gsm, TL: 51.75g/m. (PP56.0gsm+LM19.0gsm)",M,5000,KG,258.75,,VND,8000,0,640000,CÔNG TY TNHH BAO BÌ NHỰA QUỐC ANH,NCC010022
PO01/25-046,Nguyễn Dũng Trung,1/15/2025,,THATRPPM095080080712TRDU,"Cuộn manh PP, Tráng ngoài, trắng đục, Khổ tráng 97.0cm, cắt biên còn TP 95.0cm, tráng 20gsm, TL: 71.25g/m.  (PP55.0gsm+LM20gsm)",M,7300,KG,520.125,,VND,17500,175000,2187500,CÔNG TY TNHH SẢN XUẤT THƯƠNG MẠI KIÊN THẠNH,KH010005
PO01/25-059,Nguyễn Thị Đào,1/22/2025,PR25/01-052,THATRPPM095080080712TRDU,"Cuộn manh PP, Tráng ngoài, trắng đục, Khổ tráng 97.0cm, cắt biên còn TP 95.0cm, tráng 20gsm, TL: 71.25g/m.  (PP55.0gsm+LM20gsm)",M,4210.5,KG,300,,VND,2956.893,996000,12449998,CÔNG TY TNHH SẢN XUẤT THƯƠNG MẠI KIÊN THẠNH,KH010005
PO01/25-030,Nguyễn Dũng Trung,1/10/2025,,THATRPPM095080080712TRDU,"Cuộn manh PP, Tráng ngoài, trắng đục, Khổ tráng 97.0cm, cắt biên còn TP 95.0cm, tráng 20gsm, TL: 71.25g/m.  (PP55.0gsm+LM20gsm)",M,7211.4,KG,513.8123,,VND,17500,197400,2467500,CÔNG TY TNHH BAO BÌ HIỆP PHƯỚC,NCC010021
PO01/25-049,Nguyễn Dũng Trung,1/17/2025,,THATRSAN585100009102TRDU,"Vải cuộn PP, trắng đục, tráng ngoai K58.5cm(+1/-0.5), tráng ngoài 18gsm, rọc biên 1 bên MĐ: 10.0x9.0, TL: 102g/m(+/-2).",M,3500,KG,420,,VND,7000,0,588000,CÔNG TY TNHH BAO BÌ NHỰA QUỐC ANH,NCC010022
PO01/25-049,Nguyễn Dũng Trung,1/17/2025,,THATRSAN710110120141TRDU,"Vải cuộn PP, trắng đục,tráng ngoài  K71cm (+1.5/-0),tráng ngoài 18gsm, rọc biên 1 bên  MĐ: 11.0x12.0, TL: 141.0g/m (+/-2.0)",M,6000,KG,846,,VND,7000,0,1218000,CÔNG TY TNHH BAO BÌ NHỰA QUỐC ANH,NCC010022
PO01/25-014,Nguyễn Dũng Trung,1/6/2025,,THATRUNP053100100038DE00,"Vải manh PP màu đen tráng ngoài, có UV; khổ 53.0cm; MĐ: 10.0x10.0, dệt caro; TL: 38.1g/m [Tráng 18gsm]",M,20000,KG,762,,VND,8000,0,1600000,CÔNG TY TNHH BAO BÌ NHỰA QUỐC ANH,NCC010022
PO01/25-049,Nguyễn Dũng Trung,1/17/2025,,THATRUWS660110110132TRDU,"Vải Cuộn PP, trắng đục, tráng ngoài K66cm, tráng ngoài 18gsm, rọc biên 1 bên MĐ: 11x11, 830D, TL: 132.76g/m.",M,5000,KG,663.8,,VND,7000,0,945000,CÔNG TY TNHH BAO BÌ NHỰA QUỐC ANH,NCC010022
PO01/25-038,Nguyễn Thị Đào,1/14/2025,PR25/01-026,VPP001,ACCO Nhựa,HOP,3,HOP,3,,VND,13000,3120,39000,CÔNG TY TNHH THƯƠNG MẠI DỊCH VỤ GIA VĨ,NCC010073
PO01/25-038,Nguyễn Thị Đào,1/14/2025,PR25/01-026,VPP003,Bìa Lổ Mỏng,XAP,5,XAP,5,,VND,34000,13600,170000,CÔNG TY TNHH THƯƠNG MẠI DỊCH VỤ GIA VĨ,NCC010073
PO01/25-038,Nguyễn Thị Đào,1/14/2025,PR25/01-026,VPP007,Mực lông dầu đỏ,HOP,12,HOP,12,,VND,8500,10200,102000,CÔNG TY TNHH THƯƠNG MẠI DỊCH VỤ GIA VĨ,NCC010073
PO01/25-038,Nguyễn Thị Đào,1/14/2025,PR25/01-026,VPP008,Mực lông dầu xanh,HOP,6,HOP,6,,VND,8500,5100,51000,CÔNG TY TNHH THƯƠNG MẠI DỊCH VỤ GIA VĨ,NCC010073
PO01/25-036,Nguyễn Thị Đào,1/14/2025,PR25/01-036,VPP-010000001000000,Mỳ tôm hảo hảo,THUNG,30,THUNG,30,,VND,120000,0,3600000,TRẦN HỮU THÀNH _ VẬT TƯ NHÀ MÁY,NCC010053
Tổng cộng:,,,,,,,3049874.9,,2377625.005,,,,1474675904,17169696702,,
