Số chứng từ,Ngày tạo,Người tạo,Loại kế hoạch,Ghi chú 1,Vật tư,Tên vật tư,Đvt 1,Số lượng 1,HSQĐ,Đvt 2,Số lượng 2,Ghi chú 2,Mục đích sử dụng,Ngày sử dụng
EP2502-0030,2/11/2025,Phạm Quang Đạt,Theo bộ phận,Vật tư đi đường hơi mới cho máy dệt RX 6.0,VAN084,Van thau phi 27,CAI,20,1,CAI,20,,Đi đường hơi cho máy dệt RX 6.0,2/14/2025
EP2502-0031,2/11/2025,Phạm Quang Đạt,Theo bộ phận,Vật tư bảo trì máy sợi LOHIA,0901100480000000,Bạc đạn 625-2Z.,CAI,200,1,CAI,200,,Bảo trì máy sợi LOHIA,2/26/2025
EP2502-0031,2/11/2025,Phạm Quang Đạt,Theo bộ phận,Vật tư bảo trì máy sợi LOHIA,0922100020000000,Tai nhôm phải (LS20801121),Cái,100,1,Cái,100,,Bảo trì máy sợi LOHIA,2/26/2025
EP2502-0031,2/11/2025,Phạm Quang Đạt,Theo bộ phận,Vật tư bảo trì máy sợi LOHIA,0904800050000000,CỐT BÁNH XE THU CHỈ mã: LS 20414116,CAI,200,1,CAI,200,,Bảo trì máy sợi LOHIA,2/26/2025
EP2502-0031,2/11/2025,Phạm Quang Đạt,Theo bộ phận,Vật tư bảo trì máy sợi LOHIA,0901100240000000,BẠC ĐẠN 6006,CAI,20,1,CAI,20,,Bảo trì máy sợi LOHIA,2/26/2025
EP2502-0031,2/11/2025,Phạm Quang Đạt,Theo bộ phận,Vật tư bảo trì máy sợi LOHIA,0901100200000000,Bạc đạn SKF 6003 - 2Z/C3,CAI,20,1,CAI,20,,Bảo trì máy sợi LOHIA,2/26/2025
EP2502-0031,2/11/2025,Phạm Quang Đạt,Theo bộ phận,Vật tư bảo trì máy sợi LOHIA,0901100560000000,BẠC ĐẠN SKF 61804,CAI,50,1,CAI,50,,Bảo trì máy sợi LOHIA,2/26/2025
EP2502-0032,2/11/2025,Hà Mạnh Hùng,Theo bộ phận,Vật tư sửa chữa máy nén khí và sấy khí KINGPOWER  - Moel: KPC 100 ( 100HP) phân xưởng 7.,5200111560000000,Quạt Hút máy sấy Kingpower KPC 100 - D400.,CAI,1,1,CAI,1,,Thay thế bảo trì sửa chữa.,2/14/2025
EP2502-0032,2/11/2025,Hà Mạnh Hùng,Theo bộ phận,Vật tư sửa chữa máy nén khí và sấy khí KINGPOWER  - Moel: KPC 100 ( 100HP) phân xưởng 7.,0902900460000000,Sin ống dầu máy nén khí KingPower Model: KPC - 100 (100HP),CAI,2,1,CAI,2,,Thay thế bảo trì sửa chữa.,2/14/2025
EP2502-0032,2/11/2025,Hà Mạnh Hùng,Theo bộ phận,Vật tư sửa chữa máy nén khí và sấy khí KINGPOWER  - Moel: KPC 100 ( 100HP) phân xưởng 7.,091960092000000,Bộ cụm van hút máy nén khí KINGPOWER. Model : AIV - 85B -W YX.,BO,1,1,BO,1,,Thay thế bảo trì sửa chữa.,2/14/2025
EP2502-0032,2/11/2025,Hà Mạnh Hùng,Theo bộ phận,Vật tư sửa chữa máy nén khí và sấy khí KINGPOWER  - Moel: KPC 100 ( 100HP) phân xưởng 7.,918400120000000,Gioăng nắp cửa gió máy nén khí KINGPOWER model : KPC 100 (100HP),CAI,1,1,CAI,1,,Thay thế bảo trì sửa chữa.,2/14/2025
EP2502-0032,2/11/2025,Hà Mạnh Hùng,Theo bộ phận,Vật tư sửa chữa máy nén khí và sấy khí KINGPOWER  - Moel: KPC 100 ( 100HP) phân xưởng 7.,0902700920000000,Đồng hồ áp suất máy nén khí KINGPOWER Model : KPC - 100(100HP),CAI,1,1,CAI,1,,Thay thế bảo trì sửa chữa.,2/14/2025
EP2502-0032,2/11/2025,Hà Mạnh Hùng,Theo bộ phận,Vật tư sửa chữa máy nén khí và sấy khí KINGPOWER  - Moel: KPC 100 ( 100HP) phân xưởng 7.,0902700930000000,Đồng hồ gas máy nén khí KINGPOWER Model : KPC - 100(100HP),CAI,1,1,CAI,1,,Thay thế bảo trì sửa chữa.,2/14/2025
EP2502-0033,2/11/2025,Đặng Thị Mỹ Hạnh,Theo bộ phận,"Đề xuất mua nước lau nhà, lau kính, Vim, Chổi",0916100052000000,"Nước lau sàn GIFT can, Lau Sàn thiên nhiên công thức Power Tea Nhật Bản sạch bóng khử mùi can 3,8kg",CHAI,10,1,CHAI,10,,,2/15/2025
EP2502-0033,2/11/2025,Đặng Thị Mỹ Hạnh,Theo bộ phận,"Đề xuất mua nước lau nhà, lau kính, Vim, Chổi",0916100053000000,Nước lau kính,CHAI,10,1,CHAI,10,,,2/15/2025
EP2502-0033,2/11/2025,Đặng Thị Mỹ Hạnh,Theo bộ phận,"Đề xuất mua nước lau nhà, lau kính, Vim, Chổi",0916100054000000,Nước Rửa Bồn Cầu VIM 900ml,CHAI,10,1,CHAI,10,,,2/15/2025
EP2502-0033,2/11/2025,Đặng Thị Mỹ Hạnh,Theo bộ phận,"Đề xuất mua nước lau nhà, lau kính, Vim, Chổi",5200109570000000,Chổi cỏ.,CAY,10,1,CAY,10,,,2/15/2025
EP2502-0031,2/11/2025,Phạm Quang Đạt,Theo bộ phận,Vật tư bảo trì máy sợi LOHIA,0907900060000000,Cục nhựa chốt thắng ( Brake ) Mã: LS 20605117 - 1135268000,Cái,100,1,Cái,100,,Bảo trì máy sợi LOHIA,2/26/2025
EP2502-0031,2/11/2025,Phạm Quang Đạt,Theo bộ phận,Vật tư bảo trì máy sợi LOHIA,0906600380000000,Nắp chụp cao su phi 21 (PRESSURE ROLLER COVER -Ref : LS 2080 1120),CAI,100,1,CAI,100,,Bảo trì máy sợi LOHIA,2/26/2025
EP2502-0030,2/11/2025,Phạm Quang Đạt,Theo bộ phận,Vật tư đi đường hơi mới cho máy dệt RX 6.0,0906102000000000,NỐI HƠI 1 ĐẦU REN 21/10,CAI,35,1,CAI,35,,Đi đường hơi cho máy dệt RX 6.0,2/14/2025
EP2502-0027,2/11/2025,Nguyễn Thị Hưởng,Theo bộ phận,Mua Decal in tem có QR + dầu cho xe nâng,0911200260000000,Decal giấy in vận đơn giao hàng nhanh 80x80 (Decal nhiệt),CUON,50,1,CUON,50,,,2/15/2025
EP2502-0027,2/11/2025,Nguyễn Thị Hưởng,Theo bộ phận,Mua Decal in tem có QR + dầu cho xe nâng,0700100090000000,dầu do,Lít,400,1,Lít,400,,,2/15/2025
EP2502-0028,2/11/2025,Nguyễn Văn Long,Theo bộ phận,ĐỀ XUẤT MỰC IN CHO CÔNG ĐOẠN IN,MDM-FL021,Cam 021C FL.,KG,100,1,KG,100,,MÁY IN,2/14/2025
EP2502-0028,2/11/2025,Nguyễn Văn Long,Theo bộ phận,ĐỀ XUẤT MỰC IN CHO CÔNG ĐOẠN IN,MDM-FL81,Tím 81 FL,KG,50,1,KG,50,,MÁY IN,2/14/2025
EP2502-0028,2/11/2025,Nguyễn Văn Long,Theo bộ phận,ĐỀ XUẤT MỰC IN CHO CÔNG ĐOẠN IN,MDM-FLREFBLUE,Xanh Dương Reflex Blue C,KG,25,1,KG,25,,MÁY IN,2/14/2025
EP2502-0029,2/11/2025,Bùi Thái Hòa,Theo bộ phận,Khắc bản in cao su,5300101127000000,Louis LT-1107,CM2,10000,1,CM2,10000,,,2/14/2001
EP2502-0029,2/11/2025,Bùi Thái Hòa,Theo bộ phận,Khắc bản in cao su,5200105090000000,GOLDEN STATUE,CM2,10000,1,CM2,10000,,,2/14/2025
EP2502-0029,2/11/2025,Bùi Thái Hòa,Theo bộ phận,Khắc bản in cao su,5200101560000000,Tepung Roti canai,CM2,10000,1,CM2,10000,,,2/14/2025
EP2502-0029,2/11/2025,Bùi Thái Hòa,Theo bộ phận,Khắc bản in cao su,5200103780000000,Aqua 34,CM2,10000,1,CM2,10000,,,2/14/2025
EP2502-0029,2/11/2025,Bùi Thái Hòa,Theo bộ phận,Khắc bản in cao su,5200103540000000,9900 Lumut,CM2,10000,1,CM2,10000,,,2/14/2025
EP2502-0029,2/11/2025,Bùi Thái Hòa,Theo bộ phận,Khắc bản in cao su,5200103630000000,9902 Lumut,CM2,10000,1,CM2,10000,,,2/14/2025
EP2502-0030,2/11/2025,Phạm Quang Đạt,Theo bộ phận,Vật tư đi đường hơi mới cho máy dệt RX 6.0,0903900220000000,VAN THAU 34,Cái,15,1,Cái,15,,Đi đường hơi cho máy dệt RX 6.0,2/14/2025
EP2502-0017,2/10/2025,Bùi Thái Hòa,Theo bộ phận,Đặt khắc bản in cao su,5200106390000000,Pollard- Cám Tinh,CM2,10000,1,CM2,10000,,,2/11/2025
EP2502-0017,2/10/2025,Bùi Thái Hòa,Theo bộ phận,Đặt khắc bản in cao su,5300101131000000,K&M-Unipack,CM2,10000,1,CM2,10000,,,2/11/2025
EP2502-0017,2/10/2025,Bùi Thái Hòa,Theo bộ phận,Đặt khắc bản in cao su,520011910000000,BỘT MÌ 28-40KG,CM2,10000,1,CM2,10000,,,2/11/2025
EP2502-0017,2/10/2025,Bùi Thái Hòa,Theo bộ phận,Đặt khắc bản in cao su,520011810000000,MK-PL -25KG,CM2,10000,1,CM2,10000,,,2/11/2025
EP2502-0017,2/10/2025,Bùi Thái Hòa,Theo bộ phận,Đặt khắc bản in cao su,5300101132000000,Tinh bột khoai mì cao cấp-Louis,CM2,10000,1,CM2,10000,,,2/11/2025
EP2502-0017,2/10/2025,Bùi Thái Hòa,Theo bộ phận,Đặt khắc bản in cao su,5200105620000000,KCP ĐƯỜNG TINH LUYỆN (CAM),CM2,10000,1,CM2,10000,,,2/11/2025
EP2502-0017,2/10/2025,Bùi Thái Hòa,Theo bộ phận,Đặt khắc bản in cao su,5200105630000000,KCP ĐƯỜNGTINH LUYỆN CAO CẤP (XANH DƯƠNG),CM2,10000,1,CM2,10000,,,2/11/2025
EP2502-0018,2/10/2025,Trần Trung Hiếu,Theo bộ phận,"Ổ cứng máy chủ báo lỗi, cần thay thế gấp để không làm mất dữ liệu hệ thống và gián đoạn công việc.",09062001020000000,Ổ cứng máy chủ,CAI,2,1,CAI,2,,Thay ổ cứng máy chủ bị lỗi,2/13/2025
EP2502-0019,2/10/2025,Trần Trung Hiếu,Theo bộ phận,"Bộ máy tính cấp trưởng phòng QAQC mới.
Bộ máy tính cũ mr. Kiên đang sử dụng chuyển qua phòng RD.",0906801000000000,Máy vi tính để bàn,CAI,1,1,CAI,1,,Cấp máy trưởng phòng QAQC,2/13/2025
EP2502-0019,2/10/2025,Trần Trung Hiếu,Theo bộ phận,"Bộ máy tính cấp trưởng phòng QAQC mới.
Bộ máy tính cũ mr. Kiên đang sử dụng chuyển qua phòng RD.",0906801200000000,Màn hình máy tính,CAI,1,1,CAI,1,,Cấp máy trưởng phòng QAQC,2/13/2025
EP2502-0019,2/10/2025,Trần Trung Hiếu,Theo bộ phận,"Bộ máy tính cấp trưởng phòng QAQC mới.
Bộ máy tính cũ mr. Kiên đang sử dụng chuyển qua phòng RD.",0902210101000000,Chuột máy tính bàn,CAI,5,1,CAI,5,,,2/13/2025
EP2502-0019,2/10/2025,Trần Trung Hiếu,Theo bộ phận,"Bộ máy tính cấp trưởng phòng QAQC mới.
Bộ máy tính cũ mr. Kiên đang sử dụng chuyển qua phòng RD.",0902210102000000,Bàn phím máy tính bàn,CAI,5,1,CAI,5,,,2/13/2025
EP2502-0020,2/10/2025,Phạm Quang Đạt,Theo bộ phận,Vật tư dự phòng cho máy  ó,0905300090000000,DAO BẰM PHẾ MÁY Ó LỚN 8 TẤC,CAI,30,1,CAI,30,,Bắm phế cho máy ó,2/26/2025
EP2502-0021,2/10/2025,Nguyễn Dũng Trung,Theo bộ phận,"10POC-TU001-06-0000
10TEM-TU001-06-0000
10DAI-POLYWHI-01-0203
10PVC-D1202-02-0000
07ROPE-POLYWHI-01-0610
10DAI-PPDE0-01-053",10POC-TU001-06-0000,Túi PVC trong kích thước RxD+ Nắp: 18x20+4cm; TL: 10g/cái,Cái,5700,0.01,KG,57,SO2501-0076,,2/14/2025
EP2502-0021,2/10/2025,Nguyễn Dũng Trung,Theo bộ phận,"10POC-TU001-06-0000
10TEM-TU001-06-0000
10DAI-POLYWHI-01-0203
10PVC-D1202-02-0000
07ROPE-POLYWHI-01-0610
10DAI-PPDE0-01-053",10TEM-TU001-06-0000,"Tem bao jumbo 106x106x133(cm) (FKN), KT tem: 110.0x100.0(mm); TL: 1.0g/cái",Cái,5650,0.001,KG,5.65,SO2501-0076,,2/14/2025
EP2502-0021,2/10/2025,Nguyễn Dũng Trung,Theo bộ phận,"10POC-TU001-06-0000
10TEM-TU001-06-0000
10DAI-POLYWHI-01-0203
10PVC-D1202-02-0000
07ROPE-POLYWHI-01-0610
10DAI-PPDE0-01-053",10DAI-POLYWHI-01-0203,Dây tape 2cm Polyester màu trắng; TL: 3.5g/m,M,7000,0.0035,KG,24.5,SO2501-0076,,2/14/2025
EP2502-0021,2/10/2025,Nguyễn Dũng Trung,Theo bộ phận,"10POC-TU001-06-0000
10TEM-TU001-06-0000
10DAI-POLYWHI-01-0203
10PVC-D1202-02-0000
07ROPE-POLYWHI-01-0610
10DAI-PPDE0-01-053",10PVC-D1202-02-0000,"Ống nhựa PVC D12mm, dày 2mm, màu trắng trong; TL: 100g/m [Ống nhựa cứng]",M,200,0.1,KG,20,SO2501-0076,,2/14/2025
EP2502-0021,2/10/2025,Nguyễn Dũng Trung,Theo bộ phận,"10POC-TU001-06-0000
10TEM-TU001-06-0000
10DAI-POLYWHI-01-0203
10PVC-D1202-02-0000
07ROPE-POLYWHI-01-0610
10DAI-PPDE0-01-053",07ROPE-POLYWHI-01-0610,"Dây rope sợi polyester màu trắng, đường kính 6mm trọng lượng 10g/m",M,8600,0.01,KG,86,SO2501-0076,,2/14/2025
EP2502-0021,2/10/2025,Nguyễn Dũng Trung,Theo bộ phận,"10POC-TU001-06-0000
10TEM-TU001-06-0000
10DAI-POLYWHI-01-0203
10PVC-D1202-02-0000
07ROPE-POLYWHI-01-0610
10DAI-PPDE0-01-053",10DAI-PPDE0-01-0530,"Dây đai PP, Kích thước 5.0cm;  TL: 30g/m, màu đen",M,22000,0.03,KG,660,SO2501-0076,,2/14/2025
EP2502-0021,2/10/2025,Nguyễn Dũng Trung,Theo bộ phận,"10POC-TU001-06-0000
10TEM-TU001-06-0000
10DAI-POLYWHI-01-0203
10PVC-D1202-02-0000
07ROPE-POLYWHI-01-0610
10DAI-PPDE0-01-053",10DAI-PPDE0-01-0530,"Dây đai PP, Kích thước 5.0cm;  TL: 30g/m, màu đen",M,21000,0.03,KG,630,SO2501-0076,,2/14/2025
EP2502-0022,2/10/2025,Phạm Quang Đạt,Theo bộ phận,Vật tư thay thế cho máy cắt may và máy thổi,0902300160000000,Đầu dò nhiệt độ loại vặn M6.3 - dây dài 1 mét,Sợi,20,1,Sợi,20,,Vật tư sử dụng cho máy cắt máy và máy thổi,2/28/2025
EP2502-0022,2/10/2025,Phạm Quang Đạt,Theo bộ phận,Vật tư thay thế cho máy cắt may và máy thổi,0902300160000000,Đầu dò nhiệt độ loại vặn M6.3 - dây dài 1 mét,Sợi,20,1,Sợi,20,,Vật tư sử dụng cho máy cắt máy và máy thổi,2/28/2025
EP2502-0023,2/10/2025,Phạm Quang Đạt,Theo bộ phận,Vật tư sửa chữa máy may NewLong,0900500690000000,Bát đỡ kim -  1 kim.,CAI,5,1,CAI,5,,Sửa chữa máy may NewLong,2/26/2025
EP2502-0023,2/10/2025,Phạm Quang Đạt,Theo bộ phận,Vật tư sửa chữa máy may NewLong,0908601420000000,Lò xo chân vịt.,CAI,5,1,CAI,5,,Sửa chữa máy may NewLong,2/26/2025
EP2502-0023,2/10/2025,Phạm Quang Đạt,Theo bộ phận,Vật tư sửa chữa máy may NewLong,0926900040000000,CỮ MÓC 1 KIM,Cái,5,1,Cái,5,,Sửa chữa máy may NewLong,2/26/2025
EP2502-0023,2/10/2025,Phạm Quang Đạt,Theo bộ phận,Vật tư sửa chữa máy may NewLong,0926600040000000,CHÂN VỊT 1 KIM,CAI,5,1,CAI,5,,Sửa chữa máy may NewLong,2/26/2025
EP2502-0023,2/10/2025,Phạm Quang Đạt,Theo bộ phận,Vật tư sửa chữa máy may NewLong,0919600090000000,BÀN LỪA 1 KIM,CAI,5,1,CAI,5,,Sửa chữa máy may NewLong,2/26/2025
EP2502-0023,2/10/2025,Phạm Quang Đạt,Theo bộ phận,Vật tư sửa chữa máy may NewLong,0916600050000000,MẶT NGUYỆT 1 KIM,Cái,5,1,Cái,5,,Sửa chữa máy may NewLong,2/26/2025
EP2502-0023,2/10/2025,Phạm Quang Đạt,Theo bộ phận,Vật tư sửa chữa máy may NewLong,0924100080000000,Kim 32,CAI,10,1,CAI,10,,Sửa chữa máy may NewLong,2/26/2025
EP2502-0024,2/10/2025,Hà Mạnh Hùng,Theo bộ phận,Vật tư lắp đặt điều khiển sàng biên cho máy in cuộn số 5.,0904200250000000,Bộ nguồn thủy lực 380V - 1.5kw. Điều khiển bằng van selenoi thủy lực WH43-G02-C2-A240,BO,1,1,BO,1,,Lắp mới.,2/13/2025
EP2502-0025,2/10/2025,Hà Mạnh Hùng,Theo bộ phận,Thiết bị sử dụng cho phân xưởng JUMBO.,0906802120000000,Máy may Bao JUMBO - Model : 81300CD.,CAI,4,1,CAI,4,,"Máy móc sản xuất,",2/17/2025
EP2502-0026,2/10/2025,Nguyễn Dũng Trung,Theo bộ phận,"Chỉ may PP 900D
DÂY CỘT BAO
Dây đai ép kiện PP, màu cam
Dây đai ép kiện màu xanh dương",040010015000000,"Chỉ may PP 900D, màu trắng không tẩy.(Cơ lý > or = 3.6Kgf. Độ dãn > or = 20%, Nhúng hồ 20 điểm/1 mét (5cm/điểm), màu trắng không tẩy), kháng UV 1-2%",KG,1700,1,KG,1700,,,3/3/2025
EP2502-0026,2/10/2025,Nguyễn Dũng Trung,Theo bộ phận,"Chỉ may PP 900D
DÂY CỘT BAO
Dây đai ép kiện PP, màu cam
Dây đai ép kiện màu xanh dương",0920600100000000,DÂY CỘT BAO,Kg,100,1,Kg,100,,,2/13/2025
EP2502-0026,2/10/2025,Nguyễn Dũng Trung,Theo bộ phận,"Chỉ may PP 900D
DÂY CỘT BAO
Dây đai ép kiện PP, màu cam
Dây đai ép kiện màu xanh dương",0500100120000000,"Dây đai ép kiện PP, màu cam, bản 15mm, dày 1mm, TL: 10g/m",CUON,10,10,KG,100,,,2/13/2025
EP2502-0026,2/10/2025,Nguyễn Dũng Trung,Theo bộ phận,"Chỉ may PP 900D
DÂY CỘT BAO
Dây đai ép kiện PP, màu cam
Dây đai ép kiện màu xanh dương",0500100040000000,Dây đai ép kiện màu xanh dương BẢN 15 mm độ dày 1 mm,CUON,10,10,KG,100,,,2/13/2025
EP2502-0011,2/8/2025,Nguyễn Dũng Trung,Theo bộ phận,"10POC-AGS-025035-0001
11BLO-AGS107107107-0001
10DAI-PPWHI-01-0423
040010023000000
040010022000000
07ROPE-POLYWHI-01-0610",10POC-AGS-025035-0001,"Túi Ziplock PE mua ngoài trắng trong W25.0xL35.0cm, trọng lượng 8g/cái. (Không có sọc đỏ)",CAI,7250,0.008,KG,58,SO2412-0049,,2/12/2025
EP2502-0011,2/8/2025,Nguyễn Dũng Trung,Theo bộ phận,"10POC-AGS-025035-0001
11BLO-AGS107107107-0001
10DAI-PPWHI-01-0423
040010023000000
040010022000000
07ROPE-POLYWHI-01-0610",11BLO-AGS107107107-0001,"Khoá B-Block, màu trắng, TL: 10g/cái",CAI,7250,0.01,KG,72.5,SO2412-0049,,2/12/2025
EP2502-0011,2/8/2025,Nguyễn Dũng Trung,Theo bộ phận,"10POC-AGS-025035-0001
11BLO-AGS107107107-0001
10DAI-PPWHI-01-0423
040010023000000
040010022000000
07ROPE-POLYWHI-01-0610",10DAI-PPWHI-01-0423,"Dây đai PP màu trắng kích thước 4cm, TL: 23g/m",M,4200,0.023,KG,96.6,SO2412-0049,,2/12/2025
EP2502-0011,2/8/2025,Nguyễn Dũng Trung,Theo bộ phận,"10POC-AGS-025035-0001
11BLO-AGS107107107-0001
10DAI-PPWHI-01-0423
040010023000000
040010022000000
07ROPE-POLYWHI-01-0610",040010023000000,"Chỉ may PP 3000D, trắng đục. Cơ lý > or = 15KgF. Độ dãn > or =22%, Nhúng hồ 20 điểm/1 mét (5cm/điểm), kháng UV 1-2%",KG,400,1,KG,400,SO2412-0049,,2/12/2025
EP2502-0011,2/8/2025,Nguyễn Dũng Trung,Theo bộ phận,"10POC-AGS-025035-0001
11BLO-AGS107107107-0001
10DAI-PPWHI-01-0423
040010023000000
040010022000000
07ROPE-POLYWHI-01-0610",040010022000000,"Chỉ may PP 3000D, xanh dương. Cơ lý > or = 15KgF. Độ dãn > or =22%, Nhúng hồ 20 điểm/1 mét (5cm/điểm), kháng UV 1-2%",KG,700,1,KG,700,SO2412-0049,,2/12/2025
EP2502-0012,2/8/2025,Vũ Đức Hoàng,Theo bộ phận,PX BTP: dây nylong cột bao,DAY-COTBAO,DÂY CỘT BAO 1.5G/M,KG,100,1,KG,100,,,2/11/2025
EP2502-0013,2/8/2025,Vũ Đức Hoàng,Theo bộ phận,PX BTP: vải tim máy thổi,0910000030000000,"Vải bố bọc ty, màu ngà vàng, dùng cho máy thổi, khổ 1,2m x 10m",M,10,1,M,10,,,2/12/2002
EP2502-0011,2/8/2025,Nguyễn Dũng Trung,Theo bộ phận,"10POC-AGS-025035-0001
11BLO-AGS107107107-0001
10DAI-PPWHI-01-0423
040010023000000
040010022000000
07ROPE-POLYWHI-01-0610",07ROPE-POLYWHI-01-0610,"Dây rope sợi polyester màu trắng, đường kính 6mm trọng lượng 10g/m",M,12000,0.01,KG,120,SO2412-0049,,2/12/2025
EP2502-0011,2/8/2025,Nguyễn Dũng Trung,Theo bộ phận,"10POC-AGS-025035-0001
11BLO-AGS107107107-0001
10DAI-PPWHI-01-0423
040010023000000
040010022000000
07ROPE-POLYWHI-01-0610",10DAI-PPWHI-01-0206,"Dây đai PP, 2.0cm x 6.0g/m, MĐN: 8, màu trắng.",M,37000,0.006,KG,222,SO2412-0049,,2/12/2025
EP2502-0011,2/8/2025,Nguyễn Dũng Trung,Theo bộ phận,"10POC-AGS-025035-0001
11BLO-AGS107107107-0001
10DAI-PPWHI-01-0423
040010023000000
040010022000000
07ROPE-POLYWHI-01-0610",10POC-AGS-015013-0001,"Túi PE mua ngoài trắng trong, đựng tem nhãn, W15.0xL13.0cm, trọng lượng 2g/cái.",CAI,7250,0.002,KG,14.5,SO2412-0049,,2/12/2025
EP2502-0011,2/8/2025,Nguyễn Dũng Trung,Theo bộ phận,"10POC-AGS-025035-0001
11BLO-AGS107107107-0001
10DAI-PPWHI-01-0423
040010023000000
040010022000000
07ROPE-POLYWHI-01-0610",10DAI-PPBLU-01-0545,"Dây đai PP, 5.0cm x 45.0g/m, màu xanh dương.",M,50000,0.045,KG,2250,SO2412-0049,,2/12/2025
EP2502-0014,2/8/2025,Nguyễn Dũng Trung,Theo bộ phận,"THACATHA190130130567TDUV
10DAI-PPWHI-01-0205
10DAI-PPWHI-01-0746
10ROP-PPWHI-02-0612
10DAI-PPWHI-01-0520.",THACATHA190130130567TDUV,"Vải cuộn PP, trắng đục UV (JB37+JB38), K190.0cm, MĐ: 13.0x13.0, GC 8 điểm chỉ đôi 80mm, 12-8-11-33-11-8-12-12-8-11-33-11-8-12, TL: 567.33g/mét.",M,3600,0.56733,KG,2042.3808,JUMBO,,2/12/2025
EP2502-0014,2/8/2025,Nguyễn Dũng Trung,Theo bộ phận,"THACATHA190130130567TDUV
10DAI-PPWHI-01-0205
10DAI-PPWHI-01-0746
10ROP-PPWHI-02-0612
10DAI-PPWHI-01-0520.",10DAI-PPWHI-01-0205,"Dây đai PP, 2.0cm x 5.0g/m, MĐN: 8, màu trắng.",M,20000,0.005,KG,100,JUMBO,,2/12/2025
EP2502-0014,2/8/2025,Nguyễn Dũng Trung,Theo bộ phận,"THACATHA190130130567TDUV
10DAI-PPWHI-01-0205
10DAI-PPWHI-01-0746
10ROP-PPWHI-02-0612
10DAI-PPWHI-01-0520.",10DAI-PPWHI-01-0746,"Dây đai PP, 7.0cm x 46g/m, màu trắng, MĐN: 10-12. [TL: 46g/m, >1500kgF]",M,11000,0.046,KG,506,JUMBO,,2/12/2025
EP2502-0014,2/8/2025,Nguyễn Dũng Trung,Theo bộ phận,"THACATHA190130130567TDUV
10DAI-PPWHI-01-0205
10DAI-PPWHI-01-0746
10ROP-PPWHI-02-0612
10DAI-PPWHI-01-0520.",10ROP-PPWHI-02-0612,"Dây ROPE PP, D6mm x 12g/m, trắng đục. Sử dụng sợi tận dụng",M,17000,0.012,KG,204,JUMBO,,2/12/2025
EP2502-0014,2/8/2025,Nguyễn Dũng Trung,Theo bộ phận,"THACATHA190130130567TDUV
10DAI-PPWHI-01-0205
10DAI-PPWHI-01-0746
10ROP-PPWHI-02-0612
10DAI-PPWHI-01-0520.",10DAI-PPWHI-01-0520,"Dây đai PP, 5.0cm x 20.0g/m, màu trắng.",M,15000,0.02,KG,300,JUMBO,,2/12/2025
EP2502-0015,2/8/2025,Nguyễn Văn Long,Theo bộ phận,ĐỀ XUẤT MỰC IN CHO CÔNG ĐOẠN IN,MDM-FL61,Trắng Đục 61 FL,KG,50,1,KG,50,,Máy in,2/11/2025
EP2502-0015,2/8/2025,Nguyễn Văn Long,Theo bộ phận,ĐỀ XUẤT MỰC IN CHO CÔNG ĐOẠN IN,MDM-FLXL3415CGT,Xanh Lá 3415C FL gián tiếp,KG,50,1,KG,50,,Máy in,2/11/2025
EP2502-0016,2/8/2025,Hoàng Quang Hợi,Theo bộ phận,Mua vật tư làm hệ thông thoát nuocs mua sau xưởng 1,0906202630000000,Ống nhựa PVC BM  phi 315 x 8mm.,CAY,3,1,CAY,3,,,2/10/2025
EP2502-0016,2/8/2025,Hoàng Quang Hợi,Theo bộ phận,Mua vật tư làm hệ thông thoát nuocs mua sau xưởng 1,0923700040000000,Keo dán ống nhựa PVC BM - 0.5kg.,LON,1,1,LON,1,,,2/10/2025
EP2502-0010,2/7/2025,Võ Thanh Hồng,Theo bộ phận,Đề xuất xe nâng xuống cuộn cho 6 máy dệt zumbo,0908200280000000,Xe Nâng Điện Đứng Lái ICD- CDDK12 loại 1.2 tấn,Cái,1,1,Cái,1,,,2/10/2025
EP2502-0003,2/6/2025,Đoàn Chí Nguyện,Theo bộ phận,DE XUAT MUA VT XHO X2,0923700020000000,KÉO BẤM  CHỈ (cán màu xanh dương),Cái,50,1,Cái,50,,SX,2/15/2025
EP2502-0003,2/6/2025,Đoàn Chí Nguyện,Theo bộ phận,DE XUAT MUA VT XHO X2,0908700290000000,Dung dịch tẩy sơn HUDSON 350cc,CHAI,5,1,CHAI,5,,,2/15/2025
EP2502-0003,2/6/2025,Đoàn Chí Nguyện,Theo bộ phận,DE XUAT MUA VT XHO X2,5200109310000000,Dép tổ ong màu xanh dương Size 43,DOI,50,1,DOI,50,,,2/15/2025
EP2502-0004,2/6/2025,Nguyễn Thanh Tú,Theo bộ phận,ĐẶT MUA VÒNG DỆT - CHO CĐ DỆT - SỬ DỤNG CHO ĐH UNIPACK - SO2501-0004,5200111540000000,Vòng dệt khổ 177.5cm đường kính vòng 112.8 cm - khoang 6 lỗ (12 ly).,CAI,3,1,CAI,3,,,2/10/2025
EP2502-0004,2/6/2025,Nguyễn Thanh Tú,Theo bộ phận,ĐẶT MUA VÒNG DỆT - CHO CĐ DỆT - SỬ DỤNG CHO ĐH UNIPACK - SO2501-0004,5200111550000000,Vòng dệt khổ 177.5cm đường kính vòng 112.8 cm - khoang 7 lỗ (12 ly).,CAI,1,1,CAI,1,,,2/10/2025
EP2502-0005,2/6/2025,Nguyễn Văn Long,Theo bộ phận,ĐỀ XUẤT MỰC IN CHO CÔNG ĐOẠN IN,MDM-FL10,Đỏ Cam 10 FL,KG,50,1,KG,50,,Máy in,2/10/2025
EP2502-0005,2/6/2025,Nguyễn Văn Long,Theo bộ phận,ĐỀ XUẤT MỰC IN CHO CÔNG ĐOẠN IN,MDM-FL23,Vàng Chanh 23 FL,KG,50,1,KG,50,,Máy in,2/10/2025
EP2502-0005,2/6/2025,Nguyễn Văn Long,Theo bộ phận,ĐỀ XUẤT MỰC IN CHO CÔNG ĐOẠN IN,MDM-FL61GT,Trắng Đục 61 FL gián tiếp,KG,25,1,KG,25,,Máy in,2/10/2025
EP2502-0005,2/6/2025,Nguyễn Văn Long,Theo bộ phận,ĐỀ XUẤT MỰC IN CHO CÔNG ĐOẠN IN,MDM-DMC,Dung môi Chỉnh,KG,48,1,KG,48,,Máy in,2/10/2025
EP2502-0005,2/6/2025,Nguyễn Văn Long,Theo bộ phận,ĐỀ XUẤT MỰC IN CHO CÔNG ĐOẠN IN,MDM-DML,Dung Môi PP - Dung Môi trực tiếp,KG,1020,1,KG,1020,,Máy in,2/10/2025
EP2502-0006,2/6/2025,Phạm Quang Đạt,Theo bộ phận,Vật tư phụ tùng bảo trì máy nén khí KingPower,0908500560000000,Lọc khí King Power mã 2101607501,CAI,1,1,CAI,1,,Vật tư bảo trì máy nén khí,2/20/2025
EP2502-0006,2/6/2025,Phạm Quang Đạt,Theo bộ phận,Vật tư phụ tùng bảo trì máy nén khí KingPower,0922900100000000,Lọc dầu - King Power mã 2101707502,CAI,1,1,CAI,1,,Vật tư bảo trì máy nén khí,2/20/2025
EP2502-0006,2/6/2025,Phạm Quang Đạt,Theo bộ phận,Vật tư phụ tùng bảo trì máy nén khí KingPower,0912600040000000,Tách dầu King Power mã 210171003,CAI,1,1,CAI,1,,Vật tư bảo trì máy nén khí,2/20/2025
EP2502-0006,2/6/2025,Phạm Quang Đạt,Theo bộ phận,Vật tư phụ tùng bảo trì máy nén khí KingPower,0700100410000000,Dầu King Power 20 lít mã KP046,THUNG,3,1,THUNG,3,,Vật tư bảo trì máy nén khí,2/20/2025
EP2502-0007,2/6/2025,Phạm Quang Đạt,Theo bộ phận,Vật tư phục vụ sản xuất trong kho đã hết,5200110110000000,QUE HÀN 3.2,Hộp,5,1,Hộp,5,,Phục vụ sản xuất,2/20/2025
EP2502-0007,2/6/2025,Phạm Quang Đạt,Theo bộ phận,Vật tư phục vụ sản xuất trong kho đã hết,5200110180000000,QUE HÀN 2.6,Hộp,5,1,Hộp,5,,Phục vụ sản xuất,2/20/2025
EP2502-0007,2/6/2025,Phạm Quang Đạt,Theo bộ phận,Vật tư phục vụ sản xuất trong kho đã hết,5200110120000000,QUE HÀN 4.0,Hộp,5,1,Hộp,5,,Phục vụ sản xuất,2/20/2025
EP2502-0007,2/6/2025,Phạm Quang Đạt,Theo bộ phận,Vật tư phục vụ sản xuất trong kho đã hết,0904801090000000,Bánh răng M=0.8 ; Z=19 ( Gia công theo bản vẽ),CAI,30,1,CAI,30,,Phục vụ sản xuất,2/20/2025
EP2502-0008,2/6/2025,Phạm Quang Đạt,Theo bộ phận,Vật tư sử dụng cho xe nâng xuống cuộn xường 1,090220898000000000,Contactor ZJ200DE 12V Kaizhuoli,Cái,2,1,Cái,2,,Cho xe nâng xuống cuộn xưởng 1,2/26/2025
EP2502-0009,2/6/2025,Đặng Thị Mỹ Hạnh,Theo bộ phận,Đề xuất mua nước suối,5300101670000000,Nước suối aquafina 500ml,CHAI,720,1,CHAI,720,,,2/6/2025
EP2502-0005,2/6/2025,Nguyễn Văn Long,Theo bộ phận,ĐỀ XUẤT MỰC IN CHO CÔNG ĐOẠN IN,MDM-FLXL3415C,Xanh Lá 3415C FL,KG,50,1,KG,50,,Máy in,2/10/2025
EP2502-0005,2/6/2025,Nguyễn Văn Long,Theo bộ phận,ĐỀ XUẤT MỰC IN CHO CÔNG ĐOẠN IN,MDM-FL92,Đen 92 FL,KG,50,1,KG,50,,Máy in,2/10/2025
EP2502-0005,2/6/2025,Nguyễn Văn Long,Theo bộ phận,ĐỀ XUẤT MỰC IN CHO CÔNG ĐOẠN IN,MDM-FLXD2763,Xanh Dương 2763 FL,KG,25,1,KG,25,,Máy in,2/10/2025
EP2502-0002,2/5/2025,Hoàng Quang Hợi,Theo bộ phận,Mua tấm đóng la phông phòng vệ sinh xưởng 8 (cải tạo),0911100500000000,Tấm xốp la phông 600x1200mm.,TAM,6,1,TAM,6,,,2/6/2025
EP2502-0001,2/4/2025,Vũ Đức Hoàng,Theo bộ phận,PX BTP: vật tư may + In + CĐP,0923700020000000,KÉO BẤM  CHỈ (cán màu xanh dương),Cái,30,1,Cái,30,,,2/11/2025
EP2502-0001,2/4/2025,Vũ Đức Hoàng,Theo bộ phận,PX BTP: vật tư may + In + CĐP,0919400020000000,Màng co trắng trong.(50cm),KG,30,1,KG,30,,,2/11/2025
EP2502-0001,2/4/2025,Vũ Đức Hoàng,Theo bộ phận,PX BTP: vật tư may + In + CĐP,0917400100000000,BĂNG KEO VÀNG 5CM,CUON,200,1,CUON,200,,,2/11/2025
EP2501-0068,1/25/2025,Nguyễn Dũng Trung,Theo bộ phận,[SMY] Ống giấy mới,5200100120000000,"[SMY] Ống giấy mới, phi trong 77.77mm, phi ngoài 107.77mm, dài 123cm (+1), độ bền nén: >=270kgF/100mm.",ONG,70,4.305,KG,301.35,SO2501-0026,,2/7/2025
EP2501-0068,1/25/2025,Nguyễn Dũng Trung,Theo bộ phận,[SMY] Ống giấy mới,5200100130000000,"[SMY] Ống giấy mới, phi trong 77.77mm, phi ngoài 107.77mm, dài 127cm (+1), độ bền nén: >=270kgF/100mm.",ONG,400,4.445,KG,1778,SO2501-0026,,2/14/2025
EP2501-0068,1/25/2025,Nguyễn Dũng Trung,Theo bộ phận,[SMY] Ống giấy mới,5200100130000000,"[SMY] Ống giấy mới, phi trong 77.77mm, phi ngoài 107.77mm, dài 127cm (+1), độ bền nén: >=270kgF/100mm.",ONG,400,4.445,KG,1778,SO2501-0026,,3/8/2025
EP2501-0067,1/24/2025,Bùi Thái Hòa,Theo bộ phận,Đặt khắc bản in cao su,5200106880000000,SFFM 99 (Lahad Datu),CM2,10000,1,CM2,10000,,,1/25/2025
EP2501-0067,1/24/2025,Bùi Thái Hòa,Theo bộ phận,Đặt khắc bản in cao su,5200104960000000,FULL FAT SOYA,CM2,10000,1,CM2,10000,,,1/25/2025
EP2501-0067,1/24/2025,Bùi Thái Hòa,Theo bộ phận,Đặt khắc bản in cao su,52001195000000,MK-PV-40KG,CM2,10000,1,CM2,10000,,,1/25/2025
EP2501-0067,1/24/2025,Bùi Thái Hòa,Theo bộ phận,Đặt khắc bản in cao su,52001051340000000,JP1-40Kg,CM2,10000,1,CM2,10000,,,1/25/2025
EP2501-0067,1/24/2025,Bùi Thái Hòa,Theo bộ phận,Đặt khắc bản in cao su,5200106150000000,Orange 888 25kg,CM2,10000,1,CM2,10000,,,1/25/2025
EP2501-0067,1/24/2025,Bùi Thái Hòa,Theo bộ phận,Đặt khắc bản in cao su,5300101129000000,Mì K-40kg,CM2,10000,1,CM2,10000,,,1/25/2025
EP2501-0066,1/23/2025,Hà Mạnh Hùng,Theo bộ phận,Vật tư thay thế sửa chữa cho máy in cuộn số 5.,0902211380000000,PCL Fatek FBs-32MCT2-AC ( Power: 100-240VAC 50/60Hz 36W ),CAI,1,1,CAI,1,,Thay thế sửa chữa.,1/25/2025
EP2501-0060,1/22/2025,Hoàng Quang Hợi,Theo bộ phận,Mua vật tư thi công xưởng 1 và giàn hoa giấy,090340073000000,Tắc kê sắt  nở phi 10mm ( 50con / Bịch),BICH,0.4,1,BICH,0.4,,,1/22/2025
EP2501-0060,1/22/2025,Hoàng Quang Hợi,Theo bộ phận,Mua vật tư thi công xưởng 1 và giàn hoa giấy,090340071000000,Tắc kê sắt M8x60mm,CON,60,1,CON,60,,,1/22/2025
EP2501-0060,1/22/2025,Hoàng Quang Hợi,Theo bộ phận,Mua vật tư thi công xưởng 1 và giàn hoa giấy,0910600100000000,Tay co thủy lực 90 độ (tay đẩy hơi cửa ra vào),Cái,1,1,Cái,1,,,1/22/2025
EP2501-0060,1/22/2025,Hoàng Quang Hợi,Theo bộ phận,Mua vật tư thi công xưởng 1 và giàn hoa giấy,0917400060000000,Băng keo điện Nano 1.8cm - 20 yard (màu đen),CUON,1,1,CUON,1,,,1/22/2025
EP2501-0060,1/22/2025,Hoàng Quang Hợi,Theo bộ phận,Mua vật tư thi công xưởng 1 và giàn hoa giấy,0910600040000000,Tay nắm cửa.,Cái,5,1,Cái,5,,,1/22/2025
EP2501-0060,1/22/2025,Hoàng Quang Hợi,Theo bộ phận,Mua vật tư thi công xưởng 1 và giàn hoa giấy,0908601390000000,Mũi khoan bê tông đuôi gài  phi 8mm,CAI,1,1,CAI,1,,,1/22/2025
EP2501-0063,1/22/2025,Nguyễn Dũng Trung,Theo bộ phận,"Đen EMPE0033K - Châu Âu. [KB3]
Vàng EMP2014(C. Âu)
 Xanh dương EMH77197. [EUP] [2195C]
Ống giấy mới, dài 202cm(+/-1)/",HAT-EMPE0033K,Hạt màu đen EMPE0033K - Châu Âu. [KB3],KG,100,1,KG,100,SO2501-0056,,2/8/2025
EP2501-0063,1/22/2025,Nguyễn Dũng Trung,Theo bộ phận,"Đen EMPE0033K - Châu Âu. [KB3]
Vàng EMP2014(C. Âu)
 Xanh dương EMH77197. [EUP] [2195C]
Ống giấy mới, dài 202cm(+/-1)/",HAT-EMPE0033K,Hạt màu đen EMPE0033K - Châu Âu. [KB3],KG,190,1,KG,190,SO2501-0058,,2/8/2025
EP2501-0063,1/22/2025,Nguyễn Dũng Trung,Theo bộ phận,"Đen EMPE0033K - Châu Âu. [KB3]
Vàng EMP2014(C. Âu)
 Xanh dương EMH77197. [EUP] [2195C]
Ống giấy mới, dài 202cm(+/-1)/",HAT-MVCA-2014,Hạt màu vàng EMP2014(C. Âu),KG,5,1,KG,5,SO2501-0058,,2/8/2025
EP2501-0063,1/22/2025,Nguyễn Dũng Trung,Theo bộ phận,"Đen EMPE0033K - Châu Âu. [KB3]
Vàng EMP2014(C. Âu)
 Xanh dương EMH77197. [EUP] [2195C]
Ống giấy mới, dài 202cm(+/-1)/",HAT-EMH77197,Hạt màu xanh dương EMH77197. [EUP] [2195C],KG,40,1,KG,40,SO2501-0058,,2/8/2025
EP2501-0063,1/22/2025,Nguyễn Dũng Trung,Theo bộ phận,"Đen EMPE0033K - Châu Âu. [KB3]
Vàng EMP2014(C. Âu)
 Xanh dương EMH77197. [EUP] [2195C]
Ống giấy mới, dài 202cm(+/-1)/",HAT-EMPE0033K,Hạt màu đen EMPE0033K - Châu Âu. [KB3],KG,25,1,KG,25,SO2501-0060,,2/8/2025
EP2501-0063,1/22/2025,Nguyễn Dũng Trung,Theo bộ phận,"Đen EMPE0033K - Châu Âu. [KB3]
Vàng EMP2014(C. Âu)
 Xanh dương EMH77197. [EUP] [2195C]
Ống giấy mới, dài 202cm(+/-1)/",HAT-MVCA-2014,Hạt màu vàng EMP2014(C. Âu),KG,10,1,KG,10,SO2501-0060,,2/8/2025
EP2501-0063,1/22/2025,Nguyễn Dũng Trung,Theo bộ phận,"Đen EMPE0033K - Châu Âu. [KB3]
Vàng EMP2014(C. Âu)
 Xanh dương EMH77197. [EUP] [2195C]
Ống giấy mới, dài 202cm(+/-1)/",HAT-EMPE0033K,Hạt màu đen EMPE0033K - Châu Âu. [KB3],KG,160,1,KG,160,SO2501-0062,,2/8/2025
EP2501-0063,1/22/2025,Nguyễn Dũng Trung,Theo bộ phận,"Đen EMPE0033K - Châu Âu. [KB3]
Vàng EMP2014(C. Âu)
 Xanh dương EMH77197. [EUP] [2195C]
Ống giấy mới, dài 202cm(+/-1)/",HAT-EMH77197,Hạt màu xanh dương EMH77197. [EUP] [2195C],KG,80,1,KG,80,SO2501-0062,,2/8/2025
EP2501-0063,1/22/2025,Nguyễn Dũng Trung,Theo bộ phận,"Đen EMPE0033K - Châu Âu. [KB3]
Vàng EMP2014(C. Âu)
 Xanh dương EMH77197. [EUP] [2195C]
Ống giấy mới, dài 202cm(+/-1)/",HAT-EMPE0033K,Hạt màu đen EMPE0033K - Châu Âu. [KB3],KG,200,1,KG,200,SO2501-0065,,2/8/2025
EP2501-0063,1/22/2025,Nguyễn Dũng Trung,Theo bộ phận,"Đen EMPE0033K - Châu Âu. [KB3]
Vàng EMP2014(C. Âu)
 Xanh dương EMH77197. [EUP] [2195C]
Ống giấy mới, dài 202cm(+/-1)/",HAT-MVCA-2014,Hạt màu vàng EMP2014(C. Âu),KG,35,1,KG,35,SO2501-0065,,2/8/2025
EP2501-0063,1/22/2025,Nguyễn Dũng Trung,Theo bộ phận,"Đen EMPE0033K - Châu Âu. [KB3]
Vàng EMP2014(C. Âu)
 Xanh dương EMH77197. [EUP] [2195C]
Ống giấy mới, dài 202cm(+/-1)/",HAT-EMH77197,Hạt màu xanh dương EMH77197. [EUP] [2195C],KG,130,1,KG,130,SO2501-0065,,2/8/2025
EP2501-0064,1/22/2025,Phạm Quang Đạt,Theo bộ phận,Vật tư thay thế sửa chữa cho các máy dệt mới,0902207150000000,dây điện 1cx2.5mm2 màu đen,Mét,400,1,Mét,400,,Thay thế sửa chữa cho máy dệt mới,2/4/2025
EP2501-0064,1/22/2025,Phạm Quang Đạt,Theo bộ phận,Vật tư thay thế sửa chữa cho các máy dệt mới,0902209540000000,Ổ cắm đế nổi loại 3 ổ SINO,CAI,20,1,CAI,20,,Thay thế sửa chữa cho máy dệt mới,2/4/2025
EP2501-0064,1/22/2025,Phạm Quang Đạt,Theo bộ phận,Vật tư thay thế sửa chữa cho các máy dệt mới,0902206170000000,MÁNG ĐÈN LET 1.2m - DUHAL,CAI,20,1,CAI,20,,Thay thế sửa chữa cho máy dệt mới,2/4/2025
EP2501-0064,1/22/2025,Phạm Quang Đạt,Theo bộ phận,Vật tư thay thế sửa chữa cho các máy dệt mới,0902202860000000,Bóng đèn led tube 1.2m 18w DE Philips (điện 2 đầu),CAI,40,1,CAI,40,,Thay thế sửa chữa cho máy dệt mới,2/4/2025
EP2501-0064,1/22/2025,Phạm Quang Đạt,Theo bộ phận,Vật tư thay thế sửa chữa cho các máy dệt mới,0902202890000000,Bóng đèn led Philips TForce 40W - E27.,CAI,40,1,CAI,40,,Thay thế sửa chữa cho máy dệt mới,2/4/2025
EP2501-0064,1/22/2025,Phạm Quang Đạt,Theo bộ phận,Vật tư thay thế sửa chữa cho các máy dệt mới,0902207090000000,PHAO ĐiỆN 220V-15A,Cái,2,1,Cái,2,,Thay thế sửa chữa cho máy dệt mới,2/4/2025
EP2501-0064,1/22/2025,Phạm Quang Đạt,Theo bộ phận,Vật tư thay thế sửa chữa cho các máy dệt mới,0917400060000000,Băng keo điện Nano 1.8cm - 20 yard (màu đen),CUON,30,1,CUON,30,,Thay thế sửa chữa cho máy dệt mới,2/4/2025
EP2501-0064,1/22/2025,Phạm Quang Đạt,Theo bộ phận,Vật tư thay thế sửa chữa cho các máy dệt mới,0917400330000000,Băng keo chịu Nhiệt 2cm,CUON,20,1,CUON,20,,Thay thế sửa chữa cho máy dệt mới,2/4/2025
EP2501-0064,1/22/2025,Phạm Quang Đạt,Theo bộ phận,Vật tư thay thế sửa chữa cho các máy dệt mới,0920600320000000,Dây rút 10x500,BICH,20,1,BICH,20,,Thay thế sửa chữa cho máy dệt mới,2/4/2025
EP2501-0064,1/22/2025,Phạm Quang Đạt,Theo bộ phận,Vật tư thay thế sửa chữa cho các máy dệt mới,0920600460000000,Dây rút 5x300mm,BICH,20,1,BICH,20,,Thay thế sửa chữa cho máy dệt mới,2/4/2025
EP2501-0064,1/22/2025,Phạm Quang Đạt,Theo bộ phận,Vật tư thay thế sửa chữa cho các máy dệt mới,0920600290000000,DÂY RÚT 5x 200,BICH,20,1,BICH,20,,Thay thế sửa chữa cho máy dệt mới,2/4/2025
EP2501-0064,1/22/2025,Phạm Quang Đạt,Theo bộ phận,Vật tư thay thế sửa chữa cho các máy dệt mới,0903000010000000,Vít bắn tôn đuôi cá đầu lục giác 5x20mm.,Kg,4,1,Kg,4,,Thay thế sửa chữa cho máy dệt mới,2/4/2025
EP2501-0064,1/22/2025,Phạm Quang Đạt,Theo bộ phận,Vật tư thay thế sửa chữa cho các máy dệt mới,5200110210000000,QUẠT VUÔNG GH12038HSL.,CAI,20,1,CAI,20,,Thay thế sửa chữa cho máy dệt mới,2/4/2025
EP2501-0064,1/22/2025,Phạm Quang Đạt,Theo bộ phận,Vật tư thay thế sửa chữa cho các máy dệt mới,0902207540000000,Điện trở nhiệt phi 120x65mm. 400v-900w ( GC theo bản vẽ),CAI,4,1,CAI,4,,Thay thế sửa chữa cho máy dệt mới,2/4/2025
EP2501-0064,1/22/2025,Phạm Quang Đạt,Theo bộ phận,Vật tư thay thế sửa chữa cho các máy dệt mới,0902201800000000,Cảm biến quang BR200-DDTN,Cái,4,1,Cái,4,,Thay thế sửa chữa cho máy dệt mới,2/4/2025
EP2501-0063,1/22/2025,Nguyễn Dũng Trung,Theo bộ phận,"Đen EMPE0033K - Châu Âu. [KB3]
Vàng EMP2014(C. Âu)
 Xanh dương EMH77197. [EUP] [2195C]
Ống giấy mới, dài 202cm(+/-1)/",020020022,"Ống giấy mới, dài 202cm(+/-1), ĐK trong: 76.0mm, Dày: 9.0-10.0mm, lực nén tối thiểu: 128kgF, TL: 4.0kg/ống(+/-0.2).",ONG,42,4,KG,168,SO2501-0065,,3/5/2025
EP2501-0063,1/22/2025,Nguyễn Dũng Trung,Theo bộ phận,"Đen EMPE0033K - Châu Âu. [KB3]
Vàng EMP2014(C. Âu)
 Xanh dương EMH77197. [EUP] [2195C]
Ống giấy mới, dài 202cm(+/-1)/",020020021,"Ống giấy mới, dài 202cm(+2/-0), ĐK trong: 76.0mm, Dày: 7.0-8.0mm, ĐK ngoài: 91.0mm, lực nén tối thiểu: 100kgF, TL: 3.0kg/ống(+/-0.2).",ONG,297,3,KG,891,SO2501-0065,,3/5/2025
EP2501-0063,1/22/2025,Nguyễn Dũng Trung,Theo bộ phận,"Đen EMPE0033K - Châu Âu. [KB3]
Vàng EMP2014(C. Âu)
 Xanh dương EMH77197. [EUP] [2195C]
Ống giấy mới, dài 202cm(+/-1)/",020020022,"Ống giấy mới, dài 202cm(+/-1), ĐK trong: 76.0mm, Dày: 9.0-10.0mm, lực nén tối thiểu: 128kgF, TL: 4.0kg/ống(+/-0.2).",ONG,31,4,KG,124,SO2501-0062,,3/5/2025
EP2501-0063,1/22/2025,Nguyễn Dũng Trung,Theo bộ phận,"Đen EMPE0033K - Châu Âu. [KB3]
Vàng EMP2014(C. Âu)
 Xanh dương EMH77197. [EUP] [2195C]
Ống giấy mới, dài 202cm(+/-1)/",020020021,"Ống giấy mới, dài 202cm(+2/-0), ĐK trong: 76.0mm, Dày: 7.0-8.0mm, ĐK ngoài: 91.0mm, lực nén tối thiểu: 100kgF, TL: 3.0kg/ống(+/-0.2).",ONG,181,3,KG,543,SO2501-0062,,3/5/2025
EP2501-0063,1/22/2025,Nguyễn Dũng Trung,Theo bộ phận,"Đen EMPE0033K - Châu Âu. [KB3]
Vàng EMP2014(C. Âu)
 Xanh dương EMH77197. [EUP] [2195C]
Ống giấy mới, dài 202cm(+/-1)/",020020022,"Ống giấy mới, dài 202cm(+/-1), ĐK trong: 76.0mm, Dày: 9.0-10.0mm, lực nén tối thiểu: 128kgF, TL: 4.0kg/ống(+/-0.2).",ONG,11,4,KG,44,SO2501-0060,,3/5/2025
EP2501-0063,1/22/2025,Nguyễn Dũng Trung,Theo bộ phận,"Đen EMPE0033K - Châu Âu. [KB3]
Vàng EMP2014(C. Âu)
 Xanh dương EMH77197. [EUP] [2195C]
Ống giấy mới, dài 202cm(+/-1)/",020020021,"Ống giấy mới, dài 202cm(+2/-0), ĐK trong: 76.0mm, Dày: 7.0-8.0mm, ĐK ngoài: 91.0mm, lực nén tối thiểu: 100kgF, TL: 3.0kg/ống(+/-0.2).",ONG,35,3,KG,105,SO2501-0060,,3/5/2025
EP2501-0063,1/22/2025,Nguyễn Dũng Trung,Theo bộ phận,"Đen EMPE0033K - Châu Âu. [KB3]
Vàng EMP2014(C. Âu)
 Xanh dương EMH77197. [EUP] [2195C]
Ống giấy mới, dài 202cm(+/-1)/",020020022,"Ống giấy mới, dài 202cm(+/-1), ĐK trong: 76.0mm, Dày: 9.0-10.0mm, lực nén tối thiểu: 128kgF, TL: 4.0kg/ống(+/-0.2).",ONG,42,4,KG,168,SO2501-0058,,3/5/2025
EP2501-0063,1/22/2025,Nguyễn Dũng Trung,Theo bộ phận,"Đen EMPE0033K - Châu Âu. [KB3]
Vàng EMP2014(C. Âu)
 Xanh dương EMH77197. [EUP] [2195C]
Ống giấy mới, dài 202cm(+/-1)/",020020021,"Ống giấy mới, dài 202cm(+2/-0), ĐK trong: 76.0mm, Dày: 7.0-8.0mm, ĐK ngoài: 91.0mm, lực nén tối thiểu: 100kgF, TL: 3.0kg/ống(+/-0.2).",ONG,136,3,KG,408,SO2501-0058,,2/15/2025
EP2501-0063,1/22/2025,Nguyễn Dũng Trung,Theo bộ phận,"Đen EMPE0033K - Châu Âu. [KB3]
Vàng EMP2014(C. Âu)
 Xanh dương EMH77197. [EUP] [2195C]
Ống giấy mới, dài 202cm(+/-1)/",020020022,"Ống giấy mới, dài 202cm(+/-1), ĐK trong: 76.0mm, Dày: 9.0-10.0mm, lực nén tối thiểu: 128kgF, TL: 4.0kg/ống(+/-0.2).",ONG,21,4,KG,84,SO2501-0056,,3/5/2025
EP2501-0063,1/22/2025,Nguyễn Dũng Trung,Theo bộ phận,"Đen EMPE0033K - Châu Âu. [KB3]
Vàng EMP2014(C. Âu)
 Xanh dương EMH77197. [EUP] [2195C]
Ống giấy mới, dài 202cm(+/-1)/",020020021,"Ống giấy mới, dài 202cm(+2/-0), ĐK trong: 76.0mm, Dày: 7.0-8.0mm, ĐK ngoài: 91.0mm, lực nén tối thiểu: 100kgF, TL: 3.0kg/ống(+/-0.2).",ONG,60,3,KG,180,SO2501-0056,,2/15/2025
EP2501-0065,1/22/2025,Nguyễn Dũng Trung,Theo bộ phận,"Chỉ may PP 900D, màu trắng
MF4X
MV8C (Châu Âu)
UV 881C (Châu Âu)",HAT-EMMV8C,Hạt phụ gia MV8C (Châu Âu),KG,2000,1,KG,2000,TỒN KHO,,2/10/2025
EP2501-0065,1/22/2025,Nguyễn Dũng Trung,Theo bộ phận,"Chỉ may PP 900D, màu trắng
MF4X
MV8C (Châu Âu)
UV 881C (Châu Âu)",HAT-EMPP-MF,"Hạt ổn định MFI. (MF4X, MF5X, MF6X)",KG,3000,1,KG,3000,TỒN KHO - MF4X,,2/6/2025
EP2501-0065,1/22/2025,Nguyễn Dũng Trung,Theo bộ phận,"Chỉ may PP 900D, màu trắng
MF4X
MV8C (Châu Âu)
UV 881C (Châu Âu)",HAT-UV881C,Hạt UV 881C (Châu Âu),KG,2000,1,KG,2000,TỒN KHO,,2/17/2025
EP2501-0065,1/22/2025,Nguyễn Dũng Trung,Theo bộ phận,"Chỉ may PP 900D, màu trắng
MF4X
MV8C (Châu Âu)
UV 881C (Châu Âu)",040010015000000,"Chỉ may PP 900D, màu trắng không tẩy.(Cơ lý > or = 3.6Kgf. Độ dãn > or = 20%, Nhúng hồ 20 điểm/1 mét (5cm/điểm), màu trắng không tẩy), kháng UV 1-2%",KG,2700,1,KG,2700,TỒN KHO,,2/14/2025
EP2501-0063,1/22/2025,Nguyễn Dũng Trung,Theo bộ phận,"Đen EMPE0033K - Châu Âu. [KB3]
Vàng EMP2014(C. Âu)
 Xanh dương EMH77197. [EUP] [2195C]
Ống giấy mới, dài 202cm(+/-1)/",040010011000000,"Chỉ may PP 1200D, xanh dương. Cơ lý > or = 4.8KgF. Độ dãn > or =20%, Nhúng hồ 20 điểm/1 mét (5cm/điểm), kháng UV 1-2%",KG,55,1,KG,55,SO2501-0055,,2/6/2025
EP2501-0063,1/22/2025,Nguyễn Dũng Trung,Theo bộ phận,"Đen EMPE0033K - Châu Âu. [KB3]
Vàng EMP2014(C. Âu)
 Xanh dương EMH77197. [EUP] [2195C]
Ống giấy mới, dài 202cm(+/-1)/",040010011000000,"Chỉ may PP 1200D, xanh dương. Cơ lý > or = 4.8KgF. Độ dãn > or =20%, Nhúng hồ 20 điểm/1 mét (5cm/điểm), kháng UV 1-2%",KG,148,1,KG,148,SO2501-0057,,2/6/2025
EP2501-0063,1/22/2025,Nguyễn Dũng Trung,Theo bộ phận,"Đen EMPE0033K - Châu Âu. [KB3]
Vàng EMP2014(C. Âu)
 Xanh dương EMH77197. [EUP] [2195C]
Ống giấy mới, dài 202cm(+/-1)/",040010011000000,"Chỉ may PP 1200D, xanh dương. Cơ lý > or = 4.8KgF. Độ dãn > or =20%, Nhúng hồ 20 điểm/1 mét (5cm/điểm), kháng UV 1-2%",KG,138,1,KG,138,SO2501-0059,,2/6/2025
EP2501-0063,1/22/2025,Nguyễn Dũng Trung,Theo bộ phận,"Đen EMPE0033K - Châu Âu. [KB3]
Vàng EMP2014(C. Âu)
 Xanh dương EMH77197. [EUP] [2195C]
Ống giấy mới, dài 202cm(+/-1)/",040010011000000,"Chỉ may PP 1200D, xanh dương. Cơ lý > or = 4.8KgF. Độ dãn > or =20%, Nhúng hồ 20 điểm/1 mét (5cm/điểm), kháng UV 1-2%",KG,123,1,KG,123,SO2501-0061,,2/6/2025
EP2501-0063,1/22/2025,Nguyễn Dũng Trung,Theo bộ phận,"Đen EMPE0033K - Châu Âu. [KB3]
Vàng EMP2014(C. Âu)
 Xanh dương EMH77197. [EUP] [2195C]
Ống giấy mới, dài 202cm(+/-1)/",040010009000000,"Chỉ may PP 1200D, màu trắng không tẩy. Lực >4.8kgF, dãn >20%, nhúng hồ 20 điểm/1 mét, kháng UV 1-2%",KG,153,1,KG,153,SO2501-0063,,2/6/2025
EP2501-0063,1/22/2025,Nguyễn Dũng Trung,Theo bộ phận,"Đen EMPE0033K - Châu Âu. [KB3]
Vàng EMP2014(C. Âu)
 Xanh dương EMH77197. [EUP] [2195C]
Ống giấy mới, dài 202cm(+/-1)/",040010009000000,"Chỉ may PP 1200D, màu trắng không tẩy. Lực >4.8kgF, dãn >20%, nhúng hồ 20 điểm/1 mét, kháng UV 1-2%",KG,294,1,KG,294,SO2501-0064,,2/6/2025
EP2501-0059,1/21/2025,Bùi Thái Hòa,Theo bộ phận,Đặt khắc bản in cao su,5200106670000000,Red Rose Export,CM2,10000,1,CM2,10000,,,1/23/2025
EP2501-0059,1/21/2025,Bùi Thái Hòa,Theo bộ phận,Đặt khắc bản in cao su,520011850000000,TÔM HÙM ĐỎ-25KG,CM2,10000,1,CM2,10000,,,1/23/2025
EP2501-0059,1/21/2025,Bùi Thái Hòa,Theo bộ phận,Đặt khắc bản in cao su,5200104020000000,Xích Lô 40kg,CM2,10000,1,CM2,10000,,,1/23/2025
EP2501-0059,1/21/2025,Bùi Thái Hòa,Theo bộ phận,Đặt khắc bản in cao su,5300101128000000,Agrex-INC (Unipack),CM2,5000,1,CM2,5000,,,1/23/2025
EP2501-0059,1/21/2025,Bùi Thái Hòa,Theo bộ phận,Đặt khắc bản in cao su,52001051320000000,CF2.X-25kg,CM2,10000,1,CM2,10000,,,1/23/2025
EP2501-0059,1/21/2025,Bùi Thái Hòa,Theo bộ phận,Đặt khắc bản in cao su,5200117300000000,MK5-25KG,CM2,10000,1,CM2,10000,,,1/23/2025
EP2501-0059,1/21/2025,Bùi Thái Hòa,Theo bộ phận,Đặt khắc bản in cao su,5200105630000000,KCP ĐƯỜNGTINH LUYỆN CAO CẤP (XANH DƯƠNG),CM2,10000,1,CM2,10000,,,1/23/2025
EP2501-0059,1/21/2025,Bùi Thái Hòa,Theo bộ phận,Đặt khắc bản in cao su,5300101106000000,WINSON-T101,CM2,10000,1,CM2,10000,,,1/23/2025
EP2501-0061,1/21/2025,Nguyễn Văn Long,Theo bộ phận,ĐỀ XUẤT MỰC IN CHO CÔNG ĐOẠN IN,MDM-DML,Dung Môi PP - Dung Môi trực tiếp,KG,1020,1,KG,1020,,MÁY IN,1/25/2025
EP2501-0061,1/21/2025,Nguyễn Văn Long,Theo bộ phận,ĐỀ XUẤT MỰC IN CHO CÔNG ĐOẠN IN,MDM-FL23,Vàng Chanh 23 FL,KG,75,1,KG,75,,MÁY IN,1/25/2025
EP2501-0061,1/21/2025,Nguyễn Văn Long,Theo bộ phận,ĐỀ XUẤT MỰC IN CHO CÔNG ĐOẠN IN,MDM-FL485,Đỏ 485C,KG,25,1,KG,25,,MÁY IN,1/25/2025
EP2501-0062,1/21/2025,Hà Mạnh Hùng,Theo bộ phận,Vật tư sửa chữa ben dầu thủy lục máy in cuộn số 5.,0905701270000000,Phớt ben USH 20x28x4( theo mẫu),CAI,2,1,CAI,2,,Thay thế sửa chữa.,1/23/2025
EP2501-0062,1/21/2025,Hà Mạnh Hùng,Theo bộ phận,Vật tư sửa chữa ben dầu thủy lục máy in cuộn số 5.,090570233000000,Phớt chống bụi thủy lực DHS 20x28x7mm.,CAI,2,1,CAI,2,,Thay thế sửa chữa.,1/23/2025
EP2501-0062,1/21/2025,Hà Mạnh Hùng,Theo bộ phận,Vật tư sửa chữa ben dầu thủy lục máy in cuộn số 5.,090570234000000,Phớt ben thủy lực UN 30x40x6mm.,CAI,4,1,CAI,4,,Thay thế sửa chữa.,1/23/2025
EP2501-0062,1/21/2025,Hà Mạnh Hùng,Theo bộ phận,Vật tư sửa chữa ben dầu thủy lục máy in cuộn số 5.,0902900240000000,Vòng sin phi ngoài 40x3mm,CAI,4,1,CAI,4,,Thay thế sửa chữa.,1/23/2025
EP2501-0062,1/21/2025,Hà Mạnh Hùng,Theo bộ phận,Vật tư sửa chữa ben dầu thủy lục máy in cuộn số 5.,0902900440000000,Vòng sin phi ngoài 25x3mm,CAI,2,1,CAI,2,,Thay thế sửa chữa.,1/23/2025
EP2501-0061,1/21/2025,Nguyễn Văn Long,Theo bộ phận,ĐỀ XUẤT MỰC IN CHO CÔNG ĐOẠN IN,MDM-FLXL3415CGT,Xanh Lá 3415C FL gián tiếp,KG,25,1,KG,25,,MÁY IN,1/25/2025
EP2501-0061,1/21/2025,Nguyễn Văn Long,Theo bộ phận,ĐỀ XUẤT MỰC IN CHO CÔNG ĐOẠN IN,MDM-DMO001,Dung môi Chậm khô Trực Tiếp,KG,24,1,KG,24,,MÁY IN,1/25/2025
EP2501-0061,1/21/2025,Nguyễn Văn Long,Theo bộ phận,ĐỀ XUẤT MỰC IN CHO CÔNG ĐOẠN IN,MDM-FL39,Xanh Dương 39 FL,KG,50,1,KG,50,,MÁY IN,1/25/2025
EP2501-0061,1/21/2025,Nguyễn Văn Long,Theo bộ phận,ĐỀ XUẤT MỰC IN CHO CÔNG ĐOẠN IN,MDM-FL23GT,Vàng Chanh 23 FL gián tiếp (P012C),KG,75,1,KG,75,,MÁY IN,1/25/2025
EP2501-0061,1/21/2025,Nguyễn Văn Long,Theo bộ phận,ĐỀ XUẤT MỰC IN CHO CÔNG ĐOẠN IN,MDM-FL39GT,Xanh Dương 39 FL gián tiếp,KG,25,1,KG,25,,MÁY IN,1/25/2025
EP2501-0057,1/20/2025,Hà Mạnh Hùng,Theo bộ phận,Vật tư thay thế cho tháp giải nhiệt 150RT phân xưởng 1.,0901400380000000,Tấm tản nhiệt tháp tròn 150RT.,BO,1,1,BO,1,,Thay thế.,1/22/2025
EP2501-0058,1/20/2025,Hà Mạnh Hùng,Theo bộ phận,Vật tư thay thế cho tháp giải nhiệt 150RT phân xưởng 1.,0904900140000000,CÁNH QUẠT THÁP GIẢI NHIỆT COOLING TOWER 150RT,CAI,1,1,CAI,1,,Thay thế sửa chữa.,1/23/2025
EP2501-0056,1/18/2025,Hà Mạnh Hùng,Theo bộ phận,Vật tư sửa chữa tháp giải nhiệt COOLING TOWER phân xưởng 1.,0923700680000000,Keo polyester resin với xúc tác loại 1,KG,15,1,KG,15,,Sửa chữa,1/20/2025
EP2501-0056,1/18/2025,Hà Mạnh Hùng,Theo bộ phận,Vật tư sửa chữa tháp giải nhiệt COOLING TOWER phân xưởng 1.,0907200175000000,SỢI THỦY TINH CHỐNG THẤM MAT 200,KG,15,1,KG,15,,Sửa chữa,1/20/2025
EP2501-0049,1/17/2025,Đặng Thị Mỹ Hạnh,Theo bộ phận,Đề xuất mua giấy vệ sinh,5300101870000000,Cuộn giấy vệ sinh loại lớn 700g.,CUON,20,1,CUON,20,,,1/20/2025
EP2501-0050,1/17/2025,Nguyễn Dũng Trung,Theo bộ phận,"Dây đai mono, 7.0cm x 43.0g/m, màu Grey
Cuộn manh PP, Tráng ngoài, trắng đục, Khổ tráng 97.0cm, cắt biên còn TP 95.0cm",10DAI-MNGRE-01-0743,"Dây đai mono, 7.0cm x 43.0g/m, màu Grey",M,4651.1,0.043,KG,200.002,SO2412-0055,,1/18/2025
EP2501-0051,1/17/2025,Bùi Thái Hòa,Theo bộ phận,Đặt khắc bản in cao su,5200105980000000,Nestle Kit Kat Wafer,CM2,10000,1,CM2,10000,,,1/18/2025
EP2501-0051,1/17/2025,Bùi Thái Hòa,Theo bộ phận,Đặt khắc bản in cao su,5200103890000000,BAMBOO,CM2,10000,1,CM2,10000,,,1/18/2025
EP2501-0051,1/17/2025,Bùi Thái Hòa,Theo bộ phận,Đặt khắc bản in cao su,5200117200000000,M-AFC-40KG,CM2,10000,1,CM2,10000,,,1/18/2025
EP2501-0051,1/17/2025,Bùi Thái Hòa,Theo bộ phận,Đặt khắc bản in cao su,5200106560000000,Rama 99,CM2,10000,1,CM2,10000,,,1/18/2025
EP2501-0051,1/17/2025,Bùi Thái Hòa,Theo bộ phận,Đặt khắc bản in cao su,52001051350000000,Fairy-25kg,CM2,10000,1,CM2,10000,,,1/18/2025
EP2501-0051,1/17/2025,Bùi Thái Hòa,Theo bộ phận,Đặt khắc bản in cao su,5200104450000000,CF2 25kg (Mekong),CM2,10000,1,CM2,10000,,,1/18/2025
EP2501-0051,1/17/2025,Bùi Thái Hòa,Theo bộ phận,Đặt khắc bản in cao su,5200104430000000,CF-25,CM2,10000,1,CM2,10000,,,1/18/2025
EP2501-0051,1/17/2025,Bùi Thái Hòa,Theo bộ phận,Đặt khắc bản in cao su,5200104350000000,Cám mì Pollard,CM2,10000,1,CM2,10000,,,1/20/2025
EP2501-0051,1/17/2025,Bùi Thái Hòa,Theo bộ phận,Đặt khắc bản in cao su,5200105650000000,KCP đường kính trắng đặc biệt,CM2,10000,1,CM2,10000,,,1/20/2025
EP2501-0051,1/17/2025,Bùi Thái Hòa,Theo bộ phận,Đặt khắc bản in cao su,52001051310000000,CF2.X-40kg,CM2,10000,1,CM2,10000,,,1/22/2025
EP2501-0051,1/17/2025,Bùi Thái Hòa,Theo bộ phận,Đặt khắc bản in cao su,52001051290000000,CF-40kg,CM2,10000,1,CM2,10000,,,1/22/2025
EP2501-0051,1/17/2025,Bùi Thái Hòa,Theo bộ phận,Đặt khắc bản in cao su,5200103740000000,AQ3-40kg,CM2,10000,1,CM2,10000,,,1/22/2025
EP2501-0052,1/17/2025,Hà Mạnh Hùng,Theo bộ phận,Vật tư kaizen máy xếp hông theo đề xuất BTP.,0908500920000000,Lô Nhôm phi 55 x 850mm -  cốt dài 890mm  (GC theo bản vẽ).,TRUC,2,1,TRUC,2,,Kaizen máy xếp hông.,1/20/2025
EP2501-0052,1/17/2025,Hà Mạnh Hùng,Theo bộ phận,Vật tư kaizen máy xếp hông theo đề xuất BTP.,0905500370000000,Sắt V 50x50x3mm,CAY,1,1,CAY,1,,Kaizen máy xếp hông.,1/20/2025
EP2501-0052,1/17/2025,Hà Mạnh Hùng,Theo bộ phận,Vật tư kaizen máy xếp hông theo đề xuất BTP.,0905501190000000,Sắt la 40x8x4000mm,CAY,2,1,CAY,2,,Kaizen máy xếp hông.,1/20/2025
EP2501-0050,1/17/2025,Nguyễn Dũng Trung,Theo bộ phận,"Dây đai mono, 7.0cm x 43.0g/m, màu Grey
Cuộn manh PP, Tráng ngoài, trắng đục, Khổ tráng 97.0cm, cắt biên còn TP 95.0cm",THATRPPM095080080712TRDU,"Cuộn manh PP, Tráng ngoài, trắng đục, Khổ tráng 97.0cm, cắt biên còn TP 95.0cm, tráng 20gsm, TL: 71.25g/m.  (PP55.0gsm+LM20gsm)",M,4210.5,0.07125,KG,299.9981,,,1/18/2025
EP2501-0053,1/17/2025,Hà Mạnh Hùng,Theo bộ phận,Vật tư làm đường nước tháp giải nhiệt cooling phân xưởng 1.,09061048000000,Nối nhựa PVC BM phi 140 giảm 90.,CAI,2,1,CAI,2,,Lắp mới.,1/20/2025
EP2501-0053,1/17/2025,Hà Mạnh Hùng,Theo bộ phận,Vật tư làm đường nước tháp giải nhiệt cooling phân xưởng 1.,0903900400000000,VAN NHỰA TAY GẠT PHI 90,CAI,2,1,CAI,2,,Lắp mới.,1/20/2025
EP2501-0054,1/17/2025,Lê Trần Đăng Khoa,Theo bộ phận,Đề xuất vật tư px dệt 17/1/2025,0905300340000000,Bộ dao cắt sóng siêu âm. ( Bộ điều khiển + dao cắt ),BO,2,1,BO,2,,,1/22/2025
EP2501-0054,1/17/2025,Lê Trần Đăng Khoa,Theo bộ phận,Đề xuất vật tư px dệt 17/1/2025,0902100040000000,DÂY CU ROA 850H - bản 45mm,Cái,10,1,Cái,10,,,1/27/2025
EP2501-0054,1/17/2025,Lê Trần Đăng Khoa,Theo bộ phận,Đề xuất vật tư px dệt 17/1/2025,0909400030000000,BAO TAY LEN ,Đôi,100,1,Đôi,100,,,1/20/2025
EP2501-0054,1/17/2025,Lê Trần Đăng Khoa,Theo bộ phận,Đề xuất vật tư px dệt 17/1/2025,0908400030000000,LAM CROMA,LUOI,6000,1,LUOI,6000,,,1/27/2025
EP2501-0054,1/17/2025,Lê Trần Đăng Khoa,Theo bộ phận,Đề xuất vật tư px dệt 17/1/2025,0908400050000000,"LAM JUMBO (3 lỗ, 2 mặt dao, QC 22mm x 43mm x 0,15mm)",LUOI,2000,1,LUOI,2000,,,1/27/2025
EP2501-0055,1/17/2025,Nguyễn Văn Long,Theo bộ phận,ĐỀ XUẤT MỰC IN CHO CÔNG ĐOẠN IN,MDM-FL39GT,Xanh Dương 39 FL gián tiếp,KG,50,1,KG,50,,Máy in,1/22/2025
EP2501-0055,1/17/2025,Nguyễn Văn Long,Theo bộ phận,ĐỀ XUẤT MỰC IN CHO CÔNG ĐOẠN IN,MDM-DMC,Dung môi Chỉnh,KG,48,1,KG,48,,Máy in,1/22/2025
EP2501-0055,1/17/2025,Nguyễn Văn Long,Theo bộ phận,ĐỀ XUẤT MỰC IN CHO CÔNG ĐOẠN IN,MDM-FL021GT,Cam 021C FL gián tiếp,KG,25,1,KG,25,,Máy in,1/22/2025
EP2501-0055,1/17/2025,Nguyễn Văn Long,Theo bộ phận,ĐỀ XUẤT MỰC IN CHO CÔNG ĐOẠN IN,MDM-FLXL3415CGT,Xanh Lá 3415C FL gián tiếp,KG,25,1,KG,25,,Máy in,1/22/2025
EP2501-0055,1/17/2025,Nguyễn Văn Long,Theo bộ phận,ĐỀ XUẤT MỰC IN CHO CÔNG ĐOẠN IN,MDM-FLH570,Hồng 570 FL,KG,25,1,KG,25,,Máy in,1/22/2025
EP2501-0055,1/17/2025,Nguyễn Văn Long,Theo bộ phận,ĐỀ XUẤT MỰC IN CHO CÔNG ĐOẠN IN,MDM-FL485GT,Đỏ 485C gián tiếp,KG,50,1,KG,50,,Máy in,1/22/2025
EP2501-0048,1/16/2025,Đặng Thị Mỹ Hạnh,Theo bộ phận,Đề xuất mua lá cờ nhật & malaysia (bị cũ rách),5300102230000000,Lá cờ NHẬT  KT : 130x250mm,CAI,1,1,CAI,1,,,1/20/2025
EP2501-0048,1/16/2025,Đặng Thị Mỹ Hạnh,Theo bộ phận,Đề xuất mua lá cờ nhật & malaysia (bị cũ rách),5300102260000000,Lá cờ NHẬT  KT : 1000*1400mm,CAI,1,1,CAI,1,,,1/20/2025
EP2501-0048,1/16/2025,Đặng Thị Mỹ Hạnh,Theo bộ phận,Đề xuất mua lá cờ nhật & malaysia (bị cũ rách),5300102250000000,Lá cờ Maylaysia KT : 1000*1400mm,CAI,1,1,CAI,1,,,1/20/2025
EP2501-0046,1/15/2025,Hoàng Quang Hợi,Theo bộ phận,Hoàng Quang Hợi,0911100510000000,C la phông Vĩnh tường.,CAY,5,1,CAY,5,,,1/16/2025
EP2501-0046,1/15/2025,Hoàng Quang Hợi,Theo bộ phận,Hoàng Quang Hợi,0911100310000000,V La phong Vĩnh tường,CAY,12,1,CAY,12,,,1/16/2025
EP2501-0046,1/15/2025,Hoàng Quang Hợi,Theo bộ phận,Hoàng Quang Hợi,0913900130000000,Đinh thép 2 phân,KG,0.5,1,KG,0.5,,,1/16/2025
EP2501-0046,1/15/2025,Hoàng Quang Hợi,Theo bộ phận,Hoàng Quang Hợi,0911100520000000,T trần la phông 60cm,CAY,5,1,CAY,5,,,1/16/2025
EP2501-0046,1/15/2025,Hoàng Quang Hợi,Theo bộ phận,Hoàng Quang Hợi,0911100530000000,T trần la phông 3.5cm,CAY,3,1,CAY,3,,,1/16/2025
EP2501-0046,1/15/2025,Hoàng Quang Hợi,Theo bộ phận,Hoàng Quang Hợi,0905500530000000,Sắt la 20x3x2000mm,CAY,10,1,CAY,10,,,1/16/2025
EP2501-0046,1/15/2025,Hoàng Quang Hợi,Theo bộ phận,Hoàng Quang Hợi,0905501940000000,VÍT BẮN TÔN 50mm,KG,2,1,KG,2,,,1/16/2025
EP2501-0046,1/15/2025,Hoàng Quang Hợi,Theo bộ phận,Hoàng Quang Hợi,0905501830000000,Máng sắt cửa lùa 30x60x2mm - dài 6000,CAY,1,1,CAY,1,,,1/16/2025
EP2501-0046,1/15/2025,Hoàng Quang Hợi,Theo bộ phận,Hoàng Quang Hợi,0918200030000000,Gạch ống,VIEN,1000,1,VIEN,1000,,,1/16/2025
EP2501-0046,1/15/2025,Hoàng Quang Hợi,Theo bộ phận,Hoàng Quang Hợi,0909000030000000,cát xây dựng,M3,3.5,1,M3,3.5,,,1/16/2025
EP2501-0047,1/15/2025,Thái Minh Quyết,Theo bộ phận,Mua 10kg hạt UV công ty Hossin,HAT-UV670,"Hạt UV 670 (Hossin, 250h)",KG,10,1,KG,10,,,1/16/2025
EP2501-0040,1/14/2025,Hoàng Quang Hợi,Theo bộ phận,Hoàng Quang Hơi,09047012300000000,Nối nhựa PVC BM ren trong phi 34mm,CAI,3,1,CAI,3,,,1/14/2025
EP2501-0040,1/14/2025,Hoàng Quang Hợi,Theo bộ phận,Hoàng Quang Hơi,0906100290000000,Nối nhựa PVC BM 1 đầu ren ngoài 34,CAI,4,1,CAI,4,,,1/14/2025
EP2501-0040,1/14/2025,Hoàng Quang Hợi,Theo bộ phận,Hoàng Quang Hơi,0908900041000000,Val nước tiểu nam,CAI,10,1,CAI,10,,,1/14/2025
EP2501-0040,1/14/2025,Hoàng Quang Hợi,Theo bộ phận,Hoàng Quang Hơi,0903900500000000,Van nhựa PVC BM phi  34,CAI,2,1,CAI,2,,,1/14/2025
EP2501-0040,1/14/2025,Hoàng Quang Hợi,Theo bộ phận,Hoàng Quang Hơi,09039001020000000,Bộ phao cấp nước xả bồn cầu.,CAI,3,1,CAI,3,,,1/14/2025
EP2501-0040,1/14/2025,Hoàng Quang Hợi,Theo bộ phận,Hoàng Quang Hơi,0903900820000000,VAN PHAO CƠ INOX PHI 34,CAI,1,1,CAI,1,,,1/14/2025
EP2501-0041,1/14/2025,Hà Mạnh Hùng,Theo bộ phận,Vật tư sửa chữa máy ép kiện.,0906001070000000,Nhông đơn 50- 16 răng - lỗ cốt phi 27mm x then 8x5mm - cồi dài 34mm.,CAI,2,1,CAI,2,,Thay thế sửa chữa.,1/17/2025
EP2501-0041,1/14/2025,Hà Mạnh Hùng,Theo bộ phận,Vật tư sửa chữa máy ép kiện.,0906000860000000,Nhông đơn 50- 16 răng - lỗ cốt 30 x then 8x5mm - cồi dài 34mm.,CAI,2,1,CAI,2,,Thay thế sửa chữa.,1/17/2025
EP2501-0041,1/14/2025,Hà Mạnh Hùng,Theo bộ phận,Vật tư sửa chữa máy ép kiện.,0905600020000000,Sên đôi 50 DAIICHI,HOP,1,1,HOP,1,,Thay thế sửa chữa.,1/17/2025
EP2501-0042,1/14/2025,Phạm Quang Đạt,Theo bộ phận,Mua ben hơi sửa chữa máy cắt số 2 và 3,090570248000000,Ben hơi CTN 40x110mm,CAI,2,1,CAI,2,,Máy cắt số 2 và 3,1/16/2025
EP2501-0043,1/14/2025,Nguyễn Văn Long,Theo bộ phận,ĐỀ XUẤT MỰC IN CHO CÔNG ĐOẠN IN,MDM-FL92,Đen 92 FL,KG,100,1,KG,100,,Máy in,1/20/2025
EP2501-0043,1/14/2025,Nguyễn Văn Long,Theo bộ phận,ĐỀ XUẤT MỰC IN CHO CÔNG ĐOẠN IN,MDM-FL81,Tím 81 FL,KG,25,1,KG,25,,Máy in,1/20/2025
EP2501-0044,1/14/2025,Nguyễn Thị Vân Anh,Theo bộ phận,Pin thay đèn soi tẩy cầm tay,0914700100000000,Pin cúc áo LR44,VIEN,20,1,VIEN,20,,,1/24/2025
EP2501-0045,1/14/2025,Nguyễn Dũng Trung,Theo bộ phận,"Hạt nhựa LLDPE thổi
Hạt tẩy trắng quang học OP10 (Đại Á)
Dây đai ép kiện màu đỎ",HAT-LLDPE.THOI,"Hạt nhựa LLDPE thổi gồm các mã: 253HS; FC21HS; FD21HN; 222WJ, 218WJ",KG,10000,1,KG,10000,TỒN KHO,,1/20/2025
EP2501-0045,1/14/2025,Nguyễn Dũng Trung,Theo bộ phận,"Hạt nhựa LLDPE thổi
Hạt tẩy trắng quang học OP10 (Đại Á)
Dây đai ép kiện màu đỎ",HAT-TAYOP10,Hạt tẩy trắng quang học OP10 (Đại Á),KG,500,1,KG,500,TỒN KHO,,1/20/2025
EP2501-0045,1/14/2025,Nguyễn Dũng Trung,Theo bộ phận,"Hạt nhựa LLDPE thổi
Hạt tẩy trắng quang học OP10 (Đại Á)
Dây đai ép kiện màu đỎ",0500100030000000,Dây đai ép kiện màu đỏ BẢN 15 mm độ dày 1 mm,CUON,10,10,KG,100,TỒN KHO,,1/20/2025
EP2501-0043,1/14/2025,Nguyễn Văn Long,Theo bộ phận,ĐỀ XUẤT MỰC IN CHO CÔNG ĐOẠN IN,MDM-FL92GT,Đen 92 FL gián tiếp,KG,100,1,KG,100,,Máy in,1/20/2025
EP2501-0043,1/14/2025,Nguyễn Văn Long,Theo bộ phận,ĐỀ XUẤT MỰC IN CHO CÔNG ĐOẠN IN,MDM-FL23GT,Vàng Chanh 23 FL gián tiếp (P012C),KG,50,1,KG,50,,Máy in,1/20/2025
EP2501-0043,1/14/2025,Nguyễn Văn Long,Theo bộ phận,ĐỀ XUẤT MỰC IN CHO CÔNG ĐOẠN IN,MDM-FL23,Vàng Chanh 23 FL,KG,50,1,KG,50,,Máy in,1/20/2025
EP2501-0033,1/13/2025,Nguyễn Dũng Trung,Theo bộ phận,"Dây chống xì đường kính 6mm sợi poly dùng cho may bao, trọng lượng 6g/m
Túi tài liệu Ziplock A4, W x L = 25cm x 35cm, TL: 16.8g",08DAY-NOXI-01-0606,"Dây chống xì đường kính 6mm sợi poly dùng cho may bao, trọng lượng 6g/m",M,50000,0.006,KG,300,JUMBO TỒN,,1/16/2025
EP2501-0033,1/13/2025,Nguyễn Dũng Trung,Theo bộ phận,"Dây chống xì đường kính 6mm sợi poly dùng cho may bao, trọng lượng 6g/m
Túi tài liệu Ziplock A4, W x L = 25cm x 35cm, TL: 16.8g",10ZIP-W25L35-PE-01,"Túi tài liệu Ziplock A4, W x L = 25cm x 35cm, TL: 16.8g/cái.",Cái,12000,0.0168,KG,201.6,JUMBO TỒN,,1/16/2025
EP2501-0034,1/13/2025,Nguyễn Văn Long,Theo bộ phận,ĐỀ XUẤT MỰC IN CHO CÔNG ĐOẠN IN,MDM-FL021,Cam 021C FL.,KG,25,1,KG,25,,Máy in,1/16/2025
EP2501-0034,1/13/2025,Nguyễn Văn Long,Theo bộ phận,ĐỀ XUẤT MỰC IN CHO CÔNG ĐOẠN IN,MDM-FLNHUVANG,Nhũ Vàng FL,KG,15,1,KG,15,,Máy in,1/16/2025
EP2501-0035,1/13/2025,Trần Trung Hiếu,Theo bộ phận,"Lắp camera quan sát cửa xưởng sợi 1.
Sửa camera cổng bảo vệ.",9045002480000001,Cáp chuyển nguồn PoE cho Camera IP,BO,5,1,BO,5,,,1/16/2025
EP2501-0035,1/13/2025,Trần Trung Hiếu,Theo bộ phận,"Lắp camera quan sát cửa xưởng sợi 1.
Sửa camera cổng bảo vệ.",DMO001,Đầu mạng RJ45,Cái,100,1,Cái,100,1 hộp 100 cái,,1/16/2025
EP2501-0035,1/13/2025,Trần Trung Hiếu,Theo bộ phận,"Lắp camera quan sát cửa xưởng sợi 1.
Sửa camera cổng bảo vệ.",0906101690000000,Hộp test mạng đa năng CT-168( RJ45-RJ11-USB).,CAI,1,1,CAI,1,Https://www.tnc.com.vn/bo-test-do-chieu-dai--do-day-poe-co-lcd-noyafa-nf-8209s.html,,1/16/2025
EP2501-0036,1/13/2025,Võ Thị Minh Tiến,Theo bộ phận,Đề xuất mua mì tôm cho công nhân ăn khuya,VPP-010000001000000,Mỳ tôm hảo hảo,THUNG,30,1,THUNG,30,,,1/14/2025
EP2501-0037,1/13/2025,Lê Trần Đăng Khoa,Theo bộ phận,Đề xuất vật tư px dệt ngày 13/1/2025,0901000390000000,"ỐNG SẮT CUỘN JUMBO ; phi ngoài 114 mm , dày 3.5 mm , chiều dài 2200mm",ONG,30,1,ONG,30,,,1/16/2025
EP2501-0037,1/13/2025,Lê Trần Đăng Khoa,Theo bộ phận,Đề xuất vật tư px dệt ngày 13/1/2025,0916100070000000,Nước sơn vàng vẽ layout,Hộp,3,1,Hộp,3,,,1/16/2025
EP2501-0037,1/13/2025,Lê Trần Đăng Khoa,Theo bộ phận,Đề xuất vật tư px dệt ngày 13/1/2025,0902209750000000,Rulo lăn sơn 5cm.,CAI,4,1,CAI,4,,,1/16/2025
EP2501-0037,1/13/2025,Lê Trần Đăng Khoa,Theo bộ phận,Đề xuất vật tư px dệt ngày 13/1/2025,0902202760000000,Rulô lăn sơn 10cm,Cây,2,1,Cây,2,,,1/16/2025
EP2501-0034,1/13/2025,Nguyễn Văn Long,Theo bộ phận,ĐỀ XUẤT MỰC IN CHO CÔNG ĐOẠN IN,MDM-FL79,Xanh Lá 79 FL,KG,25,1,KG,25,,Máy in,1/16/2025
EP2501-0034,1/13/2025,Nguyễn Văn Long,Theo bộ phận,ĐỀ XUẤT MỰC IN CHO CÔNG ĐOẠN IN,MDM-DML,Dung Môi PP - Dung Môi trực tiếp,KG,1020,1,KG,1020,,Máy in,1/16/2025
EP2501-0031,1/11/2025,Nguyễn Văn Long,Theo bộ phận,ĐỀ XUẤT MỰC IN CHO CÔNG ĐOẠN IN,MDM-FL39,Xanh Dương 39 FL,KG,100,1,KG,100,,May in,1/15/2025
EP2501-0031,1/11/2025,Nguyễn Văn Long,Theo bộ phận,ĐỀ XUẤT MỰC IN CHO CÔNG ĐOẠN IN,MDM-FL81GT,Tím 81 FL gián tiếp,KG,25,1,KG,25,,May in,1/15/2025
EP2501-0031,1/11/2025,Nguyễn Văn Long,Theo bộ phận,ĐỀ XUẤT MỰC IN CHO CÔNG ĐOẠN IN,MDM-FL39GT,Xanh Dương 39 FL gián tiếp,KG,50,1,KG,50,,May in,1/15/2025
EP2501-0032,1/11/2025,Bùi Thái Hòa,Theo bộ phận,Khắc bản in cao su,5300101119000000,Tinh bột biến tính (Louis),CM2,10000,1,CM2,10000,,,1/13/2025
EP2501-0032,1/11/2025,Bùi Thái Hòa,Theo bộ phận,Khắc bản in cao su,5300101102000000,TSH 331,CM2,10000,1,CM2,10000,,,1/13/2025
EP2501-0032,1/11/2025,Bùi Thái Hòa,Theo bộ phận,Khắc bản in cao su,5200108440000000,Bản in ECKENBERG,CM2,10000,1,CM2,10000,,,1/13/2025
EP2501-0032,1/11/2025,Bùi Thái Hòa,Theo bộ phận,Khắc bản in cao su,5200104280000000,Brown horse,CM2,10000,1,CM2,10000,,,1/13/2025
EP2501-0032,1/11/2025,Bùi Thái Hòa,Theo bộ phận,Khắc bản in cao su,5200106530000000,Rama 138N,CM2,10000,1,CM2,10000,,,1/13/2025
EP2501-0032,1/11/2025,Bùi Thái Hòa,Theo bộ phận,Khắc bản in cao su,5200105160000000,Green Horse EX,CM2,10000,1,CM2,10000,,,1/13/2025
EP2501-0032,1/11/2025,Bùi Thái Hòa,Theo bộ phận,Khắc bản in cao su,5300101108000000,WINSON-T301,CM2,10000,1,CM2,10000,,,1/13/2025
EP2501-0027,1/10/2025,Lê Trần Đăng Khoa,Theo bộ phận,Đề xuất vật tư vệ sinh cuối năm PX sợi -dệt 10/1/2025,5200109570000000,Chổi cỏ.,CAY,30,1,CAY,30,,,1/24/2025
EP2501-0027,1/10/2025,Lê Trần Đăng Khoa,Theo bộ phận,Đề xuất vật tư vệ sinh cuối năm PX sợi -dệt 10/1/2025,0909700010000000,Vải lau,Kg,150,1,Kg,150,,,1/24/2025
EP2501-0027,1/10/2025,Lê Trần Đăng Khoa,Theo bộ phận,Đề xuất vật tư vệ sinh cuối năm PX sợi -dệt 10/1/2025,0905300130000000,dao móc chỉ,Cái,80,1,Cái,80,,,1/24/2025
EP2501-0027,1/10/2025,Lê Trần Đăng Khoa,Theo bộ phận,Đề xuất vật tư vệ sinh cuối năm PX sợi -dệt 10/1/2025,0700100090000000,dầu do,Lít,60,1,Lít,60,,,1/24/2025
EP2501-0027,1/10/2025,Lê Trần Đăng Khoa,Theo bộ phận,Đề xuất vật tư vệ sinh cuối năm PX sợi -dệt 10/1/2025,0908800060000000,Cây tầm vông (quét tần nhà),Cây,8,1,Cây,8,,,1/24/2025
EP2501-0027,1/10/2025,Lê Trần Đăng Khoa,Theo bộ phận,Đề xuất vật tư vệ sinh cuối năm PX sợi -dệt 10/1/2025,0908800051000000,Cây lau nhà inox,CAY,20,1,CAY,20,,,1/24/2025
EP2501-0027,1/10/2025,Lê Trần Đăng Khoa,Theo bộ phận,Đề xuất vật tư vệ sinh cuối năm PX sợi -dệt 10/1/2025,0911700050000000,Tâm thảm cây lau nhà ( tấm thảm dùng gắn vào cây lau nhà),TAM,20,1,TAM,20,,,1/24/2025
EP2501-0028,1/10/2025,Phạm Quang Đạt,Theo bộ phận,Vật tư dự phòng bảo trì thoi máy CS,0912800190000000,Bánh xe lưng thoi trước CS ( Theo mẫu),CAI,30,1,CAI,30,,Bảo trì thoi máy CS,1/20/2025
EP2501-0028,1/10/2025,Phạm Quang Đạt,Theo bộ phận,Vật tư dự phòng bảo trì thoi máy CS,0912800200000000,Bánh xe lưng thoi sau CS ( Theo mẫu),CAI,60,1,CAI,60,,Bảo trì thoi máy CS,1/20/2025
EP2501-0028,1/10/2025,Phạm Quang Đạt,Theo bộ phận,Vật tư dự phòng bảo trì thoi máy CS,0901900700000000,Bánh xe côn dài CS ( theo mẫu).,CAI,30,1,CAI,30,,Bảo trì thoi máy CS,1/20/2025
EP2501-0028,1/10/2025,Phạm Quang Đạt,Theo bộ phận,Vật tư dự phòng bảo trì thoi máy CS,0901900060000000,Bánh xe lệch tâm CS ( theo mẫu),Cái,60,1,Cái,60,,Bảo trì thoi máy CS,1/20/2025
EP2501-0028,1/10/2025,Phạm Quang Đạt,Theo bộ phận,Vật tư dự phòng bảo trì thoi máy CS,0900500120000000,Bát càng + gối đỡ đầu dù trước CS.,CAI,30,1,CAI,30,,Bảo trì thoi máy CS,1/20/2025
EP2501-0028,1/10/2025,Phạm Quang Đạt,Theo bộ phận,Vật tư dự phòng bảo trì thoi máy CS,0918900030000000,Gọng thoi cs ( Theo mẫu ),CAI,20,1,CAI,20,,Bảo trì thoi máy CS,1/20/2025
EP2501-0028,1/10/2025,Phạm Quang Đạt,Theo bộ phận,Vật tư dự phòng bảo trì thoi máy CS,0906700050000000,"Lò xo đầu dù CS, ( Theo mẫu)",Cái,30,1,Cái,30,,Bảo trì thoi máy CS,1/20/2025
EP2501-0028,1/10/2025,Phạm Quang Đạt,Theo bộ phận,Vật tư dự phòng bảo trì thoi máy CS,0090610220000000,Đầu dù trước CS ( theo bản vẽ ),CAI,30,1,CAI,30,,Bảo trì thoi máy CS,1/20/2025
EP2501-0028,1/10/2025,Phạm Quang Đạt,Theo bộ phận,Vật tư dự phòng bảo trì thoi máy CS,0090610230000000,Đầu dù sau CS ( theo bản vẽ ),CAI,30,1,CAI,30,,Bảo trì thoi máy CS,1/20/2025
EP2501-0028,1/10/2025,Phạm Quang Đạt,Theo bộ phận,Vật tư dự phòng bảo trì thoi máy CS,0909100010000000,Yếm thoi CS. (Theo mẫu. ),Cái,20,1,Cái,20,,Bảo trì thoi máy CS,1/20/2025
EP2501-0028,1/10/2025,Phạm Quang Đạt,Theo bộ phận,Vật tư dự phòng bảo trì thoi máy CS,0912800120000000,"Sơ mi bánh xe côn dài CS,",CAI,30,1,CAI,30,,Bảo trì thoi máy CS,1/20/2025
EP2501-0029,1/10/2025,Phạm Quang Đạt,Theo bộ phận,Vật tư thay thế sữa chữa máy móc thiết bị ( trong kho đã hết ),0902202960000000,"Biến tần Misubishi FR-D740-120-EC - 380V-5,5KW",Cái,2,1,Cái,2,,Thay thế sửa chữa máy móc thiết bị,1/26/2025
EP2501-0029,1/10/2025,Phạm Quang Đạt,Theo bộ phận,Vật tư thay thế sữa chữa máy móc thiết bị ( trong kho đã hết ),0902202950000000,Biến Tần FR-D740-080-EC .380V-3.7KW,Cái,2,1,Cái,2,,Thay thế sửa chữa máy móc thiết bị,1/26/2025
EP2501-0029,1/10/2025,Phạm Quang Đạt,Theo bộ phận,Vật tư thay thế sữa chữa máy móc thiết bị ( trong kho đã hết ),0902203050000000,Biến tần Mitsubishi FR-D720S-0.75K 0.75kW 1 Pha 220V,CAI,2,1,CAI,2,,Thay thế sửa chữa máy móc thiết bị,1/26/2025
EP2501-0029,1/10/2025,Phạm Quang Đạt,Theo bộ phận,Vật tư thay thế sữa chữa máy móc thiết bị ( trong kho đã hết ),0902209540000000,Ổ cắm đế nổi loại 3 ổ SINO,CAI,10,1,CAI,10,,Thay thế sửa chữa máy móc thiết bị,1/26/2025
EP2501-0029,1/10/2025,Phạm Quang Đạt,Theo bộ phận,Vật tư thay thế sữa chữa máy móc thiết bị ( trong kho đã hết ),0906202700000000,Ống Gen Chịu Nhiệt Sợi Thủy Tinh Phủ Silicone chông cháy phi 4mm.,M,50,1,M,50,,Thay thế sửa chữa máy móc thiết bị,1/26/2025
EP2501-0030,1/10/2025,Nguyễn Dũng Trung,Theo bộ phận,"Túi LDPE, K59.0x106.0(+/-2.0)cm, TL: 45.0g/cái(+/-2.0). [Bao chống tĩnh điện]",BAO-059106G45LDPE.LUI,"Túi LDPE, K59.0x106.0(+/-2.0)cm, TL: 45.0g/cái(+/-2.0). [Bao chống tĩnh điện]",CAI,15000,0.045,KG,675,TỒN KHO,,1/13/2025
EP2501-0023,1/9/2025,Nguyễn Văn Long,Theo bộ phận,ĐỀ XUẤT MỰC IN CHO CÔNG ĐOẠN IN,MDM-FL23,Vàng Chanh 23 FL,KG,75,1,KG,75,,Máy in,1/11/2025
EP2501-0023,1/9/2025,Nguyễn Văn Long,Theo bộ phận,ĐỀ XUẤT MỰC IN CHO CÔNG ĐOẠN IN,MDM-FL23GT,Vàng Chanh 23 FL gián tiếp (P012C),KG,50,1,KG,50,,Máy in,1/11/2025
EP2501-0023,1/9/2025,Nguyễn Văn Long,Theo bộ phận,ĐỀ XUẤT MỰC IN CHO CÔNG ĐOẠN IN,MDM-FL81,Tím 81 FL,KG,25,1,KG,25,,Máy in,1/11/2025
EP2501-0023,1/9/2025,Nguyễn Văn Long,Theo bộ phận,ĐỀ XUẤT MỰC IN CHO CÔNG ĐOẠN IN,MDM-FL92,Đen 92 FL,KG,75,1,KG,75,,Máy in,1/11/2025
EP2501-0023,1/9/2025,Nguyễn Văn Long,Theo bộ phận,ĐỀ XUẤT MỰC IN CHO CÔNG ĐOẠN IN,MDM-FLXL3415C,Xanh Lá 3415C FL,KG,75,1,KG,75,,Máy in,1/11/2025
EP2501-0023,1/9/2025,Nguyễn Văn Long,Theo bộ phận,ĐỀ XUẤT MỰC IN CHO CÔNG ĐOẠN IN,MDM-DML,Dung Môi PP - Dung Môi trực tiếp,KG,510,1,KG,510,,Máy in,1/11/2025
EP2501-0023,1/9/2025,Nguyễn Văn Long,Theo bộ phận,ĐỀ XUẤT MỰC IN CHO CÔNG ĐOẠN IN,MDM-DMO001,Dung môi Chậm khô Trực Tiếp,KG,48,1,KG,48,,Máy in,1/11/2025
EP2501-0024,1/9/2025,Nguyễn Văn Long,Theo bộ phận,ĐỀ XUẤT MỰC IN CHO CÔNG ĐOẠN IN,MDM-FL79,Xanh Lá 79 FL,KG,25,1,KG,25,,Máy in,1/11/2025
EP2501-0025,1/9/2025,Thái Minh Quyết,Theo bộ phận,KHSDVT dao dập manh nissin,09-24300100000005,Khuôn hình chữ nhật (450mmx450mm),CAI,2,1,CAI,2,,,1/13/2025
EP2501-0025,1/9/2025,Thái Minh Quyết,Theo bộ phận,KHSDVT dao dập manh nissin,09-24300100000006,Khuôn hình chữ nhật (140mmx450mm),CAI,3,1,CAI,3,,,1/13/2025
EP2501-0026,1/9/2025,Lê Trần Đăng Khoa,Theo bộ phận,Đề xuất vật tư ngày 9/1/2025,0901100730000000,Bạc đạn SKF 609 2Z/C3,CAI,200,1,CAI,200,,,1/11/2025
EP2501-0026,1/9/2025,Lê Trần Đăng Khoa,Theo bộ phận,Đề xuất vật tư ngày 9/1/2025,0901100620000000,BẠC ĐẠN UC206,CAI,40,1,CAI,40,,,1/11/2025
EP2501-0026,1/9/2025,Lê Trần Đăng Khoa,Theo bộ phận,Đề xuất vật tư ngày 9/1/2025,0909500040000000,LƯỚI TINH 150,Cuộn,20,1,Cuộn,20,,,1/11/2025
EP2501-0026,1/9/2025,Lê Trần Đăng Khoa,Theo bộ phận,Đề xuất vật tư ngày 9/1/2025,0901100170000000,Bạc đạn SKF 6000-2Z/C3,CAI,200,1,CAI,200,,,1/11/2025
EP2501-0020,1/8/2025,Võ Thị Minh Tiến,Theo bộ phận,Đề xuất mua VPP tháng 01/2025,0905300490000000,Dao rọc giấy (loại lớn),BO,5,1,BO,5,,,1/13/2025
EP2501-0020,1/8/2025,Võ Thị Minh Tiến,Theo bộ phận,Đề xuất mua VPP tháng 01/2025,5300100360000000,Bút lông dầu đỏ,CAY,10,1,CAY,10,,,1/13/2025
EP2501-0020,1/8/2025,Võ Thị Minh Tiến,Theo bộ phận,Đề xuất mua VPP tháng 01/2025,5300100410000000,Bút xóa,CAY,10,1,CAY,10,,,1/13/2025
EP2501-0020,1/8/2025,Võ Thị Minh Tiến,Theo bộ phận,Đề xuất mua VPP tháng 01/2025,5300100460000000,Giấy A472,Gram,40,1,Gram,40,,,1/13/2025
EP2501-0020,1/8/2025,Võ Thị Minh Tiến,Theo bộ phận,Đề xuất mua VPP tháng 01/2025,5300100510000000,Giấy A5/70,Gram,5,1,Gram,5,,,1/13/2025
EP2501-0020,1/8/2025,Võ Thị Minh Tiến,Theo bộ phận,Đề xuất mua VPP tháng 01/2025,5300100550000000,Kẹp Bướm 19mm,HOP,5,1,HOP,5,,,1/13/2025
EP2501-0020,1/8/2025,Võ Thị Minh Tiến,Theo bộ phận,Đề xuất mua VPP tháng 01/2025,5300100590000000,Lưỡi Dao Lớn,HOP,2,1,HOP,2,,,1/13/2025
EP2501-0020,1/8/2025,Võ Thị Minh Tiến,Theo bộ phận,Đề xuất mua VPP tháng 01/2025,53-5300100370000000,Bút lông dầu xanh,CAY,10,1,CAY,10,,,1/13/2025
EP2501-0020,1/8/2025,Võ Thị Minh Tiến,Theo bộ phận,Đề xuất mua VPP tháng 01/2025,VPP001,ACCO Nhựa,HOP,3,1,HOP,3,,,1/13/2025
EP2501-0020,1/8/2025,Võ Thị Minh Tiến,Theo bộ phận,Đề xuất mua VPP tháng 01/2025,VPP003,Bìa Lổ Mỏng,XAP,5,1,XAP,5,,,1/13/2025
EP2501-0020,1/8/2025,Võ Thị Minh Tiến,Theo bộ phận,Đề xuất mua VPP tháng 01/2025,VPP007,Mực lông dầu đỏ,HOP,12,1,HOP,12,,,1/13/2025
EP2501-0020,1/8/2025,Võ Thị Minh Tiến,Theo bộ phận,Đề xuất mua VPP tháng 01/2025,VPP008,Mực lông dầu xanh,HOP,6,1,HOP,6,,,1/13/2025
EP2501-0020,1/8/2025,Võ Thị Minh Tiến,Theo bộ phận,Đề xuất mua VPP tháng 01/2025,5300100570000000,Kẹp Bướm 32 mm,Hộp,3,1,Hộp,3,,,1/13/2025
EP2501-0020,1/8/2025,Võ Thị Minh Tiến,Theo bộ phận,Đề xuất mua VPP tháng 01/2025,5300100640000000,Tập SV 200 trang,QUYEN,5,1,QUYEN,5,,,1/13/2025
EP2501-0020,1/8/2025,Võ Thị Minh Tiến,Theo bộ phận,Đề xuất mua VPP tháng 01/2025,5300100780000000,Bút Chì,Cây,10,1,Cây,10,,,1/13/2025
EP2501-0020,1/8/2025,Võ Thị Minh Tiến,Theo bộ phận,Đề xuất mua VPP tháng 01/2025,5300100960000000,Sổ Ca Rô 25x33 Dày,QUYEN,5,1,QUYEN,5,,,1/13/2025
EP2501-0020,1/8/2025,Võ Thị Minh Tiến,Theo bộ phận,Đề xuất mua VPP tháng 01/2025,5300100890000000,Mực Dấu Đỏ,Hộp,2,1,Hộp,2,,,1/13/2025
EP2501-0020,1/8/2025,Võ Thị Minh Tiến,Theo bộ phận,Đề xuất mua VPP tháng 01/2025,5300100880000000,Mực Dấu Xanh,Hộp,2,1,Hộp,2,,,1/13/2025
EP2501-0021,1/8/2025,Đặng Thị Mỹ Hạnh,Theo bộ phận,Đề xuất mua hộp quẹt cho CBCNV hút thuốc,0922700092000000,Bật lửa.,CAI,50,1,CAI,50,,Cho công nhân hút thuốc,1/10/2025
EP2501-0022,1/8/2025,Võ Công Vũ,Theo bộ phận,Nhà vệ sinh khu vực phế liệu (xưởng ó)_ đội xây dựng Hận,0910900072000000,Lăn sơn 15 phân,CAI,2,1,CAI,2,,,1/10/2025
EP2501-0022,1/8/2025,Võ Công Vũ,Theo bộ phận,Nhà vệ sinh khu vực phế liệu (xưởng ó)_ đội xây dựng Hận,0901800020000000,Bột trét tường,BAO,2,1,BAO,2,,,1/10/2025
EP2501-0022,1/8/2025,Võ Công Vũ,Theo bộ phận,Nhà vệ sinh khu vực phế liệu (xưởng ó)_ đội xây dựng Hận,0904500010000000,Sơn màu xám,THUNG,2,1,THUNG,2,,,1/10/2025
EP2501-0022,1/8/2025,Võ Công Vũ,Theo bộ phận,Nhà vệ sinh khu vực phế liệu (xưởng ó)_ đội xây dựng Hận,0910900020000000,CỌ SƠN 5 Phân,Cái,2,1,Cái,2,,,1/10/2025
EP2501-0014,1/7/2025,Nguyễn Thị Vân Anh,Theo bộ phận,Thay thế đèn soi tẩy  bị hư cho QC,0902209060000000,Đèn soi-chiếu tẩy ( loại cầm tay),CAI,10,1,CAI,10,,,1/17/2025
EP2501-0015,1/7/2025,Nguyễn Dũng Trung,Theo bộ phận,"Hạt Taical EFPP1001
Dây đai ép kiện PP, màu xanh lá, K15.0mm
Túi LDPE, trắng trong, K62
Ống giấy cũ
Hạt taical thổi
Pallet",HAT-TACKS-1001,Hạt Taical EFPP1001 trắng sáng,Kg,162000,1,Kg,162000,TỒN KHO,,1/15/2025
EP2501-0016,1/7/2025,Bùi Thái Hòa,Theo bộ phận,Đặt khắc bản in cao su,5200104070000000,Black Horse,CM2,10000,1,CM2,10000,,,1/8/2025
EP2501-0016,1/7/2025,Bùi Thái Hòa,Theo bộ phận,Đặt khắc bản in cao su,5200104150000000,Blue Horse,CM2,10000,1,CM2,10000,,,1/8/2025
EP2501-0016,1/7/2025,Bùi Thái Hòa,Theo bộ phận,Đặt khắc bản in cao su,5300101106000000,WINSON-T101,CM2,10000,1,CM2,10000,,,1/8/2025
EP2501-0016,1/7/2025,Bùi Thái Hòa,Theo bộ phận,Đặt khắc bản in cao su,5300101108000000,WINSON-T301,CM2,10000,1,CM2,10000,,,1/8/2025
EP2501-0016,1/7/2025,Bùi Thái Hòa,Theo bộ phận,Đặt khắc bản in cao su,5200105650000000,KCP đường kính trắng đặc biệt,CM2,10000,1,CM2,10000,,,1/8/2025
EP2501-0016,1/7/2025,Bùi Thái Hòa,Theo bộ phận,Đặt khắc bản in cao su,5200103770000000,Aqua32,CM2,10000,1,CM2,10000,,,1/8/2025
EP2501-0016,1/7/2025,Bùi Thái Hòa,Theo bộ phận,Đặt khắc bản in cao su,5200106310000000,ORANGE GLOBE 22.5,CM2,10000,1,CM2,10000,,,1/8/2025
EP2501-0016,1/7/2025,Bùi Thái Hòa,Theo bộ phận,Đặt khắc bản in cao su,5200106330000000,Pink Globe,CM2,10000,1,CM2,10000,,,1/8/2025
EP2501-0015,1/7/2025,Nguyễn Dũng Trung,Theo bộ phận,"Hạt Taical EFPP1001
Dây đai ép kiện PP, màu xanh lá, K15.0mm
Túi LDPE, trắng trong, K62
Ống giấy cũ
Hạt taical thổi
Pallet",0500100110000000,"Dây đai ép kiện PP, màu xanh lá, K15.0mm, dày 1mm, tension >350kgF, TL: 10g/m",Cuộn,5,10,KG,50,SO2501-0009,,1/11/2025
EP2501-0015,1/7/2025,Nguyễn Dũng Trung,Theo bộ phận,"Hạt Taical EFPP1001
Dây đai ép kiện PP, màu xanh lá, K15.0mm
Túi LDPE, trắng trong, K62
Ống giấy cũ
Hạt taical thổi
Pallet",LDPE062097G050TT.KCP,"Túi LDPE, trắng trong, K62(+/-0.5)x97LL(+/-0.5), cắt dài 98cm + hàn 2 đường cách đáy <10mm, TL: 50(+/-1)gr.",CAI,500000,0.05,KG,25000,SO2411-0016,,1/20/2025
EP2501-0017,1/7/2025,Phạm Quang Đạt,Theo bộ phận,Mua vật tư phục vụ sản xuất,0902209090000000,Máng trượt tay gắp bao máy cắt may AUTO - (GC theo mẫu ),CAI,4,1,CAI,4,,Máy cắt số 1 và 2,1/18/2025
EP2501-0017,1/7/2025,Phạm Quang Đạt,Theo bộ phận,Mua vật tư phục vụ sản xuất,0922500100000000,Con lăn sắt chỉnh băng tải phi 75 x 30mm ( GC theo bản vẽ),CAI,2,1,CAI,2,,Máy in Jumbo,1/18/2025
EP2501-0017,1/7/2025,Phạm Quang Đạt,Theo bộ phận,Mua vật tư phục vụ sản xuất,0905300640000000,Ổ đỡ dao cắt Auto( theo bản vẽ).,CAI,2,1,CAI,2,,Máy cắt số 5,1/18/2025
EP2501-0017,1/7/2025,Phạm Quang Đạt,Theo bộ phận,Mua vật tư phục vụ sản xuất,9045002480000216,Dũa sắt tròn phi 12mm,CAI,1,1,CAI,1,,Máy cắt số 1,1/18/2025
EP2501-0017,1/7/2025,Phạm Quang Đạt,Theo bộ phận,Mua vật tư phục vụ sản xuất,0917300110000000,Dũa sắt tròn phi 14mm,CAI,1,1,CAI,1,,Máy cắt số 2,1/18/2025
EP2501-0018,1/7/2025,Phạm Quang Đạt,Theo bộ phận,Vật tư thay thế sửa chữa máy móc thiết bị,5200111520000000,Quạt tản nhiệt NMB 4715MS-22T-B50 220VAC 120x120x38mm,CAI,10,1,CAI,10,,Phục vụ sửa chữa vì trong kho đã sử dụng hết,1/20/2025
EP2501-0018,1/7/2025,Phạm Quang Đạt,Theo bộ phận,Vật tư thay thế sửa chữa máy móc thiết bị,0902208890000000,MCB - 2P-6A - 10KA Schneider,CAI,10,1,CAI,10,,Phục vụ sửa chữa vì trong kho đã sử dụng hết,1/20/2025
EP2501-0018,1/7/2025,Phạm Quang Đạt,Theo bộ phận,Vật tư thay thế sửa chữa máy móc thiết bị,0906802090000000,MÁY IN ĐẦU CỐT LM-550E,CAI,1,1,CAI,1,,Cho tổ điện đánh số đầu cos,1/20/2025
EP2501-0018,1/7/2025,Phạm Quang Đạt,Theo bộ phận,Vật tư thay thế sửa chữa máy móc thiết bị,0902211370000000,Rơ le bán dẫn Fotek SSR-25 VA,CAI,2,1,CAI,2,,Làm dao cắt nhiệt đuôi chỉ,1/20/2025
EP2501-0018,1/7/2025,Phạm Quang Đạt,Theo bộ phận,Vật tư thay thế sửa chữa máy móc thiết bị,0902300150000000,Đầu dò nhiệt khoen gài M12- dãy đo từ 0-400*C-dây dài 5 mét.,Cái,5,1,Cái,5,,Làm dao cắt nhiệt đuôi chỉ,1/20/2025
EP2501-0018,1/7/2025,Phạm Quang Đạt,Theo bộ phận,Vật tư thay thế sửa chữa máy móc thiết bị,0927600112000000,"Bộ điều khiển nhiệt độ AUTONICS TK4S-14RR 110-220VAC, 48x48mm",CAI,2,1,CAI,2,,Làm dao cắt nhiệt đuôi chỉ,1/20/2025
EP2501-0015,1/7/2025,Nguyễn Dũng Trung,Theo bộ phận,"Hạt Taical EFPP1001
Dây đai ép kiện PP, màu xanh lá, K15.0mm
Túi LDPE, trắng trong, K62
Ống giấy cũ
Hạt taical thổi
Pallet",5200101410000000,Ống giấy cũ dài trên 135cm.,KG,3000,1,KG,3000,TỒN KHO,,1/13/2025
EP2501-0015,1/7/2025,Nguyễn Dũng Trung,Theo bộ phận,"Hạt Taical EFPP1001
Dây đai ép kiện PP, màu xanh lá, K15.0mm
Túi LDPE, trắng trong, K62
Ống giấy cũ
Hạt taical thổi
Pallet",HAT-TALC-THOI-IFC7,Hạt taical thổi HDPE IF-PE114C7 (Đại Á),KG,2000,1,KG,2000,TỒN KHO,,1/20/2025
EP2501-0015,1/7/2025,Nguyễn Dũng Trung,Theo bộ phận,"Hạt Taical EFPP1001
Dây đai ép kiện PP, màu xanh lá, K15.0mm
Túi LDPE, trắng trong, K62
Ống giấy cũ
Hạt taical thổi
Pallet",5200110060020000,"Pallet gỗ xuất khẩu hàng hóa; kích thước = 90.0cm (W) x 120.0cm (L) x 15.0cm (H); pallet 4 chiều; tải trọng nâng 1000kg, tải trọng tĩnh 2000kg; hun trùng tiêu chuẩn ISPM15; độ ẩm <20%, gỗ mới.",CAI,40,1,CAI,40,SO2412-0060,,2/17/2025
EP2501-0015,1/7/2025,Nguyễn Dũng Trung,Theo bộ phận,"Hạt Taical EFPP1001
Dây đai ép kiện PP, màu xanh lá, K15.0mm
Túi LDPE, trắng trong, K62
Ống giấy cũ
Hạt taical thổi
Pallet",5200110060020000,"Pallet gỗ xuất khẩu hàng hóa; kích thước = 90.0cm (W) x 120.0cm (L) x 15.0cm (H); pallet 4 chiều; tải trọng nâng 1000kg, tải trọng tĩnh 2000kg; hun trùng tiêu chuẩn ISPM15; độ ẩm <20%, gỗ mới.",CAI,40,1,CAI,40,SO2501-0004,,2/17/2025
EP2501-0015,1/7/2025,Nguyễn Dũng Trung,Theo bộ phận,"Hạt Taical EFPP1001
Dây đai ép kiện PP, màu xanh lá, K15.0mm
Túi LDPE, trắng trong, K62
Ống giấy cũ
Hạt taical thổi
Pallet",5200110060020000,"Pallet gỗ xuất khẩu hàng hóa; kích thước = 90.0cm (W) x 120.0cm (L) x 15.0cm (H); pallet 4 chiều; tải trọng nâng 1000kg, tải trọng tĩnh 2000kg; hun trùng tiêu chuẩn ISPM15; độ ẩm <20%, gỗ mới.",CAI,40,1,CAI,40,SO2501-0005,,2/17/2025
EP2501-0019,1/7/2025,Nguyễn Thanh Tú,Theo bộ phận,ĐẶT MUA VÒNG DỆT - CHO CĐ DỆT - SỬ DỤNG CHO ĐH UNIPACK - SO2412-0060,5200111510000000,Vòng dệt Khổ 178.8 đường kính vòng 113.5 khoan lỗ 10li tay bắt vòng 6 lỗ.,CAI,1,1,CAI,1,,,1/10/2025
EP2501-0013,1/6/2025,Nguyễn Văn Long,Theo bộ phận,ĐỀ XUẤT MỰC IN CHO CÔNG ĐOẠN IN,MDM-DMC,Dung môi Chỉnh,KG,24,1,KG,24,,Máy in,1/9/2025
EP2501-0013,1/6/2025,Nguyễn Văn Long,Theo bộ phận,ĐỀ XUẤT MỰC IN CHO CÔNG ĐOẠN IN,MDM-FLDO192GT,Đỏ 192C FL gián tiếp,KG,50,1,KG,50,,Máy in,1/9/2025
EP2501-0013,1/6/2025,Nguyễn Văn Long,Theo bộ phận,ĐỀ XUẤT MỰC IN CHO CÔNG ĐOẠN IN,MDM-FL39,Xanh Dương 39 FL,KG,25,1,KG,25,,Máy in,1/9/2025
EP2501-0013,1/6/2025,Nguyễn Văn Long,Theo bộ phận,ĐỀ XUẤT MỰC IN CHO CÔNG ĐOẠN IN,MDM-FL92DB,Đen 92   trực tiếp.( mực đặc biệt dùng cho in bao có  độ bám cao),KG,7,1,KG,7,Mực yêu cầu độ bám cao,Máy in,1/9/2025
EP2501-0013,1/6/2025,Nguyễn Văn Long,Theo bộ phận,ĐỀ XUẤT MỰC IN CHO CÔNG ĐOẠN IN,MDM-FL185DB,Đỏ Red 185C trực tiếp.( mực đặc biệt dùng cho in bao có độ bám cao),KG,7,1,KG,7,Mực yêu cầu độ bám cao,Máy in,1/9/2025
EP2501-0013,1/6/2025,Nguyễn Văn Long,Theo bộ phận,ĐỀ XUẤT MỰC IN CHO CÔNG ĐOẠN IN,MDM-FLPROBLUEDB,Xanh Dương Process Blue  trực tiếp.( mực đặc biệt dùng cho in bao  có độ bám cao),KG,7,1,KG,7,Mực yêu cầu độ bám cao,Máy in,1/9/2025
EP2501-0009,1/4/2025,Hà Mạnh Hùng,Theo bộ phận,Vật tư sửa chữa máy ép kiện.,0902700910000000,Van 1 chiều thủy lực CIT-04 ren 21 mm,CAI,1,1,CAI,1,,Thay thế sửa chữa,1/6/2025
EP2501-0009,1/4/2025,Hà Mạnh Hùng,Theo bộ phận,Vật tư sửa chữa máy ép kiện.,09061047000000,Nối thủy lực 1 dầu ren trong 27 côn lõm - 1 đầu răng ngoài 21.,CAI,2,1,CAI,2,,Thay thế sửa chữa,1/6/2025
EP2501-0009,1/4/2025,Hà Mạnh Hùng,Theo bộ phận,Vật tư sửa chữa máy ép kiện.,0901101740000000,Nối thủy lực 27 ( theo mẫu ),CAI,2,1,CAI,2,,Thay thế sửa chữa,1/6/2025
EP2501-0010,1/4/2025,Hà Mạnh Hùng,Theo bộ phận,Thiết bị cấp cho đội lắp máy PKT.,0906802080000000,Máy Siết Bu Lông Dùng Pin ITMAN HT/IWS,CAI,1,1,CAI,1,,Công cụ dụng cụ.,1/6/2025
EP2501-0011,1/4/2025,Hà Mạnh Hùng,Theo bộ phận,Vật tư lắp đặt cho máy dệt RX6.0 Pro phân xưởng 6.,0902211360000000,Quạt Thông Gió Dasin KVF-1845  - 380V - 135W,CAI,27,1,CAI,27,,Lắp đặt đầu tư mới.,1/10/2025
EP2501-0006,1/3/2025,Nguyễn Dũng Trung,Theo bộ phận,Sủi kiếng jumbo ( sủi kiếng mua ngoài ),SUI-KIENG-JB,Sủi kiếng jumbo ( sủi kiếng mua ngoài ),KG,2000,1,KG,2000,TỒN KHO,,1/6/2025
EP2501-0007,1/3/2025,Đặng Thị Mỹ Hạnh,Theo bộ phận,Đề xuất mua xà bông rửa tay công nhân,5200110650000003,Xà phòng rửa chén,THUNG,5,1,THUNG,5,,,1/5/2025
EP2501-0008,1/3/2025,Nguyễn Dũng Trung,Theo bộ phận,"Tem bao jumbo NISSIN 01JBO-NIS110106-BEI-KSR
Túi tài liệu PP+PE, 14cm x 22cm có nắp  , PP màu beige  có tráng trong, PE 100mic.",10TEM-01JBO-NIS110106,Tem bao jumbo NISSIN 01JBO-NIS110106-BEI-KSR,CAI,2050,0.001,KG,2.05,Jumbo,,1/6/2025
EP2501-0008,1/3/2025,Nguyễn Dũng Trung,Theo bộ phận,"Tem bao jumbo NISSIN 01JBO-NIS110106-BEI-KSR
Túi tài liệu PP+PE, 14cm x 22cm có nắp  , PP màu beige  có tráng trong, PE 100mic.",10POC-NIS110106-0000,"Túi tài liệu PP+PE, 14cm x 22cm có nắp  , PP màu beige  có tráng trong, PE 100mic.",CAI,2050,0.016,KG,32.8,Jumbo,,1/6/2025
EP2501-0001,1/2/2025,Nguyễn Dũng Trung,Theo bộ phận,"Vải Manh PP, màu trắng UV, K119.0cm, MĐ: 13.0x13.0, GC 2 điểm chỉ đôi 30mm, ID định vị màu xanh dương giữa gia cường, 42+35+42,",THACAAGS119013013237TRDU,"Vải Manh PP, màu trắng UV, K119.0cm, MĐ: 13.0x13.0, GC 2 điểm chỉ đôi 30mm, ID định vị màu xanh dương giữa gia cường, 42+35+42, TL: 237.0g/mét. (194.2gsm +GC 5.9 g/m)",M,44000,0.237,KG,10428,SO2412-0055,,1/6/2025
EP2501-0002,1/2/2025,Bùi Thái Hòa,Theo bộ phận,Đặt khắc bản in cao su,5300101126000000,GJ-E1422 (LOUIS),CM2,10000,1,CM2,10000,,,1/3/2025
EP2501-0002,1/2/2025,Bùi Thái Hòa,Theo bộ phận,Đặt khắc bản in cao su,5200105600000000,KCP Đường kính trắng cao cấp (ĐỎ),CM2,10000,1,CM2,10000,,,1/3/2025
EP2501-0002,1/2/2025,Bùi Thái Hòa,Theo bộ phận,Đặt khắc bản in cao su,5200105620000000,KCP ĐƯỜNG TINH LUYỆN (CAM),CM2,10000,1,CM2,10000,,,1/3/2025
EP2501-0002,1/2/2025,Bùi Thái Hòa,Theo bộ phận,Đặt khắc bản in cao su,5200108690000000,Bản in EL TORO - UNIPACK,CM2,10000,1,CM2,10000,,,1/3/2025
EP2501-0003,1/2/2025,Thái Minh Quyết,Theo bộ phận,Mua hạt màu cho thử nghiệm bao jumbo louis ( 50kg),HAT-BEIGE-EMH66185,Hạt màu beige EMH66185,KG,50,1,KG,50,,,1/3/2025
EP2501-0004,1/2/2025,Nguyễn Văn Long,Theo bộ phận,ĐỀ XUẤT MỰC IN CHO CÔNG ĐOẠN IN,MDM-FLDO192,Đỏ 192C FL,KG,50,1,KG,50,,Máy in,1/5/2025
EP2501-0004,1/2/2025,Nguyễn Văn Long,Theo bộ phận,ĐỀ XUẤT MỰC IN CHO CÔNG ĐOẠN IN,MDM-DML,Dung Môi PP - Dung Môi trực tiếp,KG,1020,1,KG,1020,,Máy in,1/5/2025
EP2501-0004,1/2/2025,Nguyễn Văn Long,Theo bộ phận,ĐỀ XUẤT MỰC IN CHO CÔNG ĐOẠN IN,MDM-FL92GT,Đen 92 FL gián tiếp,KG,50,1,KG,50,,Máy in,1/5/2025
EP2501-0004,1/2/2025,Nguyễn Văn Long,Theo bộ phận,ĐỀ XUẤT MỰC IN CHO CÔNG ĐOẠN IN,MDM-FLXL3415C,Xanh Lá 3415C FL,KG,25,1,KG,25,,Máy in,1/5/2025
EP2501-0005,1/2/2025,Trần Trung Hiếu,Theo bộ phận,"1. Cáp chuyển tín hiệu màn hình máy scan sợi 8.
2. Bộ phát wifi cân cuộn xưởng 1.",0901000450000000,Cáp Displayport,Cái,1,1,Cái,1,,Chuyển tín hiệu màn hình máy scan sợi,1/2/2025
EP2501-0005,1/2/2025,Trần Trung Hiếu,Theo bộ phận,"1. Cáp chuyển tín hiệu màn hình máy scan sợi 8.
2. Bộ phát wifi cân cuộn xưởng 1.",BCD008,Bộ thu phát Wifi,Bộ,1,1,Bộ,1,,Phát wifi cho máy tính cân cuộn xưởng 1,1/3/2025
