Chứng từ,Ngày tạo,Số chứng từ,Diễn giải,Vật tư,Tên vật tư,Kho,Đơn vị tính (1),SL 1,Đơn vị tính (2),SL 2,Giá,Tiền vốn,Tk Nợ,Tk Có,Đối tượng,Nhân viên,Bộ phận,Đơn hàng/Hợp đồng mua,Lệnh sản xuất,Công việc,Công đoạn,Mã trung tâm chi phí,Sản phẩm,Mã vụ việc,Mã giao dịch
TP,01/01/2025,TP01/25-003,Nhập báo cáo khâu sợi X07 ngày 01/01/2025,PHE-PHESOI,Phế thu hồi khâu kéo sợi,KPH001,KG,14,KG,14,0,0,1527,15412,CTY00001,,,,LSX12/24-062,Công đoạn tạo sợi,SOI,,THADGTAU127080080078TRDU,,2154
TP,01/01/2025,TP01/25-003,Nhập báo cáo khâu sợi X07 ngày 01/01/2025,PHE-PHESOI,Phế thu hồi khâu kéo sợi,KPH001,KG,8,KG,8,0,0,1527,15412,CTY00001,,,,LSX01/25-009,Công đoạn tạo sợi,SOI,,THADGTAU127080080078TRDU,,2154
TP,01/01/2025,TP01/25-003,Nhập báo cáo khâu sợi X07 ngày 01/01/2025,SOI-TP14-1,"Sợi PP, màu trắng đục, 820D, 3.0mm.",KSO001,KG,2980.22,KG,2980.22,0,0,15512,15412,CTY00001,,,,LSX12/24-062,Công đoạn tạo sợi,SOI,,THADGTAU127080080078TRDU,,2154
TP,01/01/2025,TP01/25-003,Nhập báo cáo khâu sợi X07 ngày 01/01/2025,SOI-TP14-1,"Sợi PP, màu trắng đục, 820D, 3.0mm.",KSO001,KG,851.78,KG,851.78,0,0,15512,15412,CTY00001,,,,LSX01/25-009,Công đoạn tạo sợi,SOI,,THADGTAU127080080078TRDU,,2154
TP,01/01/2025,TP01/25-003,Nhập báo cáo khâu sợi X07 ngày 01/01/2025,SOI-TP14-1,"Sợi PP, màu trắng đục, 820D, 3.0mm.",KSO001,KG,4493.8,KG,4493.8,0,0,15512,15412,CTY00001,,,,LSX01/25-009,Công đoạn tạo sợi,SOI,,THADGTAU127080080078TRDU,,2154
PN,02/01/2025,PN01/25-001,Số dư đầu kỳ xuất bán phế,PHE-PHETAP,PHẾ TẠP DƠ - VẢI ÁO BAO MANH QUẤN CUỘN BỊ DƠ,KTL001,KG,1850,KG,1850,0,0,1527,3388,CTY00001,,,,,,,,,,2100
TP,02/01/2025,TP01/25-001,Nhập báo cáo dệt ngày 02/01/2025,PHE-PHEDET,Phế liệu thu hồi khâu dệt,KCU001,KG,1,KG,1,0,0,1527,15414,CTY00001,,,,LSX12/24-055,Công đoạn dệt,VAICUON,,0102129003000000,,2109B
TP,02/01/2025,TP01/25-001,Nhập báo cáo dệt ngày 02/01/2025,PHE-PHEDET,Phế liệu thu hồi khâu dệt,KCU001,KG,4,KG,4,0,0,1527,15414,CTY00001,,,,LSX12/24-055,Công đoạn dệt,VAICUON,,0102129003000000,,2109B
TP,02/01/2025,TP01/25-001,Nhập báo cáo dệt ngày 02/01/2025,PHE-PHEDET,Phế liệu thu hồi khâu dệt,KCU001,KG,1,KG,1,0,0,1527,15414,CTY00001,,,,LSX12/24-055,Công đoạn dệt,VAICUON,,0102129003000000,,2109B
TP,02/01/2025,TP01/25-001,Nhập báo cáo dệt ngày 02/01/2025,PHE-PHEDET,Phế liệu thu hồi khâu dệt,KCU001,KG,4,KG,4,0,0,1527,15414,CTY00001,,,,LSX12/24-055,Công đoạn dệt,VAICUON,,0102129003000000,,2109B
TP,02/01/2025,TP01/25-001,Nhập báo cáo dệt ngày 02/01/2025,PHE-PHEDET,Phế liệu thu hồi khâu dệt,KCU001,KG,1,KG,1,0,0,1527,15414,CTY00001,,,,LSX12/24-062,Công đoạn dệt,VAICUON,,THADGTAU127080080078TRDU,,2109B
TP,02/01/2025,TP01/25-001,Nhập báo cáo dệt ngày 02/01/2025,PHE-PHEDET,Phế liệu thu hồi khâu dệt,KCU001,KG,1,KG,1,0,0,1527,15414,CTY00001,,,,LSX12/24-062,Công đoạn dệt,VAICUON,,THADGTAU127080080078TRDU,,2109B
TP,02/01/2025,TP01/25-001,Nhập báo cáo dệt ngày 02/01/2025,PHE-PHEDET,Phế liệu thu hồi khâu dệt,KCU001,KG,1,KG,1,0,0,1527,15414,CTY00001,,,,LSX12/24-058,Công đoạn dệt,VAICUON,,0102107006000000,,2109B
TP,02/01/2025,TP01/25-001,Nhập báo cáo dệt ngày 02/01/2025,PHE-PHEDET,Phế liệu thu hồi khâu dệt,KCU001,KG,4,KG,4,0,0,1527,15414,CTY00001,,,,LSX12/24-058,Công đoạn dệt,VAICUON,,0102107006000000,,2109B
TP,02/01/2025,TP01/25-001,Nhập báo cáo dệt ngày 02/01/2025,PHE-PHEDET,Phế liệu thu hồi khâu dệt,KCU001,KG,1,KG,1,0,0,1527,15414,CTY00001,,,,LSX12/24-055,Công đoạn dệt,VAICUON,,0102129003000000,,2109B
TP,02/01/2025,TP01/25-001,Nhập báo cáo dệt ngày 02/01/2025,PHE-PHEDET,Phế liệu thu hồi khâu dệt,KCU001,KG,4,KG,4,0,0,1527,15414,CTY00001,,,,LSX12/24-055,Công đoạn dệt,VAICUON,,0102129003000000,,2109B
TP,02/01/2025,TP01/25-001,Nhập báo cáo dệt ngày 02/01/2025,PHE-PHEDET,Phế liệu thu hồi khâu dệt,KCU001,KG,1,KG,1,0,0,1527,15414,CTY00001,,,,LSX12/24-046,Công đoạn dệt,VAICUON,,0119109032000000,,2109B
TP,02/01/2025,TP01/25-001,Nhập báo cáo dệt ngày 02/01/2025,PHE-PHEDET,Phế liệu thu hồi khâu dệt,KCU001,KG,3,KG,3,0,0,1527,15414,CTY00001,,,,LSX12/24-046,Công đoạn dệt,VAICUON,,0119109032000000,,2109B
TP,02/01/2025,TP01/25-001,Nhập báo cáo dệt ngày 02/01/2025,PHE-PHEDET,Phế liệu thu hồi khâu dệt,KCU001,KG,1,KG,1,0,0,1527,15414,CTY00001,,,,LSX12/24-079,Công đoạn dệt,VAICUON,,0102125012000000,,2109B
TP,02/01/2025,TP01/25-001,Nhập báo cáo dệt ngày 02/01/2025,PHE-PHEDET,Phế liệu thu hồi khâu dệt,KCU001,KG,4,KG,4,0,0,1527,15414,CTY00001,,,,LSX12/24-079,Công đoạn dệt,VAICUON,,0102125012000000,,2109B
TP,02/01/2025,TP01/25-001,Nhập báo cáo dệt ngày 02/01/2025,PHE-PHEDET,Phế liệu thu hồi khâu dệt,KCU001,KG,1,KG,1,0,0,1527,15414,CTY00001,,,,LSX12/24-018,Công đoạn dệt,VAICUON,,0102125051000000,,2109B
TP,02/01/2025,TP01/25-001,Nhập báo cáo dệt ngày 02/01/2025,PHE-PHEDET,Phế liệu thu hồi khâu dệt,KCU001,KG,4,KG,4,0,0,1527,15414,CTY00001,,,,LSX12/24-018,Công đoạn dệt,VAICUON,,0102125051000000,,2109B
TP,02/01/2025,TP01/25-001,Nhập báo cáo dệt ngày 02/01/2025,PHE-PHEDET,Phế liệu thu hồi khâu dệt,KCU001,KG,3.5,KG,3.5,0,0,1527,15414,CTY00001,,,,LSX12/24-018,Công đoạn dệt,VAICUON,,0102125051000000,,2109B
TP,02/01/2025,TP01/25-001,Nhập báo cáo dệt ngày 02/01/2025,PHE-PHEDET,Phế liệu thu hồi khâu dệt,KCU001,KG,1,KG,1,0,0,1527,15414,CTY00001,,,,LSX12/24-020,Công đoạn dệt,VAICUON,,0102125059000000,,2109B
TP,02/01/2025,TP01/25-001,Nhập báo cáo dệt ngày 02/01/2025,PHE-PHEDET,Phế liệu thu hồi khâu dệt,KCU001,KG,3,KG,3,0,0,1527,15414,CTY00001,,,,LSX12/24-020,Công đoạn dệt,VAICUON,,0102125059000000,,2109B
TP,02/01/2025,TP01/25-001,Nhập báo cáo dệt ngày 02/01/2025,PHE-PHEDET,Phế liệu thu hồi khâu dệt,KCU001,KG,1,KG,1,0,0,1527,15414,CTY00001,,,,LSX12/24-046,Công đoạn dệt,VAICUON,,0119109032000000,,2109B
TP,02/01/2025,TP01/25-001,Nhập báo cáo dệt ngày 02/01/2025,PHE-PHEDET,Phế liệu thu hồi khâu dệt,KCU001,KG,4,KG,4,0,0,1527,15414,CTY00001,,,,LSX12/24-046,Công đoạn dệt,VAICUON,,0119109032000000,,2109B
TP,02/01/2025,TP01/25-001,Nhập báo cáo dệt ngày 02/01/2025,PHE-PHEDET,Phế liệu thu hồi khâu dệt,KCU001,KG,3.5,KG,3.5,0,0,1527,15414,CTY00001,,,,LSX12/24-044,Công đoạn dệt,VAICUON,,0119124006000000,,2109B
TP,02/01/2025,TP01/25-001,Nhập báo cáo dệt ngày 02/01/2025,PHE-PHEDET,Phế liệu thu hồi khâu dệt,KCU001,KG,1,KG,1,0,0,1527,15414,CTY00001,,,,LSX12/24-069,Công đoạn dệt,VAICUON,,TPH055090G108TDLU.XXX,,2109B
TP,02/01/2025,TP01/25-001,Nhập báo cáo dệt ngày 02/01/2025,PHE-PHEDET,Phế liệu thu hồi khâu dệt,KCU001,KG,4,KG,4,0,0,1527,15414,CTY00001,,,,LSX12/24-069,Công đoạn dệt,VAICUON,,TPH055090G108TDLU.XXX,,2109B
TP,02/01/2025,TP01/25-001,Nhập báo cáo dệt ngày 02/01/2025,PHE-PHEDET,Phế liệu thu hồi khâu dệt,KCU001,KG,1,KG,1,0,0,1527,15414,CTY00001,,,,LSX11/24-013,Công đoạn dệt,VAICUON,,0119124001002000,,2109B
TP,02/01/2025,TP01/25-001,Nhập báo cáo dệt ngày 02/01/2025,PHE-PHEDET,Phế liệu thu hồi khâu dệt,KCU001,KG,4,KG,4,0,0,1527,15414,CTY00001,,,,LSX11/24-013,Công đoạn dệt,VAICUON,,0119124001002000,,2109B
TP,02/01/2025,TP01/25-001,Nhập báo cáo dệt ngày 02/01/2025,PHE-PHEDET,Phế liệu thu hồi khâu dệt,KCU001,KG,1,KG,1,0,0,1527,15414,CTY00001,,,,LSX12/24-063,Công đoạn dệt,VAICUON,,TPH060096G180TTKCP.TONG,,2109B
TP,02/01/2025,TP01/25-001,Nhập báo cáo dệt ngày 02/01/2025,PHE-PHEDET,Phế liệu thu hồi khâu dệt,KCU001,KG,3,KG,3,0,0,1527,15414,CTY00001,,,,LSX12/24-063,Công đoạn dệt,VAICUON,,TPH060096G180TTKCP.TONG,,2109B
TP,02/01/2025,TP01/25-001,Nhập báo cáo dệt ngày 02/01/2025,PHE-PHEDET,Phế liệu thu hồi khâu dệt,KCU001,KG,1,KG,1,0,0,1527,15414,CTY00001,,,,LSX12/24-046,Công đoạn dệt,VAICUON,,0119109032000000,,2109B
TP,02/01/2025,TP01/25-001,Nhập báo cáo dệt ngày 02/01/2025,PHE-PHEDET,Phế liệu thu hồi khâu dệt,KCU001,KG,3,KG,3,0,0,1527,15414,CTY00001,,,,LSX12/24-046,Công đoạn dệt,VAICUON,,0119109032000000,,2109B
TP,02/01/2025,TP01/25-001,Nhập báo cáo dệt ngày 02/01/2025,PHE-PHEDET,Phế liệu thu hồi khâu dệt,KCU001,KG,1,KG,1,0,0,1527,15414,CTY00001,,,,LSX12/24-045,Công đoạn dệt,VAICUON,,0102125017000000,,2109B
TP,02/01/2025,TP01/25-001,Nhập báo cáo dệt ngày 02/01/2025,PHE-PHEDET,Phế liệu thu hồi khâu dệt,KCU001,KG,3,KG,3,0,0,1527,15414,CTY00001,,,,LSX12/24-045,Công đoạn dệt,VAICUON,,0102125017000000,,2109B
TP,02/01/2025,TP01/25-001,Nhập báo cáo dệt ngày 02/01/2025,PHE-PHEDET,Phế liệu thu hồi khâu dệt,KCU001,KG,1,KG,1,0,0,1527,15414,CTY00001,,,,LSX12/24-008,Công đoạn dệt,VAICUON,,0102125064000000,,2109B
TP,02/01/2025,TP01/25-001,Nhập báo cáo dệt ngày 02/01/2025,PHE-PHEDET,Phế liệu thu hồi khâu dệt,KCU001,KG,4,KG,4,0,0,1527,15414,CTY00001,,,,LSX12/24-008,Công đoạn dệt,VAICUON,,0102125064000000,,2109B
TP,02/01/2025,TP01/25-001,Nhập báo cáo dệt ngày 02/01/2025,PHE-PHEDET,Phế liệu thu hồi khâu dệt,KCU001,KG,1,KG,1,0,0,1527,15414,CTY00001,,,,LSX12/24-008,Công đoạn dệt,VAICUON,,0102125064000000,,2109B
TP,02/01/2025,TP01/25-001,Nhập báo cáo dệt ngày 02/01/2025,PHE-PHEDET,Phế liệu thu hồi khâu dệt,KCU001,KG,4,KG,4,0,0,1527,15414,CTY00001,,,,LSX12/24-008,Công đoạn dệt,VAICUON,,0102125064000000,,2109B
TP,02/01/2025,TP01/25-001,Nhập báo cáo dệt ngày 02/01/2025,PHE-PHEDET,Phế liệu thu hồi khâu dệt,KCU001,KG,3.5,KG,3.5,0,0,1527,15414,CTY00001,,,,LSX12/24-008,Công đoạn dệt,VAICUON,,0102125064000000,,2109B
TP,02/01/2025,TP01/25-001,Nhập báo cáo dệt ngày 02/01/2025,PHE-PHEDET,Phế liệu thu hồi khâu dệt,KCU001,KG,1,KG,1,0,0,1527,15414,CTY00001,,,,LSX11/24-058,Công đoạn dệt,VAICUON,,TPH075112G119TTINT.CAMI,,2109B
TP,02/01/2025,TP01/25-001,Nhập báo cáo dệt ngày 02/01/2025,PHE-PHEDET,Phế liệu thu hồi khâu dệt,KCU001,KG,5,KG,5,0,0,1527,15414,CTY00001,,,,LSX11/24-058,Công đoạn dệt,VAICUON,,TPH075112G119TTINT.CAMI,,2109B
TP,02/01/2025,TP01/25-001,Nhập báo cáo dệt ngày 02/01/2025,PHE-PHEDET,Phế liệu thu hồi khâu dệt,KCU001,KG,1,KG,1,0,0,1527,15414,CTY00001,,,,LSX12/24-062,Công đoạn dệt,VAICUON,,THADGTAU127080080078TRDU,,2109B
TP,02/01/2025,TP01/25-001,Nhập báo cáo dệt ngày 02/01/2025,PHE-PHEDET,Phế liệu thu hồi khâu dệt,KCU001,KG,5,KG,5,0,0,1527,15414,CTY00001,,,,LSX12/24-062,Công đoạn dệt,VAICUON,,THADGTAU127080080078TRDU,,2109B
TP,02/01/2025,TP01/25-001,Nhập báo cáo dệt ngày 02/01/2025,PHE-PHEDET,Phế liệu thu hồi khâu dệt,KCU001,KG,1,KG,1,0,0,1527,15414,CTY00001,,,,LSX11/24-058,Công đoạn dệt,VAICUON,,TPH075112G119TTINT.CAMI,,2109B
TP,02/01/2025,TP01/25-001,Nhập báo cáo dệt ngày 02/01/2025,PHE-PHEDET,Phế liệu thu hồi khâu dệt,KCU001,KG,4,KG,4,0,0,1527,15414,CTY00001,,,,LSX11/24-058,Công đoạn dệt,VAICUON,,TPH075112G119TTINT.CAMI,,2109B
TP,02/01/2025,TP01/25-001,Nhập báo cáo dệt ngày 02/01/2025,PHE-PHEDET,Phế liệu thu hồi khâu dệt,KCU001,KG,3.5,KG,3.5,0,0,1527,15414,CTY00001,,,,LSX12/24-062,Công đoạn dệt,VAICUON,,THADGTAU127080080078TRDU,,2109B
TP,02/01/2025,TP01/25-001,Nhập báo cáo dệt ngày 02/01/2025,PHE-PHEDET,Phế liệu thu hồi khâu dệt,KCU001,KG,2,KG,2,0,0,1527,15414,CTY00001,,,,LSX12/24-055,Công đoạn dệt,VAICUON,,0102129003000000,,2109B
TP,02/01/2025,TP01/25-001,Nhập báo cáo dệt ngày 02/01/2025,PHE-PHEDET,Phế liệu thu hồi khâu dệt,KCU001,KG,5,KG,5,0,0,1527,15414,CTY00001,,,,LSX12/24-055,Công đoạn dệt,VAICUON,,0102129003000000,,2109B
TP,02/01/2025,TP01/25-001,Nhập báo cáo dệt ngày 02/01/2025,PHE-PHEDET,Phế liệu thu hồi khâu dệt,KCU001,KG,4.6,KG,4.6,0,0,1527,15414,CTY00001,,,,LSX12/24-077,Công đoạn dệt,VAICUON,,01JBO-TU001-06-0001,,2109B
TP,02/01/2025,TP01/25-001,Nhập báo cáo dệt ngày 02/01/2025,PHE-PHEDET,Phế liệu thu hồi khâu dệt,KCU001,KG,6.5,KG,6.5,0,0,1527,15414,CTY00001,,,,LSX12/24-077,Công đoạn dệt,VAICUON,,01JBO-TU001-06-0001,,2109B
TP,02/01/2025,TP01/25-001,Nhập báo cáo dệt ngày 02/01/2025,PHE-PHEDET,Phế liệu thu hồi khâu dệt,KCU001,KG,2.5,KG,2.5,0,0,1527,15414,CTY00001,,,,LSX12/24-058,Công đoạn dệt,VAICUON,,0102107006000000,,2109B
TP,02/01/2025,TP01/25-001,Nhập báo cáo dệt ngày 02/01/2025,PHE-PHEDET,Phế liệu thu hồi khâu dệt,KCU001,KG,3,KG,3,0,0,1527,15414,CTY00001,,,,LSX12/24-058,Công đoạn dệt,VAICUON,,0102107006000000,,2109B
TP,02/01/2025,TP01/25-001,Nhập báo cáo dệt ngày 02/01/2025,PHE-PHEDET,Phế liệu thu hồi khâu dệt,KCU001,KG,2,KG,2,0,0,1527,15414,CTY00001,,,,LSX11/24-029,Công đoạn dệt,VAICUON,,THACAVAI900100100125XXXX,,2109B
TP,02/01/2025,TP01/25-001,Nhập báo cáo dệt ngày 02/01/2025,PHE-PHEDET,Phế liệu thu hồi khâu dệt,KCU001,KG,5.5,KG,5.5,0,0,1527,15414,CTY00001,,,,LSX11/24-029,Công đoạn dệt,VAICUON,,THACAVAI900100100125XXXX,,2109B
TP,02/01/2025,TP01/25-001,Nhập báo cáo dệt ngày 02/01/2025,PHE-PHEDET,Phế liệu thu hồi khâu dệt,KCU001,KG,3,KG,3,0,0,1527,15414,CTY00001,,,,LSX12/24-046,Công đoạn dệt,VAICUON,,0119109032000000,,2109B
TP,02/01/2025,TP01/25-001,Nhập báo cáo dệt ngày 02/01/2025,PHE-PHEDET,Phế liệu thu hồi khâu dệt,KCU001,KG,7.5,KG,7.5,0,0,1527,15414,CTY00001,,,,LSX12/24-046,Công đoạn dệt,VAICUON,,0119109032000000,,2109B
TP,02/01/2025,TP01/25-001,Nhập báo cáo dệt ngày 02/01/2025,PHE-PHEDET,Phế liệu thu hồi khâu dệt,KCU001,KG,3,KG,3,0,0,1527,15414,CTY00001,,,,LSX12/24-079,Công đoạn dệt,VAICUON,,0102125012000000,,2109B
TP,02/01/2025,TP01/25-001,Nhập báo cáo dệt ngày 02/01/2025,PHE-PHEDET,Phế liệu thu hồi khâu dệt,KCU001,KG,7.5,KG,7.5,0,0,1527,15414,CTY00001,,,,LSX12/24-079,Công đoạn dệt,VAICUON,,0102125012000000,,2109B
TP,02/01/2025,TP01/25-001,Nhập báo cáo dệt ngày 02/01/2025,PHE-PHEDET,Phế liệu thu hồi khâu dệt,KCU001,KG,2,KG,2,0,0,1527,15414,CTY00001,,,,LSX10/24-072,Công đoạn dệt,VAICUON,,0119124004004000,,2109B
TP,02/01/2025,TP01/25-001,Nhập báo cáo dệt ngày 02/01/2025,PHE-PHEDET,Phế liệu thu hồi khâu dệt,KCU001,KG,6,KG,6,0,0,1527,15414,CTY00001,,,,LSX10/24-072,Công đoạn dệt,VAICUON,,0119124004004000,,2109B
TP,02/01/2025,TP01/25-001,Nhập báo cáo dệt ngày 02/01/2025,PHE-PHEDET,Phế liệu thu hồi khâu dệt,KCU001,KG,1,KG,1,0,0,1527,15414,CTY00001,,,,LSX12/24-020,Công đoạn dệt,VAICUON,,0102125059000000,,2109B
TP,02/01/2025,TP01/25-001,Nhập báo cáo dệt ngày 02/01/2025,PHE-PHEDET,Phế liệu thu hồi khâu dệt,KCU001,KG,3,KG,3,0,0,1527,15414,CTY00001,,,,LSX12/24-020,Công đoạn dệt,VAICUON,,0102125059000000,,2109B
TP,02/01/2025,TP01/25-001,Nhập báo cáo dệt ngày 02/01/2025,PHE-PHEDET,Phế liệu thu hồi khâu dệt,KCU001,KG,1,KG,1,0,0,1527,15414,CTY00001,,,,LSX01/25-017,Công đoạn dệt,VAICUON,,0102109008000000,,2109B
TP,02/01/2025,TP01/25-001,Nhập báo cáo dệt ngày 02/01/2025,PHE-PHEDET,Phế liệu thu hồi khâu dệt,KCU001,KG,2,KG,2,0,0,1527,15414,CTY00001,,,,LSX01/25-017,Công đoạn dệt,VAICUON,,0102109008000000,,2109B
TP,02/01/2025,TP01/25-001,Nhập báo cáo dệt ngày 02/01/2025,PHE-PHEDET,Phế liệu thu hồi khâu dệt,KCU001,KG,1.6,KG,1.6,0,0,1527,15414,CTY00001,,,,LSX12/24-035,Công đoạn dệt,VAICUON,,TPH055090G158TDLU.LT1102,,2109B
TP,02/01/2025,TP01/25-001,Nhập báo cáo dệt ngày 02/01/2025,PHE-PHEDET,Phế liệu thu hồi khâu dệt,KCU001,KG,2,KG,2,0,0,1527,15414,CTY00001,,,,LSX12/24-030,Công đoạn dệt,VAICUON,,TPH050076TDSAR.BLHOCK,,2109B
TP,02/01/2025,TP01/25-001,Nhập báo cáo dệt ngày 02/01/2025,PHE-PHEDET,Phế liệu thu hồi khâu dệt,KCU001,KG,5.5,KG,5.5,0,0,1527,15414,CTY00001,,,,LSX12/24-030,Công đoạn dệt,VAICUON,,TPH050076TDSAR.BLHOCK,,2109B
TP,02/01/2025,TP01/25-001,Nhập báo cáo dệt ngày 02/01/2025,PHE-PHEDET,Phế liệu thu hồi khâu dệt,KCU001,KG,1.8,KG,1.8,0,0,1527,15414,CTY00001,,,,LSX12/24-063,Công đoạn dệt,VAICUON,,TPH060096G180TTKCP.TONG,,2109B
TP,02/01/2025,TP01/25-001,Nhập báo cáo dệt ngày 02/01/2025,PHE-PHEDET,Phế liệu thu hồi khâu dệt,KCU001,KG,2,KG,2,0,0,1527,15414,CTY00001,,,,LSX12/24-063,Công đoạn dệt,VAICUON,,TPH060096G180TTKCP.TONG,,2109B
TP,02/01/2025,TP01/25-001,Nhập báo cáo dệt ngày 02/01/2025,PHE-PHEDET,Phế liệu thu hồi khâu dệt,KCU001,KG,1.8,KG,1.8,0,0,1527,15414,CTY00001,,,,LSX12/24-045,Công đoạn dệt,VAICUON,,0102125017000000,,2109B
TP,02/01/2025,TP01/25-001,Nhập báo cáo dệt ngày 02/01/2025,PHE-PHEDET,Phế liệu thu hồi khâu dệt,KCU001,KG,2.6,KG,2.6,0,0,1527,15414,CTY00001,,,,LSX12/24-046,Công đoạn dệt,VAICUON,,0119109032000000,,2109B
TP,02/01/2025,TP01/25-001,Nhập báo cáo dệt ngày 02/01/2025,PHE-PHEDET,Phế liệu thu hồi khâu dệt,KCU001,KG,5,KG,5,0,0,1527,15414,CTY00001,,,,LSX12/24-046,Công đoạn dệt,VAICUON,,0119109032000000,,2109B
TP,02/01/2025,TP01/25-001,Nhập báo cáo dệt ngày 02/01/2025,PHE-PHEDET,Phế liệu thu hồi khâu dệt,KCU001,KG,1,KG,1,0,0,1527,15414,CTY00001,,,,LSX12/24-045,Công đoạn dệt,VAICUON,,0102125017000000,,2109B
TP,02/01/2025,TP01/25-001,Nhập báo cáo dệt ngày 02/01/2025,PHE-PHEDET,Phế liệu thu hồi khâu dệt,KCU001,KG,2.8,KG,2.8,0,0,1527,15414,CTY00001,,,,LSX12/24-045,Công đoạn dệt,VAICUON,,0102125017000000,,2109B
TP,02/01/2025,TP01/25-001,Nhập báo cáo dệt ngày 02/01/2025,PHE-PHEDET,Phế liệu thu hồi khâu dệt,KCU001,KG,2.4,KG,2.4,0,0,1527,15414,CTY00001,,,,LSX12/24-045,Công đoạn dệt,VAICUON,,0102125017000000,,2109B
TP,02/01/2025,TP01/25-001,Nhập báo cáo dệt ngày 02/01/2025,PHE-PHEDET,Phế liệu thu hồi khâu dệt,KCU001,KG,0.5,KG,0.5,0,0,1527,15414,CTY00001,,,,LSX12/24-069,Công đoạn dệt,VAICUON,,TPH055090G108TDLU.XXX,,2109B
TP,02/01/2025,TP01/25-001,Nhập báo cáo dệt ngày 02/01/2025,PHE-PHEDET,Phế liệu thu hồi khâu dệt,KCU001,KG,1.5,KG,1.5,0,0,1527,15414,CTY00001,,,,LSX12/24-069,Công đoạn dệt,VAICUON,,TPH055090G108TDLU.XXX,,2109B
TP,02/01/2025,TP01/25-001,Nhập báo cáo dệt ngày 02/01/2025,PHE-PHEDET,Phế liệu thu hồi khâu dệt,KCU001,KG,1.6,KG,1.6,0,0,1527,15414,CTY00001,,,,LSX12/24-069,Công đoạn dệt,VAICUON,,TPH055090G108TDLU.XXX,,2109B
TP,02/01/2025,TP01/25-001,Nhập báo cáo dệt ngày 02/01/2025,PHE-PHEDET,Phế liệu thu hồi khâu dệt,KCU001,KG,5,KG,5,0,0,1527,15414,CTY00001,,,,LSX12/24-069,Công đoạn dệt,VAICUON,,TPH055090G108TDLU.XXX,,2109B
TP,02/01/2025,TP01/25-001,Nhập báo cáo dệt ngày 02/01/2025,PHE-PHEDET,Phế liệu thu hồi khâu dệt,KCU001,KG,1,KG,1,0,0,1527,15414,CTY00001,,,,LSX12/24-077,Công đoạn dệt,VAICUON,,01JBO-TU001-06-0001,,2109B
TP,02/01/2025,TP01/25-001,Nhập báo cáo dệt ngày 02/01/2025,PHE-PHEDET,Phế liệu thu hồi khâu dệt,KCU001,KG,5,KG,5,0,0,1527,15414,CTY00001,,,,LSX12/24-077,Công đoạn dệt,VAICUON,,01JBO-TU001-06-0001,,2109B
TP,02/01/2025,TP01/25-001,Nhập báo cáo dệt ngày 02/01/2025,PHE-PHEDET,Phế liệu thu hồi khâu dệt,KCU001,KG,2.5,KG,2.5,0,0,1527,15414,CTY00001,,,,LSX12/24-062,Công đoạn dệt,VAICUON,,THADGTAU127080080078TRDU,,2109B
TP,02/01/2025,TP01/25-001,Nhập báo cáo dệt ngày 02/01/2025,PHE-PHEDET,Phế liệu thu hồi khâu dệt,KCU001,KG,6,KG,6,0,0,1527,15414,CTY00001,,,,LSX12/24-062,Công đoạn dệt,VAICUON,,THADGTAU127080080078TRDU,,2109B
TP,02/01/2025,TP01/25-001,Nhập báo cáo dệt ngày 02/01/2025,PHE-PHEDET,Phế liệu thu hồi khâu dệt,KCU001,KG,1.5,KG,1.5,0,0,1527,15414,CTY00001,,,,LSX01/25-009,Công đoạn dệt,VAICUON,,THADGTAU127080080078TRDU,,2109B
TP,02/01/2025,TP01/25-001,Nhập báo cáo dệt ngày 02/01/2025,PHE-PHEDET,Phế liệu thu hồi khâu dệt,KCU001,KG,3.5,KG,3.5,0,0,1527,15414,CTY00001,,,,LSX01/25-009,Công đoạn dệt,VAICUON,,THADGTAU127080080078TRDU,,2109B
TP,02/01/2025,TP01/25-001,Nhập báo cáo dệt ngày 02/01/2025,PHE-PHEDET,Phế liệu thu hồi khâu dệt,KCU001,KG,3,KG,3,0,0,1527,15414,CTY00001,,,,LSX01/25-009,Công đoạn dệt,VAICUON,,THADGTAU127080080078TRDU,,2109B
TP,02/01/2025,TP01/25-001,Nhập báo cáo dệt ngày 02/01/2025,PHE-PHEDET,Phế liệu thu hồi khâu dệt,KCU001,KG,9,KG,9,0,0,1527,15414,CTY00001,,,,LSX01/25-009,Công đoạn dệt,VAICUON,,THADGTAU127080080078TRDU,,2109B
TP,02/01/2025,TP01/25-001,Nhập báo cáo dệt ngày 02/01/2025,PHE-PHEDET,Phế liệu thu hồi khâu dệt,KCU001,KG,2,KG,2,0,0,1527,15414,CTY00001,,,,LSX01/25-009,Công đoạn dệt,VAICUON,,THADGTAU127080080078TRDU,,2109B
TP,02/01/2025,TP01/25-001,Nhập báo cáo dệt ngày 02/01/2025,PHE-PHEDET,Phế liệu thu hồi khâu dệt,KCU001,KG,4.4,KG,4.4,0,0,1527,15414,CTY00001,,,,LSX01/25-009,Công đoạn dệt,VAICUON,,THADGTAU127080080078TRDU,,2109B
TP,02/01/2025,TP01/25-001,Nhập báo cáo dệt ngày 02/01/2025,PHE-PHEDET,Phế liệu thu hồi khâu dệt,KCU001,KG,1,KG,1,0,0,1527,15414,CTY00001,,,,LSX01/25-017,Công đoạn dệt,VAICUON,,0102109008000000,,2109B
TP,02/01/2025,TP01/25-001,Nhập báo cáo dệt ngày 02/01/2025,PHE-PHEDET,Phế liệu thu hồi khâu dệt,KCU001,KG,4.2,KG,4.2,0,0,1527,15414,CTY00001,,,,LSX01/25-017,Công đoạn dệt,VAICUON,,0102109008000000,,2109B
TP,02/01/2025,TP01/25-001,Nhập báo cáo dệt ngày 02/01/2025,PHE-PHEDET,Phế liệu thu hồi khâu dệt,KCU001,KG,2,KG,2,0,0,1527,15414,CTY00001,,,,LSX12/24-046,Công đoạn dệt,VAICUON,,0119109032000000,,2109B
TP,02/01/2025,TP01/25-001,Nhập báo cáo dệt ngày 02/01/2025,PHE-PHEDET,Phế liệu thu hồi khâu dệt,KCU001,KG,3.6,KG,3.6,0,0,1527,15414,CTY00001,,,,LSX12/24-046,Công đoạn dệt,VAICUON,,0119109032000000,,2109B
TP,02/01/2025,TP01/25-001,Nhập báo cáo dệt ngày 02/01/2025,PHE-PHEDET,Phế liệu thu hồi khâu dệt,KCU001,KG,1.4,KG,1.4,0,0,1527,15414,CTY00001,,,,LSX12/24-081,Công đoạn dệt,VAICUON,,0102125009000000,,2109B
TP,02/01/2025,TP01/25-001,Nhập báo cáo dệt ngày 02/01/2025,PHE-PHEDET,Phế liệu thu hồi khâu dệt,KCU001,KG,4.2,KG,4.2,0,0,1527,15414,CTY00001,,,,LSX12/24-081,Công đoạn dệt,VAICUON,,0102125009000000,,2109B
TP,02/01/2025,TP01/25-001,Nhập báo cáo dệt ngày 02/01/2025,PHE-PHEDET,Phế liệu thu hồi khâu dệt,KCU001,KG,2,KG,2,0,0,1527,15414,CTY00001,,,,LSX01/25-017,Công đoạn dệt,VAICUON,,0102109008000000,,2109B
TP,02/01/2025,TP01/25-001,Nhập báo cáo dệt ngày 02/01/2025,PHE-PHEDET,Phế liệu thu hồi khâu dệt,KCU001,KG,3,KG,3,0,0,1527,15414,CTY00001,,,,LSX01/25-017,Công đoạn dệt,VAICUON,,0102109008000000,,2109B
TP,02/01/2025,TP01/25-001,Nhập báo cáo dệt ngày 02/01/2025,PHE-PHEDET,Phế liệu thu hồi khâu dệt,KCU001,KG,1,KG,1,0,0,1527,15414,CTY00001,,,,LSX12/24-079,Công đoạn dệt,VAICUON,,0102125012000000,,2109B
TP,02/01/2025,TP01/25-001,Nhập báo cáo dệt ngày 02/01/2025,PHE-PHEDET,Phế liệu thu hồi khâu dệt,KCU001,KG,4,KG,4,0,0,1527,15414,CTY00001,,,,LSX12/24-079,Công đoạn dệt,VAICUON,,0102125012000000,,2109B
TP,02/01/2025,TP01/25-001,Nhập báo cáo dệt ngày 02/01/2025,PHE-PHEDET,Phế liệu thu hồi khâu dệt,KCU001,KG,1,KG,1,0,0,1527,15414,CTY00001,,,,LSX11/24-061,Công đoạn dệt,VAICUON,,HAPSAN585099TRTR,,2109B
TP,02/01/2025,TP01/25-001,Nhập báo cáo dệt ngày 02/01/2025,PHE-PHEDET,Phế liệu thu hồi khâu dệt,KCU001,KG,3,KG,3,0,0,1527,15414,CTY00001,,,,LSX11/24-061,Công đoạn dệt,VAICUON,,HAPSAN585099TRTR,,2109B
TP,02/01/2025,TP01/25-001,Nhập báo cáo dệt ngày 02/01/2025,PHE-PHEDET,Phế liệu thu hồi khâu dệt,KCU001,KG,1,KG,1,0,0,1527,15414,CTY00001,,,,LSX12/24-087,Công đoạn dệt,VAICUON,,TPH043065G052CAMSGX.A01,,2109B
TP,02/01/2025,TP01/25-001,Nhập báo cáo dệt ngày 02/01/2025,PHE-PHEDET,Phế liệu thu hồi khâu dệt,KCU001,KG,1,KG,1,0,0,1527,15414,CTY00001,,,,LSX09/24-049,Công đoạn dệt,VAICUON,,0102123056000000,,2109B
TP,02/01/2025,TP01/25-001,Nhập báo cáo dệt ngày 02/01/2025,PHE-PHEDET,Phế liệu thu hồi khâu dệt,KCU001,KG,2,KG,2,0,0,1527,15414,CTY00001,,,,LSX09/24-049,Công đoạn dệt,VAICUON,,0102123056000000,,2109B
TP,02/01/2025,TP01/25-001,Nhập báo cáo dệt ngày 02/01/2025,PHE-PHEDET,Phế liệu thu hồi khâu dệt,KCU001,KG,2,KG,2,0,0,1527,15414,CTY00001,,,,LSX12/24-047,Công đoạn dệt,VAICUON,,0119132018001000,,2109B
TP,02/01/2025,TP01/25-001,Nhập báo cáo dệt ngày 02/01/2025,PHE-PHEDET,Phế liệu thu hồi khâu dệt,KCU001,KG,1.8,KG,1.8,0,0,1527,15414,CTY00001,,,,LSX12/24-049,Công đoạn dệt,VAICUON,,01JBO-4P009-01-0000,,2109B
TP,02/01/2025,TP01/25-001,Nhập báo cáo dệt ngày 02/01/2025,PHE-PHEDET,Phế liệu thu hồi khâu dệt,KCU001,KG,3,KG,3,0,0,1527,15414,CTY00001,,,,LSX12/24-049,Công đoạn dệt,VAICUON,,01JBO-4P009-01-0000,,2109B
TP,02/01/2025,TP01/25-001,Nhập báo cáo dệt ngày 02/01/2025,PHE-PHEDET,Phế liệu thu hồi khâu dệt,KCU001,KG,1,KG,1,0,0,1527,15414,CTY00001,,,,LSX12/24-059,Công đoạn dệt,VAICUON,,0119132005002000,,2109B
TP,02/01/2025,TP01/25-001,Nhập báo cáo dệt ngày 02/01/2025,PHE-PHEDET,Phế liệu thu hồi khâu dệt,KCU001,KG,3.2,KG,3.2,0,0,1527,15414,CTY00001,,,,LSX12/24-059,Công đoạn dệt,VAICUON,,0119132005002000,,2109B
TP,02/01/2025,TP01/25-001,Nhập báo cáo dệt ngày 02/01/2025,PHE-PHEDET,Phế liệu thu hồi khâu dệt,KCU001,KG,3,KG,3,0,0,1527,15414,CTY00001,,,,LSX12/24-059,Công đoạn dệt,VAICUON,,0119132005002000,,2109B
TP,02/01/2025,TP01/25-001,Nhập báo cáo dệt ngày 02/01/2025,PHE-PHEDET,Phế liệu thu hồi khâu dệt,KCU001,KG,1.4,KG,1.4,0,0,1527,15414,CTY00001,,,,LSX12/24-047,Công đoạn dệt,VAICUON,,0119132018001000,,2109B
TP,02/01/2025,TP01/25-001,Nhập báo cáo dệt ngày 02/01/2025,PHE-PHEDET,Phế liệu thu hồi khâu dệt,KCU001,KG,3,KG,3,0,0,1527,15414,CTY00001,,,,LSX12/24-047,Công đoạn dệt,VAICUON,,0119132018001000,,2109B
TP,02/01/2025,TP01/25-001,Nhập báo cáo dệt ngày 02/01/2025,PHE-PHEDET,Phế liệu thu hồi khâu dệt,KCU001,KG,0.5,KG,0.5,0,0,1527,15414,CTY00001,,,,LSX01/25-017,Công đoạn dệt,VAICUON,,0102109008000000,,2109B
TP,02/01/2025,TP01/25-001,Nhập báo cáo dệt ngày 02/01/2025,PHE-PHEDET,Phế liệu thu hồi khâu dệt,KCU001,KG,2,KG,2,0,0,1527,15414,CTY00001,,,,LSX01/25-017,Công đoạn dệt,VAICUON,,0102109008000000,,2109B
TP,02/01/2025,TP01/25-001,Nhập báo cáo dệt ngày 02/01/2025,PHE-PHEDET,Phế liệu thu hồi khâu dệt,KCU001,KG,1,KG,1,0,0,1527,15414,CTY00001,,,,LSX12/24-046,Công đoạn dệt,VAICUON,,0119109032000000,,2109B
TP,02/01/2025,TP01/25-001,Nhập báo cáo dệt ngày 02/01/2025,PHE-PHEDET,Phế liệu thu hồi khâu dệt,KCU001,KG,1.5,KG,1.5,0,0,1527,15414,CTY00001,,,,LSX12/24-046,Công đoạn dệt,VAICUON,,0119109032000000,,2109B
TP,02/01/2025,TP01/25-001,Nhập báo cáo dệt ngày 02/01/2025,PHE-PHEDET,Phế liệu thu hồi khâu dệt,KCU001,KG,1.5,KG,1.5,0,0,1527,15414,CTY00001,,,,LSX12/24-086,Công đoạn dệt,VAICUON,,TPH066XXXTDMFM.850D,,2109B
TP,02/01/2025,TP01/25-001,Nhập báo cáo dệt ngày 02/01/2025,PHE-PHEDET,Phế liệu thu hồi khâu dệt,KCU001,KG,4,KG,4,0,0,1527,15414,CTY00001,,,,LSX12/24-086,Công đoạn dệt,VAICUON,,TPH066XXXTDMFM.850D,,2109B
TP,02/01/2025,TP01/25-001,Nhập báo cáo dệt ngày 02/01/2025,PHE-PHEDET,Phế liệu thu hồi khâu dệt,KCU001,KG,1.5,KG,1.5,0,0,1527,15414,CTY00001,,,,LSX01/25-017,Công đoạn dệt,VAICUON,,0102109008000000,,2109B
TP,02/01/2025,TP01/25-001,Nhập báo cáo dệt ngày 02/01/2025,PHE-PHEDET,Phế liệu thu hồi khâu dệt,KCU001,KG,2,KG,2,0,0,1527,15414,CTY00001,,,,LSX01/25-017,Công đoạn dệt,VAICUON,,0102109008000000,,2109B
TP,02/01/2025,TP01/25-001,Nhập báo cáo dệt ngày 02/01/2025,PHE-PHEDET,Phế liệu thu hồi khâu dệt,KCU001,KG,0.5,KG,0.5,0,0,1527,15414,CTY00001,,,,LSX12/24-079,Công đoạn dệt,VAICUON,,0102125012000000,,2109B
TP,02/01/2025,TP01/25-001,Nhập báo cáo dệt ngày 02/01/2025,PHE-PHEDET,Phế liệu thu hồi khâu dệt,KCU001,KG,1.5,KG,1.5,0,0,1527,15414,CTY00001,,,,LSX12/24-079,Công đoạn dệt,VAICUON,,0102125012000000,,2109B
TP,02/01/2025,TP01/25-001,Nhập báo cáo dệt ngày 02/01/2025,PHE-PHEDET,Phế liệu thu hồi khâu dệt,KCU001,KG,0.5,KG,0.5,0,0,1527,15414,CTY00001,,,,LSX11/24-061,Công đoạn dệt,VAICUON,,HAPSAN585099TRTR,,2109B
TP,02/01/2025,TP01/25-001,Nhập báo cáo dệt ngày 02/01/2025,PHE-PHEDET,Phế liệu thu hồi khâu dệt,KCU001,KG,2,KG,2,0,0,1527,15414,CTY00001,,,,LSX11/24-061,Công đoạn dệt,VAICUON,,HAPSAN585099TRTR,,2109B
TP,02/01/2025,TP01/25-001,Nhập báo cáo dệt ngày 02/01/2025,PHE-PHEDET,Phế liệu thu hồi khâu dệt,KCU001,KG,1,KG,1,0,0,1527,15414,CTY00001,,,,LSX11/24-061,Công đoạn dệt,VAICUON,,HAPSAN585099TRTR,,2109B
TP,02/01/2025,TP01/25-001,Nhập báo cáo dệt ngày 02/01/2025,PHE-PHEDET,Phế liệu thu hồi khâu dệt,KCU001,KG,1,KG,1,0,0,1527,15414,CTY00001,,,,LSX12/24-047,Công đoạn dệt,VAICUON,,0119132018001000,,2109B
TP,02/01/2025,TP01/25-001,Nhập báo cáo dệt ngày 02/01/2025,PHE-PHEDET,Phế liệu thu hồi khâu dệt,KCU001,KG,2,KG,2,0,0,1527,15414,CTY00001,,,,LSX12/24-047,Công đoạn dệt,VAICUON,,0119132018001000,,2109B
TP,02/01/2025,TP01/25-001,Nhập báo cáo dệt ngày 02/01/2025,PHE-PHEDET,Phế liệu thu hồi khâu dệt,KCU001,KG,2.5,KG,2.5,0,0,1527,15414,CTY00001,,,,LSX12/24-047,Công đoạn dệt,VAICUON,,0119132018001000,,2109B
TP,02/01/2025,TP01/25-001,Nhập báo cáo dệt ngày 02/01/2025,PHE-PHEDET,Phế liệu thu hồi khâu dệt,KCU001,KG,1,KG,1,0,0,1527,15414,CTY00001,,,,LSX12/24-059,Công đoạn dệt,VAICUON,,0119132005002000,,2109B
TP,02/01/2025,TP01/25-001,Nhập báo cáo dệt ngày 02/01/2025,PHE-PHEDET,Phế liệu thu hồi khâu dệt,KCU001,KG,3,KG,3,0,0,1527,15414,CTY00001,,,,LSX12/24-059,Công đoạn dệt,VAICUON,,0119132005002000,,2109B
TP,02/01/2025,TP01/25-001,Nhập báo cáo dệt ngày 02/01/2025,PHE-PHEDET,Phế liệu thu hồi khâu dệt,KCU001,KG,2.5,KG,2.5,0,0,1527,15414,CTY00001,,,,LSX12/24-059,Công đoạn dệt,VAICUON,,0119132005002000,,2109B
TP,02/01/2025,TP01/25-001,Nhập báo cáo dệt ngày 02/01/2025,PHE-PHEDET,Phế liệu thu hồi khâu dệt,KCU001,KG,1.5,KG,1.5,0,0,1527,15414,CTY00001,,,,LSX12/24-047,Công đoạn dệt,VAICUON,,0119132018001000,,2109B
TP,02/01/2025,TP01/25-001,Nhập báo cáo dệt ngày 02/01/2025,PHE-PHEDET,Phế liệu thu hồi khâu dệt,KCU001,KG,3,KG,3,0,0,1527,15414,CTY00001,,,,LSX12/24-047,Công đoạn dệt,VAICUON,,0119132018001000,,2109B
TP,02/01/2025,TP01/25-001,Nhập báo cáo dệt ngày 02/01/2025,PHE-PHEDET,Phế liệu thu hồi khâu dệt,KCU001,KG,2,KG,2,0,0,1527,15414,CTY00001,,,,LSX12/24-063,Công đoạn dệt,VAICUON,,TPH060096G180TTKCP.TONG,,2109B
TP,02/01/2025,TP01/25-001,Nhập báo cáo dệt ngày 02/01/2025,PHE-PHEDET,Phế liệu thu hồi khâu dệt,KCU001,KG,4,KG,4,0,0,1527,15414,CTY00001,,,,LSX12/24-063,Công đoạn dệt,VAICUON,,TPH060096G180TTKCP.TONG,,2109B
TP,02/01/2025,TP01/25-001,Nhập báo cáo dệt ngày 02/01/2025,PHE-PHEDET,Phế liệu thu hồi khâu dệt,KCU001,KG,3,KG,3,0,0,1527,15414,CTY00001,,,,LSX12/24-063,Công đoạn dệt,VAICUON,,TPH060096G180TTKCP.TONG,,2109B
TP,02/01/2025,TP01/25-001,Nhập báo cáo dệt ngày 02/01/2025,PHE-PHEDET,Phế liệu thu hồi khâu dệt,KCU001,KG,1.4,KG,1.4,0,0,1527,15414,CTY00001,,,,LSX12/24-063,Công đoạn dệt,VAICUON,,TPH060096G180TTKCP.TONG,,2109B
TP,02/01/2025,TP01/25-001,Nhập báo cáo dệt ngày 02/01/2025,PHE-PHEDET,Phế liệu thu hồi khâu dệt,KCU001,KG,4,KG,4,0,0,1527,15414,CTY00001,,,,LSX12/24-063,Công đoạn dệt,VAICUON,,TPH060096G180TTKCP.TONG,,2109B
TP,02/01/2025,TP01/25-001,Nhập báo cáo dệt ngày 02/01/2025,PHE-PHEDET,Phế liệu thu hồi khâu dệt,KCU001,KG,2,KG,2,0,0,1527,15414,CTY00001,,,,LSX12/24-064,Công đoạn dệt,VAICUON,,HAPHAL057115TRDU,,2109B
TP,02/01/2025,TP01/25-001,Nhập báo cáo dệt ngày 02/01/2025,PHE-PHEDET,Phế liệu thu hồi khâu dệt,KCU001,KG,3,KG,3,0,0,1527,15414,CTY00001,,,,LSX12/24-064,Công đoạn dệt,VAICUON,,HAPHAL057115TRDU,,2109B
TP,02/01/2025,TP01/25-001,Nhập báo cáo dệt ngày 02/01/2025,PHE-PHEDET,Phế liệu thu hồi khâu dệt,KCU001,KG,2,KG,2,0,0,1527,15414,CTY00001,,,,LSX12/24-079,Công đoạn dệt,VAICUON,,0102125012000000,,2109B
TP,02/01/2025,TP01/25-001,Nhập báo cáo dệt ngày 02/01/2025,PHE-PHEDET,Phế liệu thu hồi khâu dệt,KCU001,KG,4,KG,4,0,0,1527,15414,CTY00001,,,,LSX12/24-079,Công đoạn dệt,VAICUON,,0102125012000000,,2109B
TP,02/01/2025,TP01/25-001,Nhập báo cáo dệt ngày 02/01/2025,PHE-PHEDET,Phế liệu thu hồi khâu dệt,KCU001,KG,1,KG,1,0,0,1527,15414,CTY00001,,,,LSX12/24-079,Công đoạn dệt,VAICUON,,0102125012000000,,2109B
TP,02/01/2025,TP01/25-001,Nhập báo cáo dệt ngày 02/01/2025,PHE-PHEDET,Phế liệu thu hồi khâu dệt,KCU001,KG,3.8,KG,3.8,0,0,1527,15414,CTY00001,,,,LSX12/24-079,Công đoạn dệt,VAICUON,,0102125012000000,,2109B
TP,02/01/2025,TP01/25-001,Nhập báo cáo dệt ngày 02/01/2025,PHE-PHEDET,Phế liệu thu hồi khâu dệt,KCU001,KG,1,KG,1,0,0,1527,15414,CTY00001,,,,LSX12/24-063,Công đoạn dệt,VAICUON,,TPH060096G180TTKCP.TONG,,2109B
TP,02/01/2025,TP01/25-001,Nhập báo cáo dệt ngày 02/01/2025,PHE-PHEDET,Phế liệu thu hồi khâu dệt,KCU001,KG,6,KG,6,0,0,1527,15414,CTY00001,,,,LSX12/24-063,Công đoạn dệt,VAICUON,,TPH060096G180TTKCP.TONG,,2109B
TP,02/01/2025,TP01/25-001,Nhập báo cáo dệt ngày 02/01/2025,PHE-PHEDET,Phế liệu thu hồi khâu dệt,KCU001,KG,2,KG,2,0,0,1527,15414,CTY00001,,,,LSX12/24-063,Công đoạn dệt,VAICUON,,TPH060096G180TTKCP.TONG,,2109B
TP,02/01/2025,TP01/25-001,Nhập báo cáo dệt ngày 02/01/2025,PHE-PHEDET,Phế liệu thu hồi khâu dệt,KCU001,KG,4,KG,4,0,0,1527,15414,CTY00001,,,,LSX12/24-063,Công đoạn dệt,VAICUON,,TPH060096G180TTKCP.TONG,,2109B
TP,02/01/2025,TP01/25-001,Nhập báo cáo dệt ngày 02/01/2025,PHE-PHEDET,Phế liệu thu hồi khâu dệt,KCU001,KG,1,KG,1,0,0,1527,15414,CTY00001,,,,LSX12/24-064,Công đoạn dệt,VAICUON,,HAPHAL057115TRDU,,2109B
TP,02/01/2025,TP01/25-001,Nhập báo cáo dệt ngày 02/01/2025,PHE-PHEDET,Phế liệu thu hồi khâu dệt,KCU001,KG,2.5,KG,2.5,0,0,1527,15414,CTY00001,,,,LSX12/24-064,Công đoạn dệt,VAICUON,,HAPHAL057115TRDU,,2109B
TP,02/01/2025,TP01/25-001,Nhập báo cáo dệt ngày 02/01/2025,PHE-PHEDET,Phế liệu thu hồi khâu dệt,KCU001,KG,1,KG,1,0,0,1527,15414,CTY00001,,,,LSX12/24-086,Công đoạn dệt,VAICUON,,TPH066XXXTDMFM.850D,,2109B
TP,02/01/2025,TP01/25-001,Nhập báo cáo dệt ngày 02/01/2025,PHE-PHEDET,Phế liệu thu hồi khâu dệt,KCU001,KG,4,KG,4,0,0,1527,15414,CTY00001,,,,LSX12/24-086,Công đoạn dệt,VAICUON,,TPH066XXXTDMFM.850D,,2109B
TP,02/01/2025,TP01/25-001,Nhập báo cáo dệt ngày 02/01/2025,PHE-PHEDET,Phế liệu thu hồi khâu dệt,KCU001,KG,1,KG,1,0,0,1527,15414,CTY00001,,,,LSX12/24-079,Công đoạn dệt,VAICUON,,0102125012000000,,2109B
TP,02/01/2025,TP01/25-001,Nhập báo cáo dệt ngày 02/01/2025,PHE-PHEDET,Phế liệu thu hồi khâu dệt,KCU001,KG,4,KG,4,0,0,1527,15414,CTY00001,,,,LSX12/24-079,Công đoạn dệt,VAICUON,,0102125012000000,,2109B
TP,02/01/2025,TP01/25-002,Nhập báo cáo dệt ngày 02/01/2025,0102107006000000,"Vải manh cuộn PP, trắng đục, K119cm, MĐ: 7x7, 900D, caro láng, TL: 68.0g/m. [5000m/cuộn]/THACUECL119070070068TRDU",KCU001,M,339.5,KG,5100,0,0,15514,15414,CTY00001,,,,LSX12/24-058,Công đoạn dệt,VAICUON,,0102107006000000,,2155
TP,02/01/2025,TP01/25-002,Nhập báo cáo dệt ngày 02/01/2025,0102107006000000,"Vải manh cuộn PP, trắng đục, K119cm, MĐ: 7x7, 900D, caro láng, TL: 68.0g/m. [5000m/cuộn]/THACUECL119070070068TRDU",KCU001,M,339,KG,5100,0,0,15514,15414,CTY00001,,,,LSX12/24-058,Công đoạn dệt,VAICUON,,0102107006000000,,2155
TP,02/01/2025,TP01/25-002,Nhập báo cáo dệt ngày 02/01/2025,0102109008000000,"Vải cuộn PP, trắng đục, K58.5cm, MĐ: 10.0x10.0, dệt xếp, TL: 82.0g/m./THACUHAL585100100082TRDU",KCU001,M,285,KG,3570,0,0,15514,15414,CTY00001,,,,LSX12/24-084,Công đoạn dệt,VAICUON,,0102109008000000,,2155
TP,02/01/2025,TP01/25-002,Nhập báo cáo dệt ngày 02/01/2025,0102109008000000,"Vải cuộn PP, trắng đục, K58.5cm, MĐ: 10.0x10.0, dệt xếp, TL: 82.0g/m./THACUHAL585100100082TRDU",KCU001,M,283,KG,3570,0,0,15514,15414,CTY00001,,,,LSX12/24-084,Công đoạn dệt,VAICUON,,0102109008000000,,2155
TP,02/01/2025,TP01/25-002,Nhập báo cáo dệt ngày 02/01/2025,0102109009000000,"Vải cuộn PP, trắng đục, K58.5cm, MĐ: 13.0x13.0, 900D, TL: 120.0g/m.THACUHAL585130130120TRDU",KCU001,M,286,KG,2550,0,0,15514,15414,CTY00001,,,,LSX12/24-054,Công đoạn dệt,VAICUON,,0102109009000000,,2155
TP,02/01/2025,TP01/25-002,Nhập báo cáo dệt ngày 02/01/2025,0102125009000000,"Vải cuộn PP, trắng đục, K51.0cm(+1/-0.2), MĐ: 10x12.5, TL: 86g/m(+1/-2). [Khi xuất hàng dán tem màu vàng]/THACUSAN510100125086TRDU",KCU001,M,264.5,KG,3090,0,0,15514,15414,CTY00001,,,,LSX11/24-088,Công đoạn dệt,VAICUON,,0102125009000000,,2155
TP,02/01/2025,TP01/25-002,Nhập báo cáo dệt ngày 02/01/2025,0102125012000000,"Vải cuộn PP, trắng đục, K56.0cm(+1/-0.5), MĐ: 10.0x9.0, TL: 78g/m (+1/-2). [3500m/cuộn]/THACUSAN560100009078TRDU",KCU001,M,270.2,KG,3535,0,0,15514,15414,CTY00001,,,,LSX12/24-079,Công đoạn dệt,VAICUON,,0102125012000000,,2155
TP,02/01/2025,TP01/25-002,Nhập báo cáo dệt ngày 02/01/2025,0102125012000000,"Vải cuộn PP, trắng đục, K56.0cm(+1/-0.5), MĐ: 10.0x9.0, TL: 78g/m (+1/-2). [3500m/cuộn]/THACUSAN560100009078TRDU",KCU001,M,273.2,KG,3535,0,0,15514,15414,CTY00001,,,,LSX12/24-079,Công đoạn dệt,VAICUON,,0102125012000000,,2155
TP,02/01/2025,TP01/25-002,Nhập báo cáo dệt ngày 02/01/2025,0102125012000000,"Vải cuộn PP, trắng đục, K56.0cm(+1/-0.5), MĐ: 10.0x9.0, TL: 78g/m (+1/-2). [3500m/cuộn]/THACUSAN560100009078TRDU",KCU001,M,279.2,KG,3570,0,0,15514,15414,CTY00001,,,,LSX12/24-079,Công đoạn dệt,VAICUON,,0102125012000000,,2155
TP,02/01/2025,TP01/25-002,Nhập báo cáo dệt ngày 02/01/2025,0102125012000000,"Vải cuộn PP, trắng đục, K56.0cm(+1/-0.5), MĐ: 10.0x9.0, TL: 78g/m (+1/-2). [3500m/cuộn]/THACUSAN560100009078TRDU",KCU001,M,270.7,KG,3535,0,0,15514,15414,CTY00001,,,,LSX12/24-079,Công đoạn dệt,VAICUON,,0102125012000000,,2155
TP,02/01/2025,TP01/25-002,Nhập báo cáo dệt ngày 02/01/2025,0102125012000000,"Vải cuộn PP, trắng đục, K56.0cm(+1/-0.5), MĐ: 10.0x9.0, TL: 78g/m (+1/-2). [3500m/cuộn]/THACUSAN560100009078TRDU",KCU001,M,274.2,KG,3547,0,0,15514,15414,CTY00001,,,,LSX12/24-079,Công đoạn dệt,VAICUON,,0102125012000000,,2155
TP,02/01/2025,TP01/25-002,Nhập báo cáo dệt ngày 02/01/2025,0102125012000000,"Vải cuộn PP, trắng đục, K56.0cm(+1/-0.5), MĐ: 10.0x9.0, TL: 78g/m (+1/-2). [3500m/cuộn]/THACUSAN560100009078TRDU",KCU001,M,265.2,KG,3535,0,0,15514,15414,CTY00001,,,,LSX12/24-079,Công đoạn dệt,VAICUON,,0102125012000000,,2155
TP,02/01/2025,TP01/25-002,Nhập báo cáo dệt ngày 02/01/2025,0102125017000000,"Vải cuộn PP, trắng đục, K58.5cm(+1/-0.5), MĐ: 10.0x9.0, TL: 81g/m(+/-2). [3500 m/cuộn]/THACUSAN585100009081TRDU",KCU001,M,280,KG,3538,0,0,15514,15414,CTY00001,,,,LSX12/24-045,Công đoạn dệt,VAICUON,,0102125017000000,,2155
TP,02/01/2025,TP01/25-002,Nhập báo cáo dệt ngày 02/01/2025,0102125017000000,"Vải cuộn PP, trắng đục, K58.5cm(+1/-0.5), MĐ: 10.0x9.0, TL: 81g/m(+/-2). [3500 m/cuộn]/THACUSAN585100009081TRDU",KCU001,M,285,KG,3535,0,0,15514,15414,CTY00001,,,,LSX12/24-045,Công đoạn dệt,VAICUON,,0102125017000000,,2155
TP,02/01/2025,TP01/25-002,Nhập báo cáo dệt ngày 02/01/2025,0102125017000000,"Vải cuộn PP, trắng đục, K58.5cm(+1/-0.5), MĐ: 10.0x9.0, TL: 81g/m(+/-2). [3500 m/cuộn]/THACUSAN585100009081TRDU",KCU001,M,291.5,KG,3535,0,0,15514,15414,CTY00001,,,,LSX12/24-045,Công đoạn dệt,VAICUON,,0102125017000000,,2155
TP,02/01/2025,TP01/25-002,Nhập báo cáo dệt ngày 02/01/2025,0102125051000000,"Vải cuộn PP, trắng đục, K73.5cm (+1/-0.5), MĐ: 10.0x11.0, TL: 118g/m (+/-2). [3000m/cuộn]/THACUSAN735100110118TRDU",KCU001,M,345,KG,3030,0,0,15514,15414,CTY00001,,,,LSX12/24-018,Công đoạn dệt,VAICUON,,0102125051000000,,2155
TP,02/01/2025,TP01/25-002,Nhập báo cáo dệt ngày 02/01/2025,0102125059000000,"Vải cuộn PP, trắng đục, K71cm (+1.5/-0), MĐ: 11.0x12.0, TL: 116.0g/m (+/-2.0). [2500m/cuộn] [Hooking]/THACUSAN710110120116TRDU",KCU001,M,290.5,KG,2550,0,0,15514,15414,CTY00001,,,,LSX12/24-020,Công đoạn dệt,VAICUON,,0102125059000000,,2155
TP,02/01/2025,TP01/25-002,Nhập báo cáo dệt ngày 02/01/2025,0102125059000000,"Vải cuộn PP, trắng đục, K71cm (+1.5/-0), MĐ: 11.0x12.0, TL: 116.0g/m (+/-2.0). [2500m/cuộn] [Hooking]/THACUSAN710110120116TRDU",KCU001,M,291.5,KG,2550,0,0,15514,15414,CTY00001,,,,LSX12/24-020,Công đoạn dệt,VAICUON,,0102125059000000,,2155
TP,02/01/2025,TP01/25-002,Nhập báo cáo dệt ngày 02/01/2025,0102125059000000,"Vải cuộn PP, trắng đục, K71cm (+1.5/-0), MĐ: 11.0x12.0, TL: 116.0g/m (+/-2.0). [2500m/cuộn] [Hooking]/THACUSAN710110120116TRDU",KCU001,M,292.5,KG,2550,0,0,15514,15414,CTY00001,,,,LSX12/24-020,Công đoạn dệt,VAICUON,,0102125059000000,,2155
TP,02/01/2025,TP01/25-002,Nhập báo cáo dệt ngày 02/01/2025,0102125064000000,"Vải cuộn PP, trắng đục, K58.5cm, MĐ: 11.0x11.0, TL: 96g/m. [Hooking]/THACUSAN585110110096TRDU [Kiểm soát trung bình 95 - 97.5g/m]",KCU001,M,290,KG,3030,0,0,15514,15414,CTY00001,,,,LSX12/24-008,Công đoạn dệt,VAICUON,,0102125064000000,,2155
TP,02/01/2025,TP01/25-002,Nhập báo cáo dệt ngày 02/01/2025,0102129003000000,"Vải manh PP, trắng đục, K127cm (Xẻ 2 hông thành 2 manh 127cm), MĐ: 7x7, TL: 76.0g/m. [4000 mét/cuộn]/THACUSMY127007007076TRDU",KCU001,M,310,KG,4050,0,0,15514,15414,CTY00001,,,,LSX12/24-055,Công đoạn dệt,VAICUON,,0102129003000000,,2155
TP,02/01/2025,TP01/25-002,Nhập báo cáo dệt ngày 02/01/2025,0102129003000000,"Vải manh PP, trắng đục, K127cm (Xẻ 2 hông thành 2 manh 127cm), MĐ: 7x7, TL: 76.0g/m. [4000 mét/cuộn]/THACUSMY127007007076TRDU",KCU001,M,304,KG,4050,0,0,15514,15414,CTY00001,,,,LSX12/24-055,Công đoạn dệt,VAICUON,,0102129003000000,,2155
TP,02/01/2025,TP01/25-002,Nhập báo cáo dệt ngày 02/01/2025,0102129003000000,"Vải manh PP, trắng đục, K127cm (Xẻ 2 hông thành 2 manh 127cm), MĐ: 7x7, TL: 76.0g/m. [4000 mét/cuộn]/THACUSMY127007007076TRDU",KCU001,M,304,KG,4040,0,0,15514,15414,CTY00001,,,,LSX12/24-055,Công đoạn dệt,VAICUON,,0102129003000000,,2155
TP,02/01/2025,TP01/25-002,Nhập báo cáo dệt ngày 02/01/2025,0102129003000000,"Vải manh PP, trắng đục, K127cm (Xẻ 2 hông thành 2 manh 127cm), MĐ: 7x7, TL: 76.0g/m. [4000 mét/cuộn]/THACUSMY127007007076TRDU",KCU001,M,305,KG,4040,0,0,15514,15414,CTY00001,,,,LSX12/24-055,Công đoạn dệt,VAICUON,,0102129003000000,,2155
TP,02/01/2025,TP01/25-002,Nhập báo cáo dệt ngày 02/01/2025,0119109032000000,"Vải cuộn PP, trắng đục, K56.0cm, MĐ: 10.0x10.0, TL: 78.0g/m. [810D]/THACUHAL560100100078TRDU",KCU001,M,277.2,KG,3570,0,0,15514,15414,CTY00001,,,,LSX12/24-046,Công đoạn dệt,VAICUON,,0119109032000000,,2155
TP,02/01/2025,TP01/25-002,Nhập báo cáo dệt ngày 02/01/2025,0119109032000000,"Vải cuộn PP, trắng đục, K56.0cm, MĐ: 10.0x10.0, TL: 78.0g/m. [810D]/THACUHAL560100100078TRDU",KCU001,M,45.2,KG,610,0,0,15514,15414,CTY00001,,,,LSX12/24-046,Công đoạn dệt,VAICUON,,0119109032000000,,2155
TP,02/01/2025,TP01/25-002,Nhập báo cáo dệt ngày 02/01/2025,0119109032000000,"Vải cuộn PP, trắng đục, K56.0cm, MĐ: 10.0x10.0, TL: 78.0g/m. [810D]/THACUHAL560100100078TRDU",KCU001,M,271.2,KG,3570,0,0,15514,15414,CTY00001,,,,LSX12/24-046,Công đoạn dệt,VAICUON,,0119109032000000,,2155
TP,02/01/2025,TP01/25-002,Nhập báo cáo dệt ngày 02/01/2025,0119109032000000,"Vải cuộn PP, trắng đục, K56.0cm, MĐ: 10.0x10.0, TL: 78.0g/m. [810D]/THACUHAL560100100078TRDU",KCU001,M,269.2,KG,3570,0,0,15514,15414,CTY00001,,,,LSX12/24-046,Công đoạn dệt,VAICUON,,0119109032000000,,2155
TP,02/01/2025,TP01/25-002,Nhập báo cáo dệt ngày 02/01/2025,0119109032000000,"Vải cuộn PP, trắng đục, K56.0cm, MĐ: 10.0x10.0, TL: 78.0g/m. [810D]/THACUHAL560100100078TRDU",KCU001,M,273.7,KG,3570,0,0,15514,15414,CTY00001,,,,LSX12/24-046,Công đoạn dệt,VAICUON,,0119109032000000,,2155
TP,02/01/2025,TP01/25-002,Nhập báo cáo dệt ngày 02/01/2025,0119109032000000,"Vải cuộn PP, trắng đục, K56.0cm, MĐ: 10.0x10.0, TL: 78.0g/m. [810D]/THACUHAL560100100078TRDU",KCU001,M,273.7,KG,3570,0,0,15514,15414,CTY00001,,,,LSX12/24-046,Công đoạn dệt,VAICUON,,0119109032000000,,2155
TP,02/01/2025,TP01/25-002,Nhập báo cáo dệt ngày 02/01/2025,0119109032000000,"Vải cuộn PP, trắng đục, K56.0cm, MĐ: 10.0x10.0, TL: 78.0g/m. [810D]/THACUHAL560100100078TRDU",KCU001,M,277.2,KG,3570,0,0,15514,15414,CTY00001,,,,LSX12/24-046,Công đoạn dệt,VAICUON,,0119109032000000,,2155
TP,02/01/2025,TP01/25-002,Nhập báo cáo dệt ngày 02/01/2025,0119109032000000,"Vải cuộn PP, trắng đục, K56.0cm, MĐ: 10.0x10.0, TL: 78.0g/m. [810D]/THACUHAL560100100078TRDU",KCU001,M,271.2,KG,3571,0,0,15514,15414,CTY00001,,,,LSX12/24-046,Công đoạn dệt,VAICUON,,0119109032000000,,2155
TP,02/01/2025,TP01/25-002,Nhập báo cáo dệt ngày 02/01/2025,0119109032000000,"Vải cuộn PP, trắng đục, K56.0cm, MĐ: 10.0x10.0, TL: 78.0g/m. [810D]/THACUHAL560100100078TRDU",KCU001,M,266.7,KG,3570,0,0,15514,15414,CTY00001,,,,LSX12/24-046,Công đoạn dệt,VAICUON,,0119109032000000,,2155
TP,02/01/2025,TP01/25-002,Nhập báo cáo dệt ngày 02/01/2025,0119109032000000,"Vải cuộn PP, trắng đục, K56.0cm, MĐ: 10.0x10.0, TL: 78.0g/m. [810D]/THACUHAL560100100078TRDU",KCU001,M,277.2,KG,3570,0,0,15514,15414,CTY00001,,,,LSX12/24-046,Công đoạn dệt,VAICUON,,0119109032000000,,2155
TP,02/01/2025,TP01/25-002,Nhập báo cáo dệt ngày 02/01/2025,0119109032000000,"Vải cuộn PP, trắng đục, K56.0cm, MĐ: 10.0x10.0, TL: 78.0g/m. [810D]/THACUHAL560100100078TRDU",KCU001,M,264.2,KG,3570,0,0,15514,15414,CTY00001,,,,LSX12/24-046,Công đoạn dệt,VAICUON,,0119109032000000,,2155
TP,02/01/2025,TP01/25-002,Nhập báo cáo dệt ngày 02/01/2025,0119109032000000,"Vải cuộn PP, trắng đục, K56.0cm, MĐ: 10.0x10.0, TL: 78.0g/m. [810D]/THACUHAL560100100078TRDU",KCU001,M,270.7,KG,3546,0,0,15514,15414,CTY00001,,,,LSX12/24-046,Công đoạn dệt,VAICUON,,0119109032000000,,2155
TP,02/01/2025,TP01/25-002,Nhập báo cáo dệt ngày 02/01/2025,THACAHAW840100110115TRDU,"Cuộn PP, trắng đục, K84cm, MĐ: 10x11, TL: 115.3g/m.",KCU001,M,368,KG,3200,0,0,15514,15414,CTY00001,,,,LSX11/24-069,Công đoạn dệt,VAICUON,,0119111012017000,,2155
TP,02/01/2025,TP01/25-002,Nhập báo cáo dệt ngày 02/01/2025,THACAINT600105110111TRTA,"Cuộn PP, trắng tẩy, K60cm(+1/-0.5), MĐ:10.5x11.0, TL: 111g/m(+/-3).",KCU001,M,326.9,KG,3050,0,0,15514,15414,CTY00001,,,,LSX11/24-025,Công đoạn dệt,VAICUON,,IN060XXXTTINT.XXXXXXX,,2155
TP,02/01/2025,TP01/25-002,Nhập báo cáo dệt ngày 02/01/2025,THACAINT750100100099TRTA,"Vải cuộn PP, trắng tẩy, K75cm(+1/-0.5), MĐ: 10.0x10.0, TL: 99g/m(+/-3).",KCU001,M,345.5,KG,3570,0,0,15514,15414,CTY00001,,,,LSX11/24-058,Công đoạn dệt,VAICUON,,TPH075112G119TTINT.CAMI,,2155
TP,02/01/2025,TP01/25-002,Nhập báo cáo dệt ngày 02/01/2025,THACAINT750100100099TRTA,"Vải cuộn PP, trắng tẩy, K75cm(+1/-0.5), MĐ: 10.0x10.0, TL: 99g/m(+/-3).",KCU001,M,344.5,KG,3570,0,0,15514,15414,CTY00001,,,,LSX11/24-058,Công đoạn dệt,VAICUON,,TPH075112G119TTINT.CAMI,,2155
TP,02/01/2025,TP01/25-002,Nhập báo cáo dệt ngày 02/01/2025,THACAINT750100100099TRTA,"Vải cuộn PP, trắng tẩy, K75cm(+1/-0.5), MĐ: 10.0x10.0, TL: 99g/m(+/-3).",KCU001,M,349,KG,3570,0,0,15514,15414,CTY00001,,,,LSX11/24-058,Công đoạn dệt,VAICUON,,TPH075112G119TTINT.CAMI,,2155
TP,02/01/2025,TP01/25-002,Nhập báo cáo dệt ngày 02/01/2025,THACAKCP600102102128TRTA,"Cuộn PP, trắng tẩy, K60.0cm(+/-0.5), MĐ: 10.25x10.25, TL: 126.5g/m(cũ 128g/m). [2500(m/cuộn]",KCU001,M,316.9,KG,2529,0,0,15514,15414,CTY00001,,,,LSX12/24-063,Công đoạn dệt,VAICUON,,TPH060096G180TTKCP.TONG,,2155
TP,02/01/2025,TP01/25-002,Nhập báo cáo dệt ngày 02/01/2025,THACAKCP600102102128TRTA,"Cuộn PP, trắng tẩy, K60.0cm(+/-0.5), MĐ: 10.25x10.25, TL: 126.5g/m(cũ 128g/m). [2500(m/cuộn]",KCU001,M,316.9,KG,2504,0,0,15514,15414,CTY00001,,,,LSX12/24-063,Công đoạn dệt,VAICUON,,TPH060096G180TTKCP.TONG,,2155
TP,02/01/2025,TP01/25-002,Nhập báo cáo dệt ngày 02/01/2025,THACAKCP600102102128TRTA,"Cuộn PP, trắng tẩy, K60.0cm(+/-0.5), MĐ: 10.25x10.25, TL: 126.5g/m(cũ 128g/m). [2500(m/cuộn]",KCU001,M,308.9,KG,2460,0,0,15514,15414,CTY00001,,,,LSX12/24-063,Công đoạn dệt,VAICUON,,TPH060096G180TTKCP.TONG,,2155
TP,02/01/2025,TP01/25-002,Nhập báo cáo dệt ngày 02/01/2025,THACAKCP600102102128TRTA,"Cuộn PP, trắng tẩy, K60.0cm(+/-0.5), MĐ: 10.25x10.25, TL: 126.5g/m(cũ 128g/m). [2500(m/cuộn]",KCU001,M,316.9,KG,2536,0,0,15514,15414,CTY00001,,,,LSX12/24-063,Công đoạn dệt,VAICUON,,TPH060096G180TTKCP.TONG,,2155
TP,02/01/2025,TP01/25-002,Nhập báo cáo dệt ngày 02/01/2025,THACAKCP600102102128TRTA,"Cuộn PP, trắng tẩy, K60.0cm(+/-0.5), MĐ: 10.25x10.25, TL: 126.5g/m(cũ 128g/m). [2500(m/cuộn]",KCU001,M,314.4,KG,2511,0,0,15514,15414,CTY00001,,,,LSX12/24-063,Công đoạn dệt,VAICUON,,TPH060096G180TTKCP.TONG,,2155
TP,02/01/2025,TP01/25-002,Nhập báo cáo dệt ngày 02/01/2025,THACAKCP600102102128TRTA,"Cuộn PP, trắng tẩy, K60.0cm(+/-0.5), MĐ: 10.25x10.25, TL: 126.5g/m(cũ 128g/m). [2500(m/cuộn]",KCU001,M,312.4,KG,2502,0,0,15514,15414,CTY00001,,,,LSX12/24-063,Công đoạn dệt,VAICUON,,TPH060096G180TTKCP.TONG,,2155
TP,02/01/2025,TP01/25-002,Nhập báo cáo dệt ngày 02/01/2025,THACALUI055105125114TRDU,"Cuộn PP, màu trắng đuc, K55cm (+/-0.5), MĐ: 10.5x12.5, TL: 113.85g/m (103.5gsm).",KCU001,M,339.2,KG,2981,0,0,15514,15414,CTY00001,,,,LSX12/24-069,Công đoạn dệt,VAICUON,,TPH055090G108TDLU.XXX,,2155
TP,02/01/2025,TP01/25-002,Nhập báo cáo dệt ngày 02/01/2025,THACALUI055105125114TRDU,"Cuộn PP, màu trắng đuc, K55cm (+/-0.5), MĐ: 10.5x12.5, TL: 113.85g/m (103.5gsm).",KCU001,M,350.1,KG,2995,0,0,15514,15414,CTY00001,,,,LSX12/24-069,Công đoạn dệt,VAICUON,,TPH055090G108TDLU.XXX,,2155
TP,02/01/2025,TP01/25-002,Nhập báo cáo dệt ngày 02/01/2025,THACALUI055105125114TRDU,"Cuộn PP, màu trắng đuc, K55cm (+/-0.5), MĐ: 10.5x12.5, TL: 113.85g/m (103.5gsm).",KCU001,M,330.2,KG,2950,0,0,15514,15414,CTY00001,,,,LSX12/24-069,Công đoạn dệt,VAICUON,,TPH055090G108TDLU.XXX,,2155
TP,02/01/2025,TP01/25-002,Nhập báo cáo dệt ngày 02/01/2025,THACALUI055105125114TRDU,"Cuộn PP, màu trắng đuc, K55cm (+/-0.5), MĐ: 10.5x12.5, TL: 113.85g/m (103.5gsm).",KCU001,M,350.1,KG,3000,0,0,15514,15414,CTY00001,,,,LSX12/24-069,Công đoạn dệt,VAICUON,,TPH055090G108TDLU.XXX,,2155
TP,02/01/2025,TP01/25-002,Nhập báo cáo dệt ngày 02/01/2025,THACAMFM485100120089TRDU,"Cuộn PP, trắng đục, K48.5cm, MĐ: 10x12, TL: 89g/m.",KCU001,M,271.7,KG,3062,0,0,15514,15414,CTY00001,,,,LSX12/24-080,Công đoạn dệt,VAICUON,,TPH485XXXTDMFM.XXXX,,2155
TP,02/01/2025,TP01/25-002,Nhập báo cáo dệt ngày 02/01/2025,THACAMFM660110120110TRDU,"Vải cuộn PP, trắng đục, K66.0cm, MĐ: 11.0x12.0, TL: 110g/m. [MFM66, 850D]",KCU001,M,285.5,KG,2550,0,0,15514,15414,CTY00001,,,,LSX12/24-086,Công đoạn dệt,VAICUON,,TPH066XXXTDMFM.850D,,2155
TP,02/01/2025,TP01/25-002,Nhập báo cáo dệt ngày 02/01/2025,THACAMFM660110120110TRDU,"Vải cuộn PP, trắng đục, K66.0cm, MĐ: 11.0x12.0, TL: 110g/m. [MFM66, 850D]",KCU001,M,278.2,KG,2550,0,0,15514,15414,CTY00001,,,,LSX12/24-086,Công đoạn dệt,VAICUON,,TPH066XXXTDMFM.850D,,2155
TP,02/01/2025,TP01/25-002,Nhập báo cáo dệt ngày 02/01/2025,THACAMFM660110120110TRDU,"Vải cuộn PP, trắng đục, K66.0cm, MĐ: 11.0x12.0, TL: 110g/m. [MFM66, 850D]",KCU001,M,282.5,KG,2569,0,0,15514,15414,CTY00001,,,,LSX12/24-086,Công đoạn dệt,VAICUON,,TPH066XXXTDMFM.850D,,2155
TP,02/01/2025,TP01/25-002,Nhập báo cáo dệt ngày 02/01/2025,THACAPRE500102112084TRDU,"Cuộn PP, trắng đục, K50cm(+1/-0.5), MĐ: 10.2.0x11.2, TL: 84.5g/m",KCU001,M,251.2,KG,3040,0,0,15514,15414,CTY00001,,,,LSX11/24-013,Công đoạn dệt,VAICUON,,0119124001002000,,2155
TP,02/01/2025,TP01/25-002,Nhập báo cáo dệt ngày 02/01/2025,THACAPRE560100110084TRDU,"Cuộn PP, trắng đục, K56cm(+1/-0.5), MĐ: 10.0x11.0, TL: 84.5g/m.",KCU001,M,256.2,KG,3020,0,0,15515,15414,CTY00001,,,,LSX10/24-072,Công đoạn dệt,VAICUON,,0119124004004000,,2155
TP,02/01/2025,TP01/25-002,Nhập báo cáo dệt ngày 02/01/2025,THACAPRE710110110110TR50,"Cuộn PP, trắng đục, K71cm(+1/-0.5), MĐ: 11.0x11.0, TL: 110g/m(+/-3.3) (500N).",KCU001,M,337.5,KG,3015,0,0,15514,15414,CTY00001,,,,LSX12/24-044,Công đoạn dệt,VAICUON,,0119124006000000,,2155
TP,02/01/2025,TP01/25-002,Nhập báo cáo dệt ngày 02/01/2025,THACAPRE710110110110TR50,"Cuộn PP, trắng đục, K71cm(+1/-0.5), MĐ: 11.0x11.0, TL: 110g/m(+/-3.3) (500N).",KCU001,M,322,KG,2965,0,0,15514,15414,CTY00001,,,,LSX12/24-044,Công đoạn dệt,VAICUON,,0119124006000000,,2155
TP,02/01/2025,TP01/25-002,Nhập báo cáo dệt ngày 02/01/2025,THACASAR500102112084TRDU,"Cuộn PP, trắng đục, K50cm(+1/-0.5), MĐ: 10.2.0x11.2, TL: 84.5g/m",KCU001,M,248.2,KG,3020,0,0,15514,15414,CTY00001,,,,LSX12/24-030,Công đoạn dệt,VAICUON,,TPH050076TDSAR.BLHOCK,,2155
TP,02/01/2025,TP01/25-002,Nhập báo cáo dệt ngày 02/01/2025,THACAUNP176120122528TRDU,"Vải cuộn PP trắng đục, K176.0cm, MĐ: 12x12.2, TL: 528.5g/m.",KCU001,M,426,KG,790,0,0,15514,15414,CTY00001,,,,LSX12/24-047,Công đoạn dệt,VAICUON,,0119132018001000,,2155
TP,02/01/2025,TP01/25-002,Nhập báo cáo dệt ngày 02/01/2025,THACAUNP176120122528TRDU,"Vải cuộn PP trắng đục, K176.0cm, MĐ: 12x12.2, TL: 528.5g/m.",KCU001,M,419,KG,804,0,0,15514,15414,CTY00001,,,,LSX12/24-047,Công đoạn dệt,VAICUON,,0119132018001000,,2155
TP,02/01/2025,TP01/25-002,Nhập báo cáo dệt ngày 02/01/2025,THACAUNP176120122528TRDU,"Vải cuộn PP trắng đục, K176.0cm, MĐ: 12x12.2, TL: 528.5g/m.",KCU001,M,416,KG,800,0,0,15514,15414,CTY00001,,,,LSX12/24-047,Công đoạn dệt,VAICUON,,0119132018001000,,2155
TP,02/01/2025,TP01/25-002,Nhập báo cáo dệt ngày 02/01/2025,THACAUNP178120130694TRDU,"Vải cuộn PP, K178.8cm, MĐ: 12.0x13.0, TL: 694g/m. [UNP-200gsm]",KCU001,M,466,KG,640,0,0,15514,15414,CTY00001,,,,LSX12/24-059,Công đoạn dệt,VAICUON,,0119132005002000,,2155
TP,02/01/2025,TP01/25-002,Nhập báo cáo dệt ngày 02/01/2025,THACAUNP178120130694TRDU,"Vải cuộn PP, K178.8cm, MĐ: 12.0x13.0, TL: 694g/m. [UNP-200gsm]",KCU001,M,472.5,KG,640,0,0,15514,15414,CTY00001,,,,LSX12/24-059,Công đoạn dệt,VAICUON,,0119132005002000,,2155
TP,02/01/2025,TP01/25-002,Nhập báo cáo dệt ngày 02/01/2025,THACUASI115130130202TRDU,"Vải manh PP trắng đục K.115.0cm; MĐ: 13.0x13.0, gia cường 2 điểm 3cm ngay chính giữa ID, ID định vị màu begie: 40-35-40; TL: 202.0g/m",KCU001,M,252,KG,1200,0,0,15514,15414,CTY00001,,,,LSX12/24-049,Công đoạn dệt,VAICUON,,01JBO-4P009-01-0000,,2155
TP,02/01/2025,TP01/25-002,Nhập báo cáo dệt ngày 02/01/2025,THACUASI115130130202TRDU,"Vải manh PP trắng đục K.115.0cm; MĐ: 13.0x13.0, gia cường 2 điểm 3cm ngay chính giữa ID, ID định vị màu begie: 40-35-40; TL: 202.0g/m",KCU001,M,248,KG,1200,0,0,15514,15414,CTY00001,,,,LSX12/24-049,Công đoạn dệt,VAICUON,,01JBO-4P009-01-0000,,2155
TP,02/01/2025,TP01/25-002,Nhập báo cáo dệt ngày 02/01/2025,THACUHAL580090080081TRDU,"Cuộn PP dệt lòng PE, trắng đục, K58.0cm, TL: 81.8g/m. [TL PP+PE: 111.5g/m]",KCU001,M,318,KG,2993,0,0,15514,15414,CTY00001,,,,LSX12/24-064,Công đoạn dệt,VAICUON,,HAPHAL057115TRDU,,2155
TP,02/01/2025,TP01/25-002,Nhập báo cáo dệt ngày 02/01/2025,THACUHAL580090080081TRDU,"Cuộn PP dệt lòng PE, trắng đục, K58.0cm, TL: 81.8g/m. [TL PP+PE: 111.5g/m]",KCU001,M,319,KG,3000,0,0,15514,15414,CTY00001,,,,LSX12/24-064,Công đoạn dệt,VAICUON,,HAPHAL057115TRDU,,2155
TP,02/01/2025,TP01/25-002,Nhập báo cáo dệt ngày 02/01/2025,THACUHAL595085080778TRTR,"Vải cuộn PP, trắng trong, dệt lồng PE, K59.5cm (+/-0.5), TL: PP-77.8g/m + HDPE-22.2g/m = 100g/m (TL vải: 65.4gsm)",KCU001,M,296.5,KG,2954,0,0,15514,15414,CTY00001,,,,LSX12/24-042,Công đoạn dệt,VAICUON,,0102109030000000,,2155
TP,02/01/2025,TP01/25-002,Nhập báo cáo dệt ngày 02/01/2025,THACUHAL595085080778TRTR,"Vải cuộn PP, trắng trong, dệt lồng PE, K59.5cm (+/-0.5), TL: PP-77.8g/m + HDPE-22.2g/m = 100g/m (TL vải: 65.4gsm)",KCU001,M,305.5,KG,2982,0,0,15514,15414,CTY00001,,,,LSX12/24-042,Công đoạn dệt,VAICUON,,0102109030000000,,2155
TP,02/01/2025,TP01/25-002,Nhập báo cáo dệt ngày 02/01/2025,THACUHAL595085080778TRTR,"Vải cuộn PP, trắng trong, dệt lồng PE, K59.5cm (+/-0.5), TL: PP-77.8g/m + HDPE-22.2g/m = 100g/m (TL vải: 65.4gsm)",KCU001,M,298,KG,2967,0,0,15514,15414,CTY00001,,,,LSX12/24-042,Công đoạn dệt,VAICUON,,0102109030000000,,2155
TP,02/01/2025,TP01/25-002,Nhập báo cáo dệt ngày 02/01/2025,THACUHAL595085080778TRTR,"Vải cuộn PP, trắng trong, dệt lồng PE, K59.5cm (+/-0.5), TL: PP-77.8g/m + HDPE-22.2g/m = 100g/m (TL vải: 65.4gsm)",KCU001,M,291.5,KG,2967,0,0,15514,15414,CTY00001,,,,LSX12/24-042,Công đoạn dệt,VAICUON,,0102109030000000,,2155
TP,02/01/2025,TP01/25-002,Nhập báo cáo dệt ngày 02/01/2025,THACUPER400100130340XD00,"Cuộn MANH PP, XANH DƯƠNG 2195C, K400cm, 10.0x13.0, TL: 340.0g/m. [85gsm] [ID 3 đỏ 2 xanh cách biên 4cm cả bên của manh]",KCU001,M,63,KG,202,0,0,15514,15414,CTY00001,,,,LSX09/24-049,Công đoạn dệt,VAICUON,,0102123056000000,,2155
TP,02/01/2025,TP01/25-002,Nhập báo cáo dệt ngày 02/01/2025,THACUPER400100130340XD00,"Cuộn MANH PP, XANH DƯƠNG 2195C, K400cm, 10.0x13.0, TL: 340.0g/m. [85gsm] [ID 3 đỏ 2 xanh cách biên 4cm cả bên của manh]",KCU001,M,61.5,KG,202,0,0,15514,15414,CTY00001,,,,LSX09/24-049,Công đoạn dệt,VAICUON,,0102123056000000,,2155
TP,02/01/2025,TP01/25-002,Nhập báo cáo dệt ngày 02/01/2025,THACUPER400100130340XD00,"Cuộn MANH PP, XANH DƯƠNG 2195C, K400cm, 10.0x13.0, TL: 340.0g/m. [85gsm] [ID 3 đỏ 2 xanh cách biên 4cm cả bên của manh]",KCU001,M,61.5,KG,202,0,0,15514,15414,CTY00001,,,,LSX09/24-049,Công đoạn dệt,VAICUON,,0102123056000000,,2155
TP,02/01/2025,TP01/25-002,Nhập báo cáo dệt ngày 02/01/2025,THACUPER400100130340XD00,"Cuộn MANH PP, XANH DƯƠNG 2195C, K400cm, 10.0x13.0, TL: 340.0g/m. [85gsm] [ID 3 đỏ 2 xanh cách biên 4cm cả bên của manh]",KCU001,M,61,KG,202,0,0,15514,15414,CTY00001,,,,LSX09/24-049,Công đoạn dệt,VAICUON,,0102123056000000,,2155
TP,02/01/2025,TP01/25-002,Nhập báo cáo dệt ngày 02/01/2025,THACUSAN595085080778TRTR,"Vải cuộn PP, trắng trong, dệt lồng PE, K59.5cm (+/-0.5), TL: PP-77.8g/m + HDPE-22.2g/m = 100g/m (TL vải: 65.4gsm)",KCU001,M,288.5,KG,2925,0,0,15514,15414,CTY00001,,,,LSX11/24-061,Công đoạn dệt,VAICUON,,HAPSAN585099TRTR,,2155
TP,02/01/2025,TP01/25-002,Nhập báo cáo dệt ngày 02/01/2025,THACUSAN595085080778TRTR,"Vải cuộn PP, trắng trong, dệt lồng PE, K59.5cm (+/-0.5), TL: PP-77.8g/m + HDPE-22.2g/m = 100g/m (TL vải: 65.4gsm)",KCU001,M,283,KG,2927,0,0,15514,15414,CTY00001,,,,LSX11/24-061,Công đoạn dệt,VAICUON,,HAPSAN585099TRTR,,2155
TP,02/01/2025,TP01/25-002,Nhập báo cáo dệt ngày 02/01/2025,THACUSAN595085080778TRTR,"Vải cuộn PP, trắng trong, dệt lồng PE, K59.5cm (+/-0.5), TL: PP-77.8g/m + HDPE-22.2g/m = 100g/m (TL vải: 65.4gsm)",KCU001,M,285.5,KG,2943,0,0,15514,15414,CTY00001,,,,LSX11/24-061,Công đoạn dệt,VAICUON,,HAPSAN585099TRTR,,2155
TP,02/01/2025,TP01/25-002,Nhập báo cáo dệt ngày 02/01/2025,THACUSAN595085080778TRTR,"Vải cuộn PP, trắng trong, dệt lồng PE, K59.5cm (+/-0.5), TL: PP-77.8g/m + HDPE-22.2g/m = 100g/m (TL vải: 65.4gsm)",KCU001,M,287,KG,2960,0,0,15514,15414,CTY00001,,,,LSX11/24-061,Công đoạn dệt,VAICUON,,HAPSAN585099TRTR,,2155
TP,02/01/2025,TP01/25-002,Nhập báo cáo dệt ngày 02/01/2025,THACUSPL510100120086TRDU,"Vải cuộn PP, trắng đục, K51.0cm, MĐ: 10x11.5/12, 880D, 2.55mm, TL: 86g/m [3000m/cuộn].",KCU001,M,262.5,KG,3060,0,0,15514,15414,CTY00001,,,,LSX01/25-015,Công đoạn dệt,VAICUON,,THACUSPL510100120086TRDU,,2155
TP,02/01/2025,TP01/25-002,Nhập báo cáo dệt ngày 02/01/2025,THACUTAU127080080078TRDU,"Vải manh cuộn PP, trắng đục, K127.0cm, MĐ: 8.0x8.0, TL: 78.0g/m (61.4gsm)./THACUTAU127080080078TRDU",KCU001,M,444,KG,6000,0,0,15514,15414,CTY00001,,,,LSX12/24-062,Công đoạn dệt,VAICUON,,THADGTAU127080080078TRDU,,2155
TP,02/01/2025,TP01/25-002,Nhập báo cáo dệt ngày 02/01/2025,THACUTAU127080080078TRDU,"Vải manh cuộn PP, trắng đục, K127.0cm, MĐ: 8.0x8.0, TL: 78.0g/m (61.4gsm)./THACUTAU127080080078TRDU",KCU001,M,444,KG,6000,0,0,15514,15414,CTY00001,,,,LSX12/24-062,Công đoạn dệt,VAICUON,,THADGTAU127080080078TRDU,,2155
TP,02/01/2025,TP01/25-002,Nhập báo cáo dệt ngày 02/01/2025,THACUTAU127080080078TRDU,"Vải manh cuộn PP, trắng đục, K127.0cm, MĐ: 8.0x8.0, TL: 78.0g/m (61.4gsm)./THACUTAU127080080078TRDU",KCU001,M,445,KG,6030,0,0,15514,15414,CTY00001,,,,LSX12/24-062,Công đoạn dệt,VAICUON,,THADGTAU127080080078TRDU,,2155
TP,02/01/2025,TP01/25-002,Nhập báo cáo dệt ngày 02/01/2025,THACUTAU127080080078TRDU,"Vải manh cuộn PP, trắng đục, K127.0cm, MĐ: 8.0x8.0, TL: 78.0g/m (61.4gsm)./THACUTAU127080080078TRDU",KCU001,M,444,KG,6030,0,0,15514,15414,CTY00001,,,,LSX12/24-062,Công đoạn dệt,VAICUON,,THADGTAU127080080078TRDU,,2155
TP,02/01/2025,TP01/25-002,Nhập báo cáo dệt ngày 02/01/2025,THACUTAU127080080078TRDU,"Vải manh cuộn PP, trắng đục, K127.0cm, MĐ: 8.0x8.0, TL: 78.0g/m (61.4gsm)./THACUTAU127080080078TRDU",KCU001,M,445,KG,6014,0,0,15514,15414,CTY00001,,,,LSX12/24-062,Công đoạn dệt,VAICUON,,THADGTAU127080080078TRDU,,2155
TP,02/01/2025,TP01/25-002,Nhập báo cáo dệt ngày 02/01/2025,THACUTAU127080080078TRDU,"Vải manh cuộn PP, trắng đục, K127.0cm, MĐ: 8.0x8.0, TL: 78.0g/m (61.4gsm)./THACUTAU127080080078TRDU",KCU001,M,448.5,KG,6014,0,0,15514,15414,CTY00001,,,,LSX12/24-062,Công đoạn dệt,VAICUON,,THADGTAU127080080078TRDU,,2155
TP,02/01/2025,TP01/25-002,Nhập báo cáo dệt ngày 02/01/2025,THACUTAU127080080078TRDU,"Vải manh cuộn PP, trắng đục, K127.0cm, MĐ: 8.0x8.0, TL: 78.0g/m (61.4gsm)./THACUTAU127080080078TRDU",KCU001,M,455,KG,6027,0,0,15514,15414,CTY00001,,,,LSX12/24-062,Công đoạn dệt,VAICUON,,THADGTAU127080080078TRDU,,2155
TP,02/01/2025,TP01/25-002,Nhập báo cáo dệt ngày 02/01/2025,THACUTAU127080080078TRDU,"Vải manh cuộn PP, trắng đục, K127.0cm, MĐ: 8.0x8.0, TL: 78.0g/m (61.4gsm)./THACUTAU127080080078TRDU",KCU001,M,456,KG,6027,0,0,15514,15414,CTY00001,,,,LSX12/24-062,Công đoạn dệt,VAICUON,,THADGTAU127080080078TRDU,,2155
TP,02/01/2025,TP01/25-002,Nhập báo cáo dệt ngày 02/01/2025,THACUTAU127080080078TRDU,"Vải manh cuộn PP, trắng đục, K127.0cm, MĐ: 8.0x8.0, TL: 78.0g/m (61.4gsm)./THACUTAU127080080078TRDU",KCU001,M,454.5,KG,6050,0,0,15514,15414,CTY00001,,,,LSX12/24-062,Công đoạn dệt,VAICUON,,THADGTAU127080080078TRDU,,2155
TP,02/01/2025,TP01/25-002,Nhập báo cáo dệt ngày 02/01/2025,THACUTAU127080080078TRDU,"Vải manh cuộn PP, trắng đục, K127.0cm, MĐ: 8.0x8.0, TL: 78.0g/m (61.4gsm)./THACUTAU127080080078TRDU",KCU001,M,454,KG,6050,0,0,15514,15414,CTY00001,,,,LSX12/24-062,Công đoạn dệt,VAICUON,,THADGTAU127080080078TRDU,,2155
TP,02/01/2025,TP01/25-004,Nhập báo cáo khâu sợi X01 ngày 02/01/2025,PHE-PHESOI,Phế thu hồi khâu kéo sợi,KPH001,KG,15,KG,15,0,0,1527,15412,CTY00001,,,,LSX12/24-077,Công đoạn tạo sợi,SOI,,01JBO-TU001-06-0001,,2154
TP,02/01/2025,TP01/25-004,Nhập báo cáo khâu sợi X01 ngày 02/01/2025,PHE-PHESOI,Phế thu hồi khâu kéo sợi,KPH001,KG,3,KG,3,0,0,1527,15412,CTY00001,,,,LSX12/24-077,Công đoạn tạo sợi,SOI,,01JBO-TU001-06-0001,,2154
TP,02/01/2025,TP01/25-004,Nhập báo cáo khâu sợi X01 ngày 02/01/2025,PHE-PHESOI,Phế thu hồi khâu kéo sợi,KPH001,KG,20,KG,20,0,0,1527,15412,CTY00001,,,,LSX12/24-069,Công đoạn tạo sợi,SOI,,TPH055090G108TDLU.XXX,,2154
TP,02/01/2025,TP01/25-004,Nhập báo cáo khâu sợi X01 ngày 02/01/2025,PHE-PHESOI,Phế thu hồi khâu kéo sợi,KPH001,KG,8,KG,8,0,0,1527,15412,CTY00001,,,,LSX12/24-069,Công đoạn tạo sợi,SOI,,TPH055090G108TDLU.XXX,,2154
TP,02/01/2025,TP01/25-004,Nhập báo cáo khâu sợi X01 ngày 02/01/2025,PHE-PHESOI,Phế thu hồi khâu kéo sợi,KPH001,KG,7,KG,7,0,0,1527,15412,CTY00001,,,,LSX12/24-082,Công đoạn tạo sợi,SOI,,0119109032000000,,2154
TP,02/01/2025,TP01/25-004,Nhập báo cáo khâu sợi X01 ngày 02/01/2025,PHE-PHESOI,Phế thu hồi khâu kéo sợi,KPH001,KG,46,KG,46,0,0,1527,15412,CTY00001,,,,LSX12/24-077,Công đoạn tạo sợi,SOI,,01JBO-TU001-06-0001,,2154
TP,02/01/2025,TP01/25-004,Nhập báo cáo khâu sợi X01 ngày 02/01/2025,PHE-PHESOI,Phế thu hồi khâu kéo sợi,KPH001,KG,20,KG,20,0,0,1527,15412,CTY00001,,,,LSX01/25-009,Công đoạn tạo sợi,SOI,,THADGTAU127080080078TRDU,,2154
TP,02/01/2025,TP01/25-004,Nhập báo cáo khâu sợi X01 ngày 02/01/2025,PHE-PHESOI,Phế thu hồi khâu kéo sợi,KPH001,KG,5,KG,5,0,0,1527,15412,CTY00001,,,,LSX01/25-009,Công đoạn tạo sợi,SOI,,THADGTAU127080080078TRDU,,2154
TP,02/01/2025,TP01/25-004,Nhập báo cáo khâu sợi X01 ngày 02/01/2025,PHE-PHESOI,Phế thu hồi khâu kéo sợi,KPH001,KG,275,KG,275,0,0,1527,15412,CTY00001,,,,LSX11/24-060,Công đoạn tạo sợi,SOI,,0102125065000000,,2154
TP,02/01/2025,TP01/25-004,Nhập báo cáo khâu sợi X01 ngày 02/01/2025,PHE-PHESOI,Phế thu hồi khâu kéo sợi,KPH001,KG,185,KG,185,0,0,1527,15412,CTY00001,,,,LSX11/24-060,Công đoạn tạo sợi,SOI,,0102125065000000,,2154
TP,02/01/2025,TP01/25-004,Nhập báo cáo khâu sợi X01 ngày 02/01/2025,PHE-PHESOI,Phế thu hồi khâu kéo sợi,KPH001,KG,48,KG,48,0,0,1527,15412,CTY00001,,,,LSX12/24-042,Công đoạn tạo sợi,SOI,,0102109030000000,,2154
TP,02/01/2025,TP01/25-004,Nhập báo cáo khâu sợi X01 ngày 02/01/2025,PHE-PHESOI,Phế thu hồi khâu kéo sợi,KPH001,KG,61,KG,61,0,0,1527,15412,CTY00001,,,,LSX12/24-042,Công đoạn tạo sợi,SOI,,0102109030000000,,2154
TP,02/01/2025,TP01/25-004,Nhập báo cáo khâu sợi X01 ngày 02/01/2025,SOI-GL18-4,"Sợi PP, trắng đục, 960D, 2.91mm. [25TC] [No Recycled]",KSO001,KG,744.9,KG,744.9,0,0,15512,15412,CTY00001,,,,LSX12/24-064,Công đoạn tạo sợi,SOI,,HAPHAL057115TRDU,,2154
TP,02/01/2025,TP01/25-004,Nhập báo cáo khâu sợi X01 ngày 02/01/2025,SOI-GL4-4,"Sợi PP, trắng đục, 760D, 2.60mm. [No recycle]",KSO001,KG,2627.4,KG,2627.4,0,0,15512,15412,CTY00001,,,,LSX12/24-082,Công đoạn tạo sợi,SOI,,0119109032000000,,2154
TP,02/01/2025,TP01/25-004,Nhập báo cáo khâu sợi X01 ngày 02/01/2025,SOI-LU-01,"Sợi PP, trắng đục, 1000D, bản sợi 2.45mm(4kgf).",KSO001,KG,2032.2,KG,2032.2,0,0,15512,15412,CTY00001,,,,LSX12/24-069,Công đoạn tạo sợi,SOI,,TPH055090G108TDLU.XXX,,2154
TP,02/01/2025,TP01/25-004,Nhập báo cáo khâu sợi X01 ngày 02/01/2025,SOI-LU-01,"Sợi PP, trắng đục, 1000D, bản sợi 2.45mm(4kgf).",KSO001,KG,2316.5,KG,2316.5,0,0,15512,15412,CTY00001,,,,LSX12/24-069,Công đoạn tạo sợi,SOI,,TPH055090G108TDLU.XXX,,2154
TP,02/01/2025,TP01/25-004,Nhập báo cáo khâu sợi X01 ngày 02/01/2025,SOI-MA3-1,"Sợi PP, 880D, 2.91mm, trắng trong. [012Talc] [Cảnh báo: Không sử dụng sợi đồng cấp cho sợi này]",KSO001,KG,2001.9,KG,2001.9,0,0,15512,15412,CTY00001,,,,LSX12/24-042,Công đoạn tạo sợi,SOI,,0102109030000000,,2154
TP,02/01/2025,TP01/25-004,Nhập báo cáo khâu sợi X01 ngày 02/01/2025,SOI-MS01-4,"Sợi PP 820D bản chỉ 2.5 mm, trắng đục [Dùng MV8C]",KSO001,KG,2390,KG,2390,0,0,15512,15412,CTY00001,,,,LSX11/24-060,Công đoạn tạo sợi,SOI,,0102125065000000,,2154
TP,02/01/2025,TP01/25-004,Nhập báo cáo khâu sợi X01 ngày 02/01/2025,SOI-TP14-1,"Sợi PP, màu trắng đục, 820D, 3.0mm.",KSO001,KG,3138.3,KG,3138.3,0,0,15512,15412,CTY00001,,,,LSX01/25-009,Công đoạn tạo sợi,SOI,,THADGTAU127080080078TRDU,,2154
TP,02/01/2025,TP01/25-004,Nhập báo cáo khâu sợi X01 ngày 02/01/2025,SOI-TP14-1,"Sợi PP, màu trắng đục, 820D, 3.0mm.",KSO001,KG,676.04,KG,676.04,0,0,15512,15412,CTY00001,,,,LSX01/25-009,Công đoạn tạo sợi,SOI,,THADGTAU127080080078TRDU,,2154
TP,02/01/2025,TP01/25-004,Nhập báo cáo khâu sợi X01 ngày 02/01/2025,SOI-UNP6-3,"Sợi PP màu đen có UV, 830D, bản sợi 2.4mm [Hạt màu 0030K1]",KSO001,KG,151.76,KG,151.76,0,0,15512,15412,CTY00001,,,,LSX12/24-077,Công đoạn tạo sợi,SOI,,01JBO-TU001-06-0001,,2154
TP,02/01/2025,TP01/25-004,Nhập báo cáo khâu sợi X01 ngày 02/01/2025,SOI-UNP6-3,"Sợi PP màu đen có UV, 830D, bản sợi 2.4mm [Hạt màu 0030K1]",KSO001,KG,1831.94,KG,1831.94,0,0,15512,15412,CTY00001,,,,LSX12/24-077,Công đoạn tạo sợi,SOI,,01JBO-TU001-06-0001,,2154
TP,02/01/2025,TP01/25-004,Nhập báo cáo khâu sợi X01 ngày 02/01/2025,SOI-UNP6-3,"Sợi PP màu đen có UV, 830D, bản sợi 2.4mm [Hạt màu 0030K1]",KSO001,KG,2554.8,KG,2554.8,0,0,15512,15412,CTY00001,,,,LSX12/24-077,Công đoạn tạo sợi,SOI,,01JBO-TU001-06-0001,,2154
TP,02/01/2025,TP01/25-005,Nhập báo cáo SP khâu ó ngày 02/01/2025,SUI-TRANG,Sủi trắng,KNL001,KG,1920,KG,1920,0,0,1521,15411,CTY00001,,,,LSX01/25-011,"Công đoạn tái chế (ó, tạo hạt)",O,,SUI-TRANG,,2112A
PN,03/01/2025,PN01/25-002,THU HỒI NL HẤP.,THACUTAU057080080069TRDU,"Vải cuộn PP dệt lồng HDPE, trắng đục, K57.5cm, MĐ: 8.5x8.0, TL: 69.3(PP) + 22.9(PE) = 92.15g/m.",KCU001,M,2315.625,KG,24700,0,0,15514,15414,CTY00001,,,,LSX11/24-063,,,,,,2109B
TP,03/01/2025,TP01/25-006,Nhập báo cáo SP khâu ó ngày 03/01/2025,SUI-TRANG,Sủi trắng,KNL001,KG,2720,KG,2720,0,0,1521,15411,CTY00001,,,,LSX01/25-011,"Công đoạn tái chế (ó, tạo hạt)",O,,SUI-TRANG,,2112A
TP,03/01/2025,TP01/25-007,Nhập báo cáo khâu sợi X01 ngày 03/01/2025,PHE-PHESOI,Phế thu hồi khâu kéo sợi,KPH001,KG,1,KG,1,0,0,1527,15412,CTY00001,,,,LSX01/25-015,Công đoạn tạo sợi,SOI,,THACUSPL510100120086TRDU,,2154
TP,03/01/2025,TP01/25-007,Nhập báo cáo khâu sợi X01 ngày 03/01/2025,PHE-PHESOI,Phế thu hồi khâu kéo sợi,KPH001,KG,21,KG,21,0,0,1527,15412,CTY00001,,,,LSX12/24-077,Công đoạn tạo sợi,SOI,,01JBO-TU001-06-0001,,2154
TP,03/01/2025,TP01/25-007,Nhập báo cáo khâu sợi X01 ngày 03/01/2025,PHE-PHESOI,Phế thu hồi khâu kéo sợi,KPH001,KG,2,KG,2,0,0,1527,15412,CTY00001,,,,LSX12/24-082,Công đoạn tạo sợi,SOI,,0119109032000000,,2154
TP,03/01/2025,TP01/25-007,Nhập báo cáo khâu sợi X01 ngày 03/01/2025,PHE-PHESOI,Phế thu hồi khâu kéo sợi,KPH001,KG,14,KG,14,0,0,1527,15412,CTY00001,,,,LSX12/24-056,Công đoạn tạo sợi,SOI,,0102123050000000,,2154
TP,03/01/2025,TP01/25-007,Nhập báo cáo khâu sợi X01 ngày 03/01/2025,PHE-PHESOI,Phế thu hồi khâu kéo sợi,KPH001,KG,18,KG,18,0,0,1527,15412,CTY00001,,,,LSX12/24-082,Công đoạn tạo sợi,SOI,,0119109032000000,,2154
TP,03/01/2025,TP01/25-007,Nhập báo cáo khâu sợi X01 ngày 03/01/2025,PHE-PHESOI,Phế thu hồi khâu kéo sợi,KPH001,KG,38,KG,38,0,0,1527,15412,CTY00001,,,,LSX12/24-077,Công đoạn tạo sợi,SOI,,01JBO-TU001-06-0001,,2154
TP,03/01/2025,TP01/25-007,Nhập báo cáo khâu sợi X01 ngày 03/01/2025,PHE-PHESOI,Phế thu hồi khâu kéo sợi,KPH001,KG,7,KG,7,0,0,1527,15412,CTY00001,,,,LSX12/24-042,Công đoạn tạo sợi,SOI,,0102109030000000,,2154
TP,03/01/2025,TP01/25-007,Nhập báo cáo khâu sợi X01 ngày 03/01/2025,PHE-PHESOI,Phế thu hồi khâu kéo sợi,KPH001,KG,8,KG,8,0,0,1527,15412,CTY00001,,,,LSX11/24-060,Công đoạn tạo sợi,SOI,,0102125065000000,,2154
TP,03/01/2025,TP01/25-007,Nhập báo cáo khâu sợi X01 ngày 03/01/2025,PHE-PHESOI,Phế thu hồi khâu kéo sợi,KPH001,KG,15,KG,15,0,0,1527,15412,CTY00001,,,,LSX11/24-060,Công đoạn tạo sợi,SOI,,0102125065000000,,2154
TP,03/01/2025,TP01/25-007,Nhập báo cáo khâu sợi X01 ngày 03/01/2025,PHE-PHESOI,Phế thu hồi khâu kéo sợi,KPH001,KG,25,KG,25,0,0,1527,15412,CTY00001,,,,LSX12/24-047,Công đoạn tạo sợi,SOI,,0119132018001000,,2154
TP,03/01/2025,TP01/25-007,Nhập báo cáo khâu sợi X01 ngày 03/01/2025,PHE-PHESOI,Phế thu hồi khâu kéo sợi,KPH001,KG,6,KG,6,0,0,1527,15412,CTY00001,,,,LSX12/24-042,Công đoạn tạo sợi,SOI,,0102109030000000,,2154
TP,03/01/2025,TP01/25-007,Nhập báo cáo khâu sợi X01 ngày 03/01/2025,SOI-GL4-4,"Sợi PP, trắng đục, 760D, 2.60mm. [No recycle]",KSO001,KG,1207.9,KG,1207.9,0,0,15512,15412,CTY00001,,,,LSX12/24-082,Công đoạn tạo sợi,SOI,,0119109032000000,,2154
TP,03/01/2025,TP01/25-007,Nhập báo cáo khâu sợi X01 ngày 03/01/2025,SOI-GL4-4,"Sợi PP, trắng đục, 760D, 2.60mm. [No recycle]",KSO001,KG,726.47,KG,726.47,0,0,15512,15412,CTY00001,,,,LSX12/24-082,Công đoạn tạo sợi,SOI,,0119109032000000,,2154
TP,03/01/2025,TP01/25-007,Nhập báo cáo khâu sợi X01 ngày 03/01/2025,SOI-GL4-4,"Sợi PP, trắng đục, 760D, 2.60mm. [No recycle]",KSO001,KG,4085.04,KG,4085.04,0,0,15512,15412,CTY00001,,,,LSX01/25-018,Công đoạn tạo sợi,SOI,,0102109008000000,,2154
TP,03/01/2025,TP01/25-007,Nhập báo cáo khâu sợi X01 ngày 03/01/2025,SOI-JB5-2,"Sợi PP, trắng UV, 950D, 2.20mm. [1.5UV MU001D + taical hanotech]",KSO001,KG,93.28,KG,93.28,0,0,15512,15412,CTY00001,,,,LSX12/24-047,Công đoạn tạo sợi,SOI,,0119132018001000,,2154
TP,03/01/2025,TP01/25-007,Nhập báo cáo khâu sợi X01 ngày 03/01/2025,SOI-JB5-2,"Sợi PP, trắng UV, 950D, 2.20mm. [1.5UV MU001D + taical hanotech]",KSO001,KG,2170.42,KG,2170.42,0,0,15512,15412,CTY00001,,,,LSX01/25-022,Công đoạn tạo sợi,SOI,,MANH177119G592TDUNP.AGR,,2154
TP,03/01/2025,TP01/25-007,Nhập báo cáo khâu sợi X01 ngày 03/01/2025,SOI-MA3-1,"Sợi PP, 880D, 2.91mm, trắng trong. [012Talc] [Cảnh báo: Không sử dụng sợi đồng cấp cho sợi này]",KSO001,KG,2739.2,KG,2739.2,0,0,15512,15412,CTY00001,,,,LSX12/24-042,Công đoạn tạo sợi,SOI,,0102109030000000,,2154
TP,03/01/2025,TP01/25-007,Nhập báo cáo khâu sợi X01 ngày 03/01/2025,SOI-MA3-1,"Sợi PP, 880D, 2.91mm, trắng trong. [012Talc] [Cảnh báo: Không sử dụng sợi đồng cấp cho sợi này]",KSO001,KG,60.89,KG,60.89,0,0,15512,15412,CTY00001,,,,LSX12/24-042,Công đoạn tạo sợi,SOI,,0102109030000000,,2154
TP,03/01/2025,TP01/25-007,Nhập báo cáo khâu sợi X01 ngày 03/01/2025,SOI-MA3-1,"Sợi PP, 880D, 2.91mm, trắng trong. [012Talc] [Cảnh báo: Không sử dụng sợi đồng cấp cho sợi này]",KSO001,KG,3125.66,KG,3125.66,0,0,15512,15412,CTY00001,,,,LSX01/25-007,Công đoạn tạo sợi,SOI,,0102109030000000,,2154
TP,03/01/2025,TP01/25-007,Nhập báo cáo khâu sợi X01 ngày 03/01/2025,SOI-MS01-4,"Sợi PP 820D bản chỉ 2.5 mm, trắng đục [Dùng MV8C]",KSO001,KG,2727.3,KG,2727.3,0,0,15512,15412,CTY00001,,,,LSX11/24-060,Công đoạn tạo sợi,SOI,,0102125065000000,,2154
TP,03/01/2025,TP01/25-007,Nhập báo cáo khâu sợi X01 ngày 03/01/2025,SOI-MS01-4,"Sợi PP 820D bản chỉ 2.5 mm, trắng đục [Dùng MV8C]",KSO001,KG,1531,KG,1531,0,0,15512,15412,CTY00001,,,,LSX11/24-060,Công đoạn tạo sợi,SOI,,0102125065000000,,2154
TP,03/01/2025,TP01/25-007,Nhập báo cáo khâu sợi X01 ngày 03/01/2025,SOI-PR42MI-01,"Sợi PP, xanh dương 2195C, 670D, 2.50mm. [EMH77197+20.5%Sủi xanh dương+MF4X]",KSO001,KG,1021.7,KG,1021.7,0,0,15512,15412,CTY00001,,,,LSX12/24-056,Công đoạn tạo sợi,SOI,,0102123050000000,,2154
TP,03/01/2025,TP01/25-007,Nhập báo cáo khâu sợi X01 ngày 03/01/2025,SOI-PR42MI-01,"Sợi PP, xanh dương 2195C, 670D, 2.50mm. [EMH77197+20.5%Sủi xanh dương+MF4X]",KSO001,KG,121,KG,121,0,0,15512,15412,CTY00001,,,,LSX12/24-056,Công đoạn tạo sợi,SOI,,0102123050000000,,2154
TP,03/01/2025,TP01/25-007,Nhập báo cáo khâu sợi X01 ngày 03/01/2025,SOI-SP31-1,"Sợi PP màu trắng đục, 880D, 2.55mm [Dùng MV8C]",KSO001,KG,799.93,KG,799.93,0,0,15512,15412,CTY00001,,,,LSX01/25-015,Công đoạn tạo sợi,SOI,,THACUSPL510100120086TRDU,,2154
TP,03/01/2025,TP01/25-007,Nhập báo cáo khâu sợi X01 ngày 03/01/2025,SOI-SP31-1,"Sợi PP màu trắng đục, 880D, 2.55mm [Dùng MV8C]",KSO001,KG,1632.47,KG,1632.47,0,0,15512,15412,CTY00001,,,,LSX01/25-028,Công đoạn tạo sợi,SOI,,0102125009000000,,2154
TP,03/01/2025,TP01/25-007,Nhập báo cáo khâu sợi X01 ngày 03/01/2025,SOI-UNP6-3,"Sợi PP màu đen có UV, 830D, bản sợi 2.4mm [Hạt màu 0030K1]",KSO001,KG,2390.1,KG,2390.1,0,0,15512,15412,CTY00001,,,,LSX12/24-077,Công đoạn tạo sợi,SOI,,01JBO-TU001-06-0001,,2154
TP,03/01/2025,TP01/25-007,Nhập báo cáo khâu sợi X01 ngày 03/01/2025,SOI-UNP6-3,"Sợi PP màu đen có UV, 830D, bản sợi 2.4mm [Hạt màu 0030K1]",KSO001,KG,945.6,KG,945.6,0,0,15512,15412,CTY00001,,,,LSX12/24-077,Công đoạn tạo sợi,SOI,,01JBO-TU001-06-0001,,2154
D2,04/01/2025,OE01/25-0001,ĐƠN HÀNG GIA CÔNG TRÁNG NGOÀI SO2411-0040 (BỔ SUNG),HAT-PPM9600,Hạt nhựa PP M9600,KQC002,KG,271,KG,271,0,0,1521,1521,NCC010022,,,PO01/25-005,,,,,,,2251
D2,04/01/2025,OE01/25-0001,ĐƠN HÀNG GIA CÔNG TRÁNG NGOÀI SO2411-0040 (BỔ SUNG),HAT-TACCA,Hạt Taical tráng Châu Âu 1005.,KQC002,KG,68,KG,68,0,0,1521,1521,NCC010022,,,PO01/25-005,,,,,,,2251
D2,04/01/2025,OE01/25-0002,ĐƠN HÀNG GIA CÔNG TRÁNG NGOÀI SO2411-0040 (BỔ SUNG),THACAHAW68010110093TRDU,"Cuộn PP, trắng đục, K68cm, MĐ: 10x11, TL: 93.3g/m. [30TC]",KQC002,M,304.5,KG,3200,0,0,15514,15514,NCC010022,,,PO01/25-005,,,,,,,2251
D2,04/01/2025,OE01/25-0002,ĐƠN HÀNG GIA CÔNG TRÁNG NGOÀI SO2411-0040 (BỔ SUNG),THACAHAW810100110111TRDU,"Cuộn PP, trắng đục, K81cm, MĐ: 10x11, TL: 111.1g/m.",KQC002,M,158.5,KG,1482,0,0,15514,15514,NCC010022,,,PO01/25-005,,,,,,,2251
D2,04/01/2025,OE01/25-0002,ĐƠN HÀNG GIA CÔNG TRÁNG NGOÀI SO2411-0040 (BỔ SUNG),THACAHAW840100110115TRDU,"Cuộn PP, trắng đục, K84cm, MĐ: 10x11, TL: 115.3g/m.",KQC002,M,368,KG,3200,0,0,15514,15514,NCC010022,,,PO01/25-005,,,,,,,2251
D3,04/01/2025,D101/25-0050,"ĐƠN HÀNG GIA CÔNG TRÁNG NGOÀI SO2411-0040 (BỔ SUNG), XE 54Y-8359",HAT-PPM9600,Hạt nhựa PP M9600,KQC002,KG,271,KG,271,0,0,1521,1521,NCC010022,,,PO01/25-005,,,,,,,2252
D3,04/01/2025,D101/25-0050,"ĐƠN HÀNG GIA CÔNG TRÁNG NGOÀI SO2411-0040 (BỔ SUNG), XE 54Y-8359",HAT-TACCA,Hạt Taical tráng Châu Âu 1005.,KQC002,KG,68,KG,68,0,0,1521,1521,NCC010022,,,PO01/25-005,,,,,,,2252
D3,04/01/2025,D101/25-0050,"ĐƠN HÀNG GIA CÔNG TRÁNG NGOÀI SO2411-0040 (BỔ SUNG), XE 54Y-8359",THACAHAW68010110093TRDU,"Cuộn PP, trắng đục, K68cm, MĐ: 10x11, TL: 93.3g/m. [30TC]",KQC002,M,304.5,KG,3200,0,0,15514,15514,NCC010022,,,PO01/25-005,,,,,,,2252
D3,04/01/2025,D101/25-0050,"ĐƠN HÀNG GIA CÔNG TRÁNG NGOÀI SO2411-0040 (BỔ SUNG), XE 54Y-8359",THACAHAW810100110111TRDU,"Cuộn PP, trắng đục, K81cm, MĐ: 10x11, TL: 111.1g/m.",KQC002,M,158.5,KG,1482,0,0,15514,15514,NCC010022,,,PO01/25-005,,,,,,,2252
D3,04/01/2025,D101/25-0050,"ĐƠN HÀNG GIA CÔNG TRÁNG NGOÀI SO2411-0040 (BỔ SUNG), XE 54Y-8359",THACAHAW840100110115TRDU,"Cuộn PP, trắng đục, K84cm, MĐ: 10x11, TL: 115.3g/m.",KQC002,M,368,KG,3200,0,0,15514,15514,NCC010022,,,PO01/25-005,,,,,,,2252
