Chứng từ,Ngày tạo,Số chứng từ,Diễn giải,Vật tư,Tên vật tư,Kho,Đơn vị tính (1),SL 1,Đơn vị tính (2),SL 2,Giá,Tiền vốn,Tk Nợ,Tk Có,Đối tượng,Nhân viên,Phân xưởng,Bộ phận,Đơn hàng/Hợp đồng bán,Lệnh sản xuất,Công việc,Công đoạn,Trung tâm chi phí,Sản phẩm,Mã vụ việc,Mã giao dịch
HD,02/01/2025,00000001,"Xk bán hàng ngày 02/01/2025, XE 51C-672.66",TPH050074G074INT,"Bao TP-PP, trắng tẩy, K50x74LL (+/-1), TL: 74g/cái (+/-3%), không in. [Mã: 5000931] (Tép 20 cái gấp 03. Bó = 05 tép. Dây cột màu trắng, cột 1 ngang x 1 dọc hình chữ thập).",,CAI,358,KG,5000,0,0,6321,15515,KH010014,,,,SO2412-0054,,,,,,,2301
HD,02/01/2025,00000001,"Xk bán hàng ngày 02/01/2025, XE 51C-672.66",TPH060088INT.AQ28.058,"Bao TP-PP, trắng tẩy, K60x88LL, TL: 105g/cái, MK: AQUA FLOUR 28 - CODE 058 (2+1) (Mã: 5000615). [Tép 20 cái gấp 03, code ra ngoài. Bó = 05 tép. Dây cột màu trắng, cột 1 ngang x 1 dọc hình chữ thập]",,Cái,418.5,KG,4000,0,0,6321,15515,KH010014,,,,SO2412-0051,,,,,,,2301
HD,02/01/2025,NB-001,Xuất bán phế tạp 1850kg * 5.000đ=9.250.000đ xe 51C-098.27,PHE-PHETAP,PHẾ TẠP DƠ - VẢI ÁO BAO MANH QUẤN CUỘN BỊ DƠ,,KG,1850,KG,1850,0,0,,,KH010013,,,,,,,,,,,2301
LR,02/01/2025,LR01/25-0001,Chuyển NL đồng caaos xuất cho SX,HAT-TACKS-1001,Hạt Taical EFPP1001 trắng sáng,KNL001,Kg,1451.51,Kg,1451.51,0,0,15512,1521,CTY00001,,,,,,,,,,,2270
LR,02/01/2025,LR01/25-0001,Chuyển NL đồng caaos xuất cho SX,HAT-TACKS-1001,Hạt Taical EFPP1001 trắng sáng,KNL001,Kg,1400.54,Kg,1400.54,0,0,15512,1521,CTY00001,,,,,,,,,,,2270
LR,02/01/2025,LR01/25-0004,CM SỢI ĐỒNG CẤP,SOI-PR42,"Sợi PP, xanh dương 2195C, 700D, 2.50mm. [5.8% Talc, 2.3% xanh dương EMH77197]",KSO001,KG,382.13,KG,382.13,0,0,15512,15512,CTY00001,,,,,,,,,,,2270
P1,02/01/2025,SIM01/25-001,"Xuất kho bán hàng ngày 02/01/2025, xe 51C-672.66",TPH050074G074INT,"Bao TP-PP, trắng tẩy, K50x74LL (+/-1), TL: 74g/cái (+/-3%), không in. [Mã: 5000931] (Tép 20 cái gấp 03. Bó = 05 tép. Dây cột màu trắng, cột 1 ngang x 1 dọc hình chữ thập).",KKD001,CAI,358,KG,5000,0,0,6321,15517,KH010014,002519,,,SO2412-0054,,,,,,,2240
P1,02/01/2025,SIM01/25-001,"Xuất kho bán hàng ngày 02/01/2025, xe 51C-672.66",TPH060088INT.AQ28.058,"Bao TP-PP, trắng tẩy, K60x88LL, TL: 105g/cái, MK: AQUA FLOUR 28 - CODE 058 (2+1) (Mã: 5000615). [Tép 20 cái gấp 03, code ra ngoài. Bó = 05 tép. Dây cột màu trắng, cột 1 ngang x 1 dọc hình chữ thập]",KKD001,Cái,418.5,KG,4000,0,0,6321,15517,KH010014,002519,,,SO2412-0051,,,,,,,2240
P1,02/01/2025,SIM01/25-002,"Xuất bán phế tạp 1850kg * 5.000đ = 9.250.000đ, xe 51C-098.27",PHE-PHETAP,PHẾ TẠP DƠ - VẢI ÁO BAO MANH QUẤN CUỘN BỊ DƠ,KTL001,KG,1850,KG,1850,0,0,6325,1527,KH010013,000115,,,,,,,,,,2241
PX,02/01/2025,PX01/25-0001,XUẤT MỰC IN CHO KHÂU IN,MDM-FL92GT,Đen 92 FL gián tiếp,KHC001,KG,25,KG,25,0,0,627215,1523,CTY00001,,Phân xưởng 8,,,,,,,,,2217C
PX,02/01/2025,PX01/25-0001,XUẤT MỰC IN CHO KHÂU IN,MDM-FLDO192,Đỏ 192C FL,KHC001,KG,50,KG,50,0,0,627215,1523,CTY00001,,Phân xưởng 8,,,,,,,,,2217C
PX,02/01/2025,PX01/25-0002,XUẤT MỰC IN CHO KHÂU IN,MDM-FL39,Xanh Dương 39 FL,KHC001,KG,50,KG,50,0,0,627215,1523,CTY00001,,Phân xưởng 8,,,,,,,,,2217C
PX,02/01/2025,PX01/25-0002,XUẤT MỰC IN CHO KHÂU IN,MDM-FLDO192GT,Đỏ 192C FL gián tiếp,KHC001,KG,50,KG,50,0,0,627215,1523,CTY00001,,Phân xưởng 8,,,,,,,,,2217C
PX,02/01/2025,PX01/25-0003,Công cụ dụng cụ cấp cho nhân viên điện,0903901310000000,Van tay gạt thủy lực ZT-L20H-OT-G3/4,KVT001,CAI,1,CAI,1,0,0,627310,1524,CTY00001,,Phòng kỹ thuật,,,,,,,,,2216
PX,02/01/2025,PX01/25-0003,Công cụ dụng cụ cấp cho nhân viên điện,0904000290000000,Ty ren M10x1000mm - P1.5mm - inox,KVT001,CAY,1,CAY,1,0,0,627310,1524,CTY00001,,Phòng kỹ thuật,,,,,,,,,2216
PX,02/01/2025,PX01/25-0003,Công cụ dụng cụ cấp cho nhân viên điện,0908600300000000,BỘ LỤC GIÁC TỪ 1-10MM,KVT001,Bộ,2,Bộ,2,0,0,627310,1524,CTY00001,,Phòng kỹ thuật,,,,,,,,,2216
PX,02/01/2025,PX01/25-0003,Công cụ dụng cụ cấp cho nhân viên điện,0922300060000000,Cảo chữ F 250x250mm,KVT001,Cái,1,Cái,1,0,0,627310,1524,CTY00001,,Phòng kỹ thuật,,,,,,,,,2216
PX,02/01/2025,PX01/25-0003,Công cụ dụng cụ cấp cho nhân viên điện,0922300080000000,Cảo bạc đạn nhỏ JTC 4622,KVT001,CAI,1,CAI,1,0,0,627310,1524,CTY00001,,Phòng kỹ thuật,,,,,,,,,2216
PX,02/01/2025,PX01/25-0003,Công cụ dụng cụ cấp cho nhân viên điện,0926300040000000,ĐẦU BẮN VÍT 3 KE ,KVT001,Cái,4,Cái,4,0,0,627310,1524,CTY00001,,Phòng kỹ thuật,,,,,,,,,2216
PX,02/01/2025,PX01/25-0003,Công cụ dụng cụ cấp cho nhân viên điện,5200100010000000,Tua vít 3 ke 5x150mm,KVT001,Cái,1,Cái,1,0,0,627310,1524,CTY00001,,Phòng kỹ thuật,,,,,,,,,2216
PX,02/01/2025,PX01/25-0003,Công cụ dụng cụ cấp cho nhân viên điện,5200111450000000,"Kìm Cắt 5"" YATO YT-1954.",KVT001,CAI,3,CAI,3,0,0,627310,1524,CTY00001,,Phòng kỹ thuật,,,,,,,,,2216
PX,02/01/2025,PX01/25-0003,Công cụ dụng cụ cấp cho nhân viên điện,5200111460000000,Kìm bấm chết KS2-250,KVT001,CAI,2,CAI,2,0,0,627310,1524,CTY00001,,Phòng kỹ thuật,,,,,,,,,2216
PX,02/01/2025,PX01/25-0004,YÊU CẦU NL THỔI NGÀY 02.01.2025,HAT-EVA,"Hạt nhựa EVA: H2181, 7350M...",KNL001,KG,13.85,KG,13.85,0,0,62112,1521,CTY00001,,Phân xưởng 8,,SO2412-0056,LSX12/24-087,Công đoạn thổi túi (HDPE - LDPE-LLDPE),PE,,HDPE0018-2,,2211
PX,02/01/2025,PX01/25-0004,YÊU CẦU NL THỔI NGÀY 02.01.2025,HAT-EVA,"Hạt nhựa EVA: H2181, 7350M...",KNL001,KG,73.24,KG,73.24,0,0,62112,1521,CTY00001,,Phân xưởng 8,,SO2412-0038,LSX01/25-007,Công đoạn thổi túi (HDPE - LDPE-LLDPE),PE,,HDPE0017-1,,2211
PX,02/01/2025,PX01/25-0004,YÊU CẦU NL THỔI NGÀY 02.01.2025,HAT-HDPE-TH,"Hạt nhựa HDPE thổi hấp. [Bao gồm các mã: , 6888, TR-144, FB1460...]",KNL001,KG,87.14,KG,87.14,0,0,62112,1521,CTY00001,,Phân xưởng 8,,SO2412-0056,LSX12/24-087,Công đoạn thổi túi (HDPE - LDPE-LLDPE),PE,,HDPE0018-2,,2211
PX,02/01/2025,PX01/25-0004,YÊU CẦU NL THỔI NGÀY 02.01.2025,HAT-HDPE-TH,"Hạt nhựa HDPE thổi hấp. [Bao gồm các mã: , 6888, TR-144, FB1460...]",KNL001,KG,722.19,KG,722.19,0,0,62112,1521,CTY00001,,Phân xưởng 8,,SO2412-0038,LSX01/25-007,Công đoạn thổi túi (HDPE - LDPE-LLDPE),PE,,HDPE0017-1,,2211
PX,02/01/2025,PX01/25-0004,YÊU CẦU NL THỔI NGÀY 02.01.2025,HAT-LLDPE.THOI,"Hạt nhựa LLDPE thổi gồm các mã: 253HS; FC21HS; FD21HN; 222WJ, 218WJ",KNL001,KG,13.07,KG,13.07,0,0,62112,1521,CTY00001,,Phân xưởng 8,,SO2412-0056,LSX12/24-087,Công đoạn thổi túi (HDPE - LDPE-LLDPE),PE,,HDPE0018-2,,2211
PX,02/01/2025,PX01/25-0004,YÊU CẦU NL THỔI NGÀY 02.01.2025,HAT-LLDPE.THOI,"Hạt nhựa LLDPE thổi gồm các mã: 253HS; FC21HS; FD21HN; 222WJ, 218WJ",KNL001,KG,38.31,KG,38.31,0,0,62112,1521,CTY00001,,Phân xưởng 8,,SO2412-0038,LSX01/25-007,Công đoạn thổi túi (HDPE - LDPE-LLDPE),PE,,HDPE0017-1,,2211
PX,02/01/2025,PX01/25-0004,YÊU CẦU NL THỔI NGÀY 02.01.2025,HAT-TALC-THOI,Hạt Taical thổi PE1001-2C +  IF-PE114C7 (Đại Á),KNL001,KG,43.57,KG,43.57,0,0,62112,1521,CTY00001,,Phân xưởng 8,,SO2412-0056,LSX12/24-087,Công đoạn thổi túi (HDPE - LDPE-LLDPE),PE,,HDPE0018-2,,2211
PX,02/01/2025,PX01/25-0004,YÊU CẦU NL THỔI NGÀY 02.01.2025,HAT-TPP,"Hạt nhựa TPP: FL7632L, Hạt L6000N ...",KNL001,KG,55.38,KG,55.38,0,0,62112,1521,CTY00001,,Phân xưởng 8,,SO2412-0056,LSX12/24-087,Công đoạn thổi túi (HDPE - LDPE-LLDPE),PE,,HDPE0018-2,,2211
PX,02/01/2025,PX01/25-0004,YÊU CẦU NL THỔI NGÀY 02.01.2025,HAT-TPP,"Hạt nhựa TPP: FL7632L, Hạt L6000N ...",KNL001,KG,292.93,KG,292.93,0,0,62112,1521,CTY00001,,Phân xưởng 8,,SO2412-0038,LSX01/25-007,Công đoạn thổi túi (HDPE - LDPE-LLDPE),PE,,HDPE0017-1,,2211
PX,02/01/2025,PX01/25-0007,Yêu cầu xuất NL Sợi X01 ca đêm 01+02/12/2024 ngày 01+02+03/12/2024,HAT-EMPE0033K,Hạt màu đen EMPE0033K - Châu Âu. [KB3],KNL001,KG,19.52,KG,19.52,0,0,62112,1521,CTY00001,,Phân xưởng 1 (Sợi),,SO2412-0047,LSX12/24-077,Công đoạn tạo sợi,SOI,,SOI-UNP6-3,,2211
PX,02/01/2025,PX01/25-0007,Yêu cầu xuất NL Sợi X01 ca đêm 01+02/12/2024 ngày 01+02+03/12/2024,HAT-PPKC-F501N,Hạt nhựa PP kéo sợi - F501N,KNL001,Kg,524.83,Kg,524.83,0,0,62112,1521,CTY00001,,Phân xưởng 1 (Sợi),,SO2412-0047,LSX12/24-077,Công đoạn tạo sợi,SOI,,SOI-UNP6-3,,2211
PX,02/01/2025,PX01/25-0007,Yêu cầu xuất NL Sợi X01 ca đêm 01+02/12/2024 ngày 01+02+03/12/2024,HAT-PPKC-F501N,Hạt nhựa PP kéo sợi - F501N,KNL001,Kg,2638.92,Kg,2638.92,0,0,62112,1521,CTY00001,,Phân xưởng 1 (Sợi),,SO2412-0033,LSX12/24-069,Công đoạn tạo sợi,SOI,,SOI-LU-01,,2211
PX,02/01/2025,PX01/25-0007,Yêu cầu xuất NL Sợi X01 ca đêm 01+02/12/2024 ngày 01+02+03/12/2024,HAT-PPKC-F501N,Hạt nhựa PP kéo sợi - F501N,KNL001,Kg,4466.02,Kg,4466.02,0,0,62112,1521,CTY00001,,Phân xưởng 1 (Sợi),,SO2412-0029,LSX12/24-082,Công đoạn tạo sợi,SOI,,SOI-GL4-4,,2211
PX,02/01/2025,PX01/25-0007,Yêu cầu xuất NL Sợi X01 ca đêm 01+02/12/2024 ngày 01+02+03/12/2024,HAT-TACKS-1001,Hạt Taical EFPP1001 trắng sáng,KNL001,Kg,2232.98,Kg,2232.98,0,0,62112,1521,CTY00001,,Phân xưởng 1 (Sợi),,SO2412-0029,LSX12/24-082,Công đoạn tạo sợi,SOI,,SOI-GL4-4,,2211
PX,02/01/2025,PX01/25-0007,Yêu cầu xuất NL Sợi X01 ca đêm 01+02/12/2024 ngày 01+02+03/12/2024,HAT-TACKS-JB,Hạt Taical kéo sợi Jumbo. [Hanotech: HF006R] [Châu Âu: PP1002BRT],KNL001,KG,1451.51,KG,1451.51,0,0,62112,1521,CTY00001,,Phân xưởng 1 (Sợi),,SO2412-0033,LSX12/24-069,Công đoạn tạo sợi,SOI,,SOI-LU-01,,2211
PX,02/01/2025,PX01/25-0007,Yêu cầu xuất NL Sợi X01 ca đêm 01+02/12/2024 ngày 01+02+03/12/2024,HAT-TAYOP10,Hạt tẩy trắng quang học OP10 (Đại Á),KNL001,KG,4.11,KG,4.11,0,0,62112,1521,CTY00001,,Phân xưởng 1 (Sợi),,SO2412-0033,LSX12/24-069,Công đoạn tạo sợi,SOI,,SOI-LU-01,,2211
PX,02/01/2025,PX01/25-0007,Yêu cầu xuất NL Sợi X01 ca đêm 01+02/12/2024 ngày 01+02+03/12/2024,HAT-UV881C,Hạt UV 881C (Châu Âu),KNL001,KG,18.01,KG,18.01,0,0,62112,1521,CTY00001,,Phân xưởng 1 (Sợi),,SO2412-0047,LSX12/24-077,Công đoạn tạo sợi,SOI,,SOI-UNP6-3,,2211
PX,02/01/2025,PX01/25-0007,Yêu cầu xuất NL Sợi X01 ca đêm 01+02/12/2024 ngày 01+02+03/12/2024,SUI-TAPMAU,Sủi tạp màu.,KNL001,KG,599.8,KG,599.8,0,0,62112,1521,CTY00001,,Phân xưởng 1 (Sợi),,SO2412-0047,LSX12/24-077,Công đoạn tạo sợi,SOI,,SOI-UNP6-3,,2211
PX,02/01/2025,PX01/25-0008,Yêu cầu xuất NL Sợi X07 ca đêm 01+02/12/2024 ngày 01+02+03/12/2024,HAT-EMMV8C,Hạt phụ gia MV8C (Châu Âu),KNL001,KG,50.25,KG,50.25,0,0,62112,1521,CTY00001,,Phân xưởng 7,,SO2411-0036,LSX11/24-060,Công đoạn tạo sợi,SOI,,SOI-MS01-4,,2211
PX,02/01/2025,PX01/25-0008,Yêu cầu xuất NL Sợi X07 ca đêm 01+02/12/2024 ngày 01+02+03/12/2024,HAT-PPKC-F501N,Hạt nhựa PP kéo sợi - F501N,KNL001,Kg,3629.15,Kg,3629.15,0,0,62112,1521,CTY00001,,Phân xưởng 7,,SO2411-0036,LSX11/24-060,Công đoạn tạo sợi,SOI,,SOI-MS01-4,,2211
PX,02/01/2025,PX01/25-0008,Yêu cầu xuất NL Sợi X07 ca đêm 01+02/12/2024 ngày 01+02+03/12/2024,HAT-PPKC-F501N,Hạt nhựa PP kéo sợi - F501N,KNL001,Kg,4061.2,Kg,4061.2,0,0,62112,1521,CTY00001,,Phân xưởng 7,,SO2411-0011,LSX12/24-042,Công đoạn tạo sợi,SOI,,SOI-MA3-1,,2211
PX,02/01/2025,PX01/25-0008,Yêu cầu xuất NL Sợi X07 ca đêm 01+02/12/2024 ngày 01+02+03/12/2024,HAT-PPKC-F501N,Hạt nhựa PP kéo sợi - F501N,KNL001,Kg,494.41,Kg,494.41,0,0,62112,1521,CTY00001,,Phân xưởng 7,,SO2412-0030,LSX12/24-064,Công đoạn tạo sợi,SOI,,SOI-GL18-4,,2211
PX,02/01/2025,PX01/25-0008,Yêu cầu xuất NL Sợi X07 ca đêm 01+02/12/2024 ngày 01+02+03/12/2024,HAT-PPKC-F501N,Hạt nhựa PP kéo sợi - F501N,KNL001,Kg,2099.51,Kg,2099.51,0,0,62112,1521,CTY00001,,Phân xưởng 7,,SO2410-0046,LSX12/24-062,Công đoạn tạo sợi,SOI,,SOI-TP14-1,,2211
PX,02/01/2025,PX01/25-0008,Yêu cầu xuất NL Sợi X07 ca đêm 01+02/12/2024 ngày 01+02+03/12/2024,HAT-PPKC-F501N,Hạt nhựa PP kéo sợi - F501N,KNL001,Kg,6781.74,Kg,6781.74,0,0,62112,1521,CTY00001,,Phân xưởng 7,,SO2410-0046,LSX01/25-009,Công đoạn tạo sợi,SOI,,SOI-TP14-1,,2211
PX,02/01/2025,PX01/25-0008,Yêu cầu xuất NL Sợi X07 ca đêm 01+02/12/2024 ngày 01+02+03/12/2024,HAT-TACKS-1001,Hạt Taical EFPP1001 trắng sáng,KNL001,Kg,164.8,Kg,164.8,0,0,62112,1521,CTY00001,,Phân xưởng 7,,SO2412-0030,LSX12/24-064,Công đoạn tạo sợi,SOI,,SOI-GL18-4,,2211
PX,02/01/2025,PX01/25-0008,Yêu cầu xuất NL Sợi X07 ca đêm 01+02/12/2024 ngày 01+02+03/12/2024,HAT-TACKS-1001,Hạt Taical EFPP1001 trắng sáng,KNL001,Kg,899.79,Kg,899.79,0,0,62112,1521,CTY00001,,Phân xưởng 7,,SO2410-0046,LSX12/24-062,Công đoạn tạo sợi,SOI,,SOI-TP14-1,,2211
PX,02/01/2025,PX01/25-0008,Yêu cầu xuất NL Sợi X07 ca đêm 01+02/12/2024 ngày 01+02+03/12/2024,HAT-TACKS-1001,Hạt Taical EFPP1001 trắng sáng,KNL001,Kg,2906.46,Kg,2906.46,0,0,62112,1521,CTY00001,,Phân xưởng 7,,SO2410-0046,LSX01/25-009,Công đoạn tạo sợi,SOI,,SOI-TP14-1,,2211
PX,02/01/2025,PX01/25-0008,Yêu cầu xuất NL Sợi X07 ca đêm 01+02/12/2024 ngày 01+02+03/12/2024,HAT-TACKS-JB,Hạt Taical kéo sợi Jumbo. [Hanotech: HF006R] [Châu Âu: PP1002BRT],KNL001,KG,1395.65,KG,1395.65,0,0,62112,1521,CTY00001,,Phân xưởng 7,,SO2411-0036,LSX11/24-060,Công đoạn tạo sợi,SOI,,SOI-MS01-4,,2211
PX,02/01/2025,PX01/25-0008,Yêu cầu xuất NL Sợi X07 ca đêm 01+02/12/2024 ngày 01+02+03/12/2024,HAT-TACKS-JB,Hạt Taical kéo sợi Jumbo. [Hanotech: HF006R] [Châu Âu: PP1002BRT],KNL001,KG,4.89,KG,4.89,0,0,62112,1521,CTY00001,,Phân xưởng 7,,SO2411-0011,LSX12/24-042,Công đoạn tạo sợi,SOI,,SOI-MA3-1,,2211
PX,02/01/2025,PX01/25-0010,Yêu cầu nguyên cuộn ngày 03/02,THACAKCP600102102128TRTA,"Cuộn PP, trắng tẩy, K60.0cm(+/-0.5), MĐ: 10.25x10.25, TL: 126.5g/m(cũ 128g/m). [2500(m/cuộn]",KCU001,M,1347,KG,9026.5,0,0,62115,15514,CTY00001,,Phân xưởng 8,,SO2412-0011,LSX01/25-001,Công đoạn in cuộn,BAOBT,,THAINKCP060100TT.DO,,2215
PX,02/01/2025,PX01/25-0010,Yêu cầu nguyên cuộn ngày 03/02,THACAKCP600102102128TRTA,"Cuộn PP, trắng tẩy, K60.0cm(+/-0.5), MĐ: 10.25x10.25, TL: 126.5g/m(cũ 128g/m). [2500(m/cuộn]",KCU001,M,5026.99,KG,41151.5,0,0,62115,15514,CTY00001,,Phân xưởng 8,,SO2412-0011,LSX01/25-001,Công đoạn in cuộn,BAOBT,,THAINKCP060100TT.DO,,2215
PX,02/01/2025,PX01/25-0014,Yêu cầu vải cắt đơn hàng louis LSX01/25-012,THACALUI055105011112TRDU,"Cuộn PP, màu trắng đuc, K55cm (+/-0.5), kiểu dệt 5x1,  MĐ: 10.5x11.0, TL: 112.4g/m (101.2gsm).",KCU001,M,1665.1,KG,15130,0,0,62115,15514,CTY00001,,Phân xưởng 8,,SO2501-0003,LSX01/25-012,Công đoạn cắt may tự động,BAOBT,,CMA550093G110TDLU,,2215
PX,02/01/2025,PX01/25-0015,Yêu cầu vải in cuộn 48 pasir ngày 02/01,THACAMFM485100120089TRDU,"Cuộn PP, trắng đục, K48.5cm, MĐ: 10x12, TL: 89g/m.",KCU001,M,1144,KG,12853.91,0,0,62115,15514,CTY00001,,Phân xưởng 8,,SO2412-0036,LSX01/25-005,Công đoạn in cuộn,BAOBT,,THAINMFM485TD.PSBIBL,,2215
PX,02/01/2025,PX01/25-0015,Yêu cầu vải in cuộn 48 pasir ngày 02/01,THACAMFM485100120089TRDU,"Cuộn PP, trắng đục, K48.5cm, MĐ: 10x12, TL: 89g/m.",KCU001,M,762.67,KG,8569.27,0,0,62115,15514,CTY00001,,Phân xưởng 8,,SO2412-0036,LSX01/25-005,Công đoạn in cuộn,BAOBT,,THAINMFM485TD.PSDIMOUBF,,2215
PX,02/01/2025,PX01/25-0015,Yêu cầu vải in cuộn 48 pasir ngày 02/01,THACAMFM485100120915TRDU,"Cuộn PP, trắng đục, K48.5cm, MĐ: 10x12, TL: 91.5g/m.",KCU001,M,2783.41,KG,30419.8,0,0,62115,15514,CTY00001,,Phân xưởng 8,,SO2412-0036,LSX01/25-005,Công đoạn in cuộn,BAOBT,,THAINMFM485089TD.PSNT,,2215
PX,02/01/2025,PX01/25-0036,XUẤT KHO NGÀY 02/01/2025,SOI-ECL5-1,"Sợi PP, trắng đục, 850D, 3.33mm. [19.50%]",KSO001,KG,193.09,KG,193.09,0,0,62114,15512,CTY00001,,Xưởng dệt,,SO2412-0041,LSX12/24-058,Công đoạn dệt,VAICUON,,0102107006000000,,2213
PX,02/01/2025,PX01/25-0036,XUẤT KHO NGÀY 02/01/2025,SOI-ECL5-1,"Sợi PP, trắng đục, 850D, 3.33mm. [19.50%]",KSO001,KG,544.49,KG,544.49,0,0,62114,15512,CTY00001,,Xưởng dệt,,SO2412-0041,LSX12/24-058,Công đoạn dệt,VAICUON,,0102107006000000,,2213
PX,02/01/2025,PX01/25-0036,XUẤT KHO NGÀY 02/01/2025,SOI-ECL5-1,"Sợi PP, trắng đục, 850D, 3.33mm. [19.50%]",KSO001,KG,96.5,KG,96.5,0,0,62114,15512,CTY00001,,Xưởng dệt,,SO2411-0037,LSX11/24-056,Công đoạn dệt,VAICUON,,0102107008000000,,2213
PX,02/01/2025,PX01/25-0036,XUẤT KHO NGÀY 02/01/2025,SOI-ECL5-1,"Sợi PP, trắng đục, 850D, 3.33mm. [19.50%]",KSO001,KG,351.83,KG,351.83,0,0,62114,15512,CTY00001,,Xưởng dệt,,SO2411-0037,LSX11/24-056,Công đoạn dệt,VAICUON,,0102107006000000,,2213
PX,02/01/2025,PX01/25-0036,XUẤT KHO NGÀY 02/01/2025,SOI-GL18-4,"Sợi PP, trắng đục, 960D, 2.91mm. [25TC] [No Recycled]",KSO001,KG,116.42,KG,116.42,0,0,62114,15512,CTY00001,,Xưởng dệt,,SO2410-0027,LSX10/24-057,Công đoạn dệt,VAICUON,,THACUHAL595085080081TRDU,,2213
PX,02/01/2025,PX01/25-0036,XUẤT KHO NGÀY 02/01/2025,SOI-GL18-4,"Sợi PP, trắng đục, 960D, 2.91mm. [25TC] [No Recycled]",KSO001,KG,355.77,KG,355.77,0,0,62114,15512,CTY00001,,Xưởng dệt,,SO2410-0027,LSX10/24-057,Công đoạn dệt,VAICUON,,THACUHAL595085080081TRDU,,2213
PX,02/01/2025,PX01/25-0036,XUẤT KHO NGÀY 02/01/2025,SOI-HL33,"Sợi PP, màu trắng đục, 910D, 2.45mm.",KSO001,KG,203.39,KG,203.39,0,0,62114,15512,CTY00001,,Xưởng dệt,,SO2412-0005,LSX12/24-043,Công đoạn dệt,VAICUON,,THADGHAL585010010097TRDU,,2213
PX,02/01/2025,PX01/25-0036,XUẤT KHO NGÀY 02/01/2025,SOI-HL33,"Sợi PP, màu trắng đục, 910D, 2.45mm.",KSO001,KG,163.5,KG,163.5,0,0,62114,15512,CTY00001,,Xưởng dệt,,SO2412-0005,LSX12/24-043,Công đoạn dệt,VAICUON,,THADGHAL585010010097TRDU,,2213
PX,02/01/2025,PX01/25-0036,XUẤT KHO NGÀY 02/01/2025,SOI-IT3,"Sợi PP, màu trắng tẩy, 730D, 2.80mm, 2.1kgF, 18%.",KSO001,KG,544.1,KG,544.1,0,0,62114,15512,CTY00001,,Xưởng dệt,,SO2409-0055,LSX11/24-058,Công đoạn dệt,VAICUON,,THACAINT750100100099TRTA,,2213
PX,02/01/2025,PX01/25-0036,XUẤT KHO NGÀY 02/01/2025,SOI-JB5-2,"Sợi PP, trắng UV, 950D, 2.20mm. [1.5UV MU001D + taical hanotech]",KSO001,KG,164.74,KG,164.74,0,0,62114,15512,CTY00001,,Xưởng dệt,,SO2411-0017,LSX11/24-031,Công đoạn dệt,VAICUON,,THACAUNP170120122521TRDU,,2213
PX,02/01/2025,PX01/25-0036,XUẤT KHO NGÀY 02/01/2025,SOI-JB5-2,"Sợi PP, trắng UV, 950D, 2.20mm. [1.5UV MU001D + taical hanotech]",KSO001,KG,164.74,KG,164.74,0,0,62114,15512,CTY00001,,Xưởng dệt,,SO2411-0017,LSX11/24-031,Công đoạn dệt,VAICUON,,THACAUNP170120122521TRDU,,2213
PX,02/01/2025,PX01/25-0036,XUẤT KHO NGÀY 02/01/2025,SOI-JB5-2,"Sợi PP, trắng UV, 950D, 2.20mm. [1.5UV MU001D + taical hanotech]",KSO001,KG,51.6,KG,51.6,0,0,62114,15512,CTY00001,,Xưởng dệt,,SO2411-0017,LSX11/24-031,Công đoạn dệt,VAICUON,,THACAUNP170120122521TRDU,,2213
PX,02/01/2025,PX01/25-0036,XUẤT KHO NGÀY 02/01/2025,SOI-JB56,"Sợi PP, trắng UV, 1800D, 5.0mm.",KSO001,KG,613.78,KG,613.78,0,0,62114,15512,CTY00001,,Xưởng dệt,,SO2411-0017,LSX11/24-027,Công đoạn dệt,VAICUON,,THACAUNP175120122536TRDU,,2213
PX,02/01/2025,PX01/25-0036,XUẤT KHO NGÀY 02/01/2025,SOI-JB56,"Sợi PP, trắng UV, 1800D, 5.0mm.",KSO001,KG,282.8,KG,282.8,0,0,62114,15512,CTY00001,,Xưởng dệt,,SO2411-0017,LSX11/24-027,Công đoạn dệt,VAICUON,,THACAUNP175120122536TRDU,,2213
PX,02/01/2025,PX01/25-0036,XUẤT KHO NGÀY 02/01/2025,SOI-KC15,"Sợi PP, trắng tẩy, 1140D, 2.35mm. [Không sủi, dùng hạt tẩy OP10]",KSO001,KG,255.71,KG,255.71,0,0,62114,15512,CTY00001,,Xưởng dệt,,SO2411-0016,LSX12/24-063,Công đoạn dệt,VAICUON,,THACAKCP600102102128TRTA,,2213
PX,02/01/2025,PX01/25-0036,XUẤT KHO NGÀY 02/01/2025,SOI-KC15,"Sợi PP, trắng tẩy, 1140D, 2.35mm. [Không sủi, dùng hạt tẩy OP10]",KSO001,KG,252.02,KG,252.02,0,0,62114,15512,CTY00001,,Xưởng dệt,,SO2411-0016,LSX12/24-063,Công đoạn dệt,VAICUON,,THACAKCP600102102128TRTA,,2213
PX,02/01/2025,PX01/25-0036,XUẤT KHO NGÀY 02/01/2025,SOI-KC15,"Sợi PP, trắng tẩy, 1140D, 2.35mm. [Không sủi, dùng hạt tẩy OP10]",KSO001,KG,1022.12,KG,1022.12,0,0,62114,15512,CTY00001,,Xưởng dệt,,SO2411-0016,LSX12/24-063,Công đoạn dệt,VAICUON,,THACAKCP600102102128TRTA,,2213
PX,02/01/2025,PX01/25-0036,XUẤT KHO NGÀY 02/01/2025,SOI-KC15,"Sợi PP, trắng tẩy, 1140D, 2.35mm. [Không sủi, dùng hạt tẩy OP10]",KSO001,KG,850.92,KG,850.92,0,0,62114,15512,CTY00001,,Xưởng dệt,,SO2411-0016,LSX12/24-063,Công đoạn dệt,VAICUON,,THACAKCP600102102128TRTA,,2213
PX,02/01/2025,PX01/25-0036,XUẤT KHO NGÀY 02/01/2025,SOI-LU-01,"Sợi PP, trắng đục, 1000D, bản sợi 2.45mm(4kgf).",KSO001,KG,899.01,KG,899.01,0,0,62114,15512,CTY00001,,Xưởng dệt,,SO2411-0067,LSX12/24-023,Công đoạn dệt,VAICUON,,THACALUI055105105104TRDU,,2213
PX,02/01/2025,PX01/25-0036,XUẤT KHO NGÀY 02/01/2025,SOI-LU-01,"Sợi PP, trắng đục, 1000D, bản sợi 2.45mm(4kgf).",KSO001,KG,198.65,KG,198.65,0,0,62114,15512,CTY00001,,Xưởng dệt,,SO2412-0025,LSX12/24-061,Công đoạn dệt,VAICUON,,THACALUI055105125114TRDU,,2213
PX,02/01/2025,PX01/25-0036,XUẤT KHO NGÀY 02/01/2025,SOI-LU-01,"Sợi PP, trắng đục, 1000D, bản sợi 2.45mm(4kgf).",KSO001,KG,37.7,KG,37.7,0,0,62114,15512,CTY00001,,Xưởng dệt,,SO2412-0033,LSX12/24-069,Công đoạn dệt,VAICUON,,THACALUI055105125114TRDU,,2213
PX,02/01/2025,PX01/25-0036,XUẤT KHO NGÀY 02/01/2025,SOI-MA3-1,"Sợi PP, 880D, 2.91mm, trắng trong. [012Talc] [Cảnh báo: Không sử dụng sợi đồng cấp cho sợi này]",KSO001,KG,378.48,KG,378.48,0,0,62114,15512,CTY00001,,Xưởng dệt,,SO2411-0011,LSX12/24-042,Công đoạn dệt,VAICUON,,THACUHAL595085080778TRTR,,2213
PX,02/01/2025,PX01/25-0036,XUẤT KHO NGÀY 02/01/2025,SOI-MA3-1,"Sợi PP, 880D, 2.91mm, trắng trong. [012Talc] [Cảnh báo: Không sử dụng sợi đồng cấp cho sợi này]",KSO001,KG,378.48,KG,378.48,0,0,62114,15512,CTY00001,,Xưởng dệt,,SO2411-0011,LSX12/24-042,Công đoạn dệt,VAICUON,,THACUHAL595085080778TRTR,,2213
PX,02/01/2025,PX01/25-0036,XUẤT KHO NGÀY 02/01/2025,SOI-MA3-1,"Sợi PP, 880D, 2.91mm, trắng trong. [012Talc] [Cảnh báo: Không sử dụng sợi đồng cấp cho sợi này]",KSO001,KG,89.88,KG,89.88,0,0,62114,15512,CTY00001,,Xưởng dệt,,SO2411-0011,LSX12/24-042,Công đoạn dệt,VAICUON,,THACUHAL595085080778TRTR,,2213
PX,02/01/2025,PX01/25-0036,XUẤT KHO NGÀY 02/01/2025,SOI-MA3-1,"Sợi PP, 880D, 2.91mm, trắng trong. [012Talc] [Cảnh báo: Không sử dụng sợi đồng cấp cho sợi này]",KSO001,KG,85.68,KG,85.68,0,0,62114,15512,CTY00001,,Xưởng dệt,,SO2411-0011,LSX12/24-042,Công đoạn dệt,VAICUON,,THACUHAL595085080778TRTR,,2213
PX,02/01/2025,PX01/25-0036,XUẤT KHO NGÀY 02/01/2025,SOI-MA3-1,"Sợi PP, 880D, 2.91mm, trắng trong. [012Talc] [Cảnh báo: Không sử dụng sợi đồng cấp cho sợi này]",KSO001,KG,56.56,KG,56.56,0,0,62114,15512,CTY00001,,Xưởng dệt,,SO2411-0011,LSX12/24-042,Công đoạn dệt,VAICUON,,THACUHAL595085080778TRTR,,2213
PX,02/01/2025,PX01/25-0036,XUẤT KHO NGÀY 02/01/2025,SOI-MA3-1,"Sợi PP, 880D, 2.91mm, trắng trong. [012Talc] [Cảnh báo: Không sử dụng sợi đồng cấp cho sợi này]",KSO001,KG,271.12,KG,271.12,0,0,62114,15512,CTY00001,,Xưởng dệt,,SO2411-0011,LSX12/24-042,Công đoạn dệt,VAICUON,,THACUHAL595085080778TRTR,,2213
PX,02/01/2025,PX01/25-0036,XUẤT KHO NGÀY 02/01/2025,SOI-MA4,"Sợi PP, 850D, 2.91mm, trắng trong. [Cảnh báo: Không sử dụng sợi đồng cấp cho sợi này]",KSO001,KG,182.6,KG,182.6,0,0,62114,15512,CTY00001,,Xưởng dệt,,SO2410-0059,LSX11/24-061,Công đoạn dệt,VAICUON,,THACUSAN595085080778TRTR,,2213
PX,02/01/2025,PX01/25-0036,XUẤT KHO NGÀY 02/01/2025,SOI-MA4,"Sợi PP, 850D, 2.91mm, trắng trong. [Cảnh báo: Không sử dụng sợi đồng cấp cho sợi này]",KSO001,KG,358,KG,358,0,0,62114,15512,CTY00001,,Xưởng dệt,,SO2410-0059,LSX11/24-061,Công đoạn dệt,VAICUON,,THACUSAN595085080778TRTR,,2213
PX,02/01/2025,PX01/25-0036,XUẤT KHO NGÀY 02/01/2025,SOI-MA4,"Sợi PP, 850D, 2.91mm, trắng trong. [Cảnh báo: Không sử dụng sợi đồng cấp cho sợi này]",KSO001,KG,251.28,KG,251.28,0,0,62114,15512,CTY00001,,Xưởng dệt,,SO2410-0059,LSX11/24-061,Công đoạn dệt,VAICUON,,THACUSAN595085080778TRTR,,2213
PX,02/01/2025,PX01/25-0036,XUẤT KHO NGÀY 02/01/2025,SOI-MK12-4,"Sợi PP, trắng tẩy, 950D, 2.5mm. (Dùng hạt tẩy OP10 - Đại Á)",KSO001,KG,535,KG,535,0,0,62114,15512,CTY00001,,Xưởng dệt,,SO2410-0009,LSX11/24-025,Công đoạn dệt,VAICUON,,THACAINT600105110111TRTA,,2213
PX,02/01/2025,PX01/25-0036,XUẤT KHO NGÀY 02/01/2025,SOI-MS01-2,"Sợi PP 820D bản chỉ 2.5 mm, trắng đục [Dùng MV8C+Sủi]",KSO001,KG,1107.9,KG,1107.9,0,0,62114,15512,CTY00001,,Xưởng dệt,,SO2410-0016,LSX12/24-086,Công đoạn dệt,VAICUON,,THACAMFM660110120110TRDU,,2213
PX,02/01/2025,PX01/25-0036,XUẤT KHO NGÀY 02/01/2025,SOI-PR42,"Sợi PP, xanh dương 2195C, 700D, 2.50mm. [5.8% Talc, 2.3% xanh dương EMH77197]",KSO001,KG,58.43,KG,58.43,0,0,62114,15512,CTY00001,,Xưởng dệt,,SO2408-0034,LSX09/24-049,Công đoạn dệt,VAICUON,,THACUPER200100130150XD00,,2213
PX,02/01/2025,PX01/25-0036,XUẤT KHO NGÀY 02/01/2025,SOI-PR42,"Sợi PP, xanh dương 2195C, 700D, 2.50mm. [5.8% Talc, 2.3% xanh dương EMH77197]",KSO001,KG,638.39,KG,638.39,0,0,62114,15512,CTY00001,,Xưởng dệt,,SO2408-0034,LSX09/24-049,Công đoạn dệt,VAICUON,,THACUPER200100130150XD00,,2213
PX,02/01/2025,PX01/25-0036,XUẤT KHO NGÀY 02/01/2025,SOI-PR42,"Sợi PP, xanh dương 2195C, 700D, 2.50mm. [5.8% Talc, 2.3% xanh dương EMH77197]",KSO001,KG,729.82,KG,729.82,0,0,62114,15512,CTY00001,,Xưởng dệt,,SO2408-0034,LSX09/24-049,Công đoạn dệt,VAICUON,,THACUPER200100130150XD00,,2213
PX,02/01/2025,PX01/25-0036,XUẤT KHO NGÀY 02/01/2025,SOI-PRBX-01,"Sợi PP, xanh dương 2195C, 760D, 2.50mm. [EMH77197]",KSO001,KG,344.59,KG,344.59,0,0,62114,15512,CTY00001,,Xưởng dệt,,SO2408-0034,LSX09/24-049,Công đoạn dệt,VAICUON,,THACUPER400100130340XD00,,2213
PX,02/01/2025,PX01/25-0036,XUẤT KHO NGÀY 02/01/2025,SOI-PRBX-01,"Sợi PP, xanh dương 2195C, 760D, 2.50mm. [EMH77197]",KSO001,KG,37.54,KG,37.54,0,0,62114,15512,CTY00001,,Xưởng dệt,,SO2408-0034,LSX09/24-049,Công đoạn dệt,VAICUON,,THACUPER400100130340XD00,,2213
PX,02/01/2025,PX01/25-0036,XUẤT KHO NGÀY 02/01/2025,SOI-PRE1,"Sợi PP, trắng đục, 820D, 2.55mm.",KSO001,KG,0.31,KG,0.31,0,0,62114,15512,CTY00001,,Xưởng dệt,,SO2412-0004,LSX12/24-018,Công đoạn dệt,VAICUON,,0102125051000000,,2213
PX,02/01/2025,PX01/25-0036,XUẤT KHO NGÀY 02/01/2025,SOI-PRE1,"Sợi PP, trắng đục, 820D, 2.55mm.",KSO001,KG,121.12,KG,121.12,0,0,62114,15512,CTY00001,,Xưởng dệt,,SO2412-0004,LSX12/24-018,Công đoạn dệt,VAICUON,,0102125051000000,,2213
PX,02/01/2025,PX01/25-0036,XUẤT KHO NGÀY 02/01/2025,SOI-PRE1,"Sợi PP, trắng đục, 820D, 2.55mm.",KSO001,KG,406.62,KG,406.62,0,0,62114,15512,CTY00001,,Xưởng dệt,,SO2412-0004,LSX12/24-018,Công đoạn dệt,VAICUON,,0102125051000000,,2213
PX,02/01/2025,PX01/25-0036,XUẤT KHO NGÀY 02/01/2025,SOI-PRE1,"Sợi PP, trắng đục, 820D, 2.55mm.",KSO001,KG,57.22,KG,57.22,0,0,62114,15512,CTY00001,,Xưởng dệt,,SO2412-0004,LSX12/24-018,Công đoạn dệt,VAICUON,,0102125051000000,,2213
PX,02/01/2025,PX01/25-0036,XUẤT KHO NGÀY 02/01/2025,SOI-PRE1,"Sợi PP, trắng đục, 820D, 2.55mm.",KSO001,KG,77.72,KG,77.72,0,0,62114,15512,CTY00001,,Xưởng dệt,,SO2412-0004,LSX12/24-018,Công đoạn dệt,VAICUON,,0102125051000000,,2213
PX,02/01/2025,PX01/25-0036,XUẤT KHO NGÀY 02/01/2025,SOI-SMY2,"Sợi PP denier 950D , bản chỉ 3.33mm (khách hàng San Miguel )",KSO001,KG,588.15,KG,588.15,0,0,62114,15512,CTY00001,,Xưởng dệt,,SO2406-0041,LSX12/24-070,Công đoạn dệt,VAICUON,,0102129003000000,,2213
PX,02/01/2025,PX01/25-0036,XUẤT KHO NGÀY 02/01/2025,SOI-SMY2,"Sợi PP denier 950D , bản chỉ 3.33mm (khách hàng San Miguel )",KSO001,KG,480.75,KG,480.75,0,0,62114,15512,CTY00001,,Xưởng dệt,,SO2406-0041,LSX12/24-070,Công đoạn dệt,VAICUON,,0102129003000000,,2213
PX,02/01/2025,PX01/25-0036,XUẤT KHO NGÀY 02/01/2025,SOI-SW5,"Sợi PP, trắng đục, 810D, 2.55mm. [Non-Recycled]",KSO001,KG,307.5,KG,307.5,0,0,62114,15512,CTY00001,,Xưởng dệt,,SO2409-0033,LSX10/24-049,Công đoạn dệt,VAICUON,,0102125017000000,,2213
PX,02/01/2025,PX01/25-0036,XUẤT KHO NGÀY 02/01/2025,SOI-SW5,"Sợi PP, trắng đục, 810D, 2.55mm. [Non-Recycled]",KSO001,KG,421.31,KG,421.31,0,0,62114,15512,CTY00001,,Xưởng dệt,,SO2409-0033,LSX10/24-049,Công đoạn dệt,VAICUON,,0102125017000000,,2213
PX,02/01/2025,PX01/25-0036,XUẤT KHO NGÀY 02/01/2025,SOI-SW5,"Sợi PP, trắng đục, 810D, 2.55mm. [Non-Recycled]",KSO001,KG,278.1,KG,278.1,0,0,62114,15512,CTY00001,,Xưởng dệt,,SO2409-0033,LSX10/24-049,Công đoạn dệt,VAICUON,,0102125017000000,,2213
PX,02/01/2025,PX01/25-0036,XUẤT KHO NGÀY 02/01/2025,SOI-SW5,"Sợi PP, trắng đục, 810D, 2.55mm. [Non-Recycled]",KSO001,KG,216.53,KG,216.53,0,0,62114,15512,CTY00001,,Xưởng dệt,,SO2409-0033,LSX10/24-049,Công đoạn dệt,VAICUON,,0102125017000000,,2213
PX,02/01/2025,PX01/25-0036,XUẤT KHO NGÀY 02/01/2025,SOI-SW5,"Sợi PP, trắng đục, 810D, 2.55mm. [Non-Recycled]",KSO001,KG,147.13,KG,147.13,0,0,62114,15512,CTY00001,,Xưởng dệt,,SO2409-0033,LSX10/24-049,Công đoạn dệt,VAICUON,,0102125017000000,,2213
PX,02/01/2025,PX01/25-0036,XUẤT KHO NGÀY 02/01/2025,SOI-SW5,"Sợi PP, trắng đục, 810D, 2.55mm. [Non-Recycled]",KSO001,KG,126.53,KG,126.53,0,0,62114,15512,CTY00001,,Xưởng dệt,,SO2409-0033,LSX10/24-049,Công đoạn dệt,VAICUON,,0102125017000000,,2213
PX,02/01/2025,PX01/25-0036,XUẤT KHO NGÀY 02/01/2025,SOI-SW5,"Sợi PP, trắng đục, 810D, 2.55mm. [Non-Recycled]",KSO001,KG,186.53,KG,186.53,0,0,62114,15512,CTY00001,,Xưởng dệt,,SO2409-0033,LSX10/24-049,Công đoạn dệt,VAICUON,,0102125017000000,,2213
PX,02/01/2025,PX01/25-0036,XUẤT KHO NGÀY 02/01/2025,SOI-TP14-1,"Sợi PP, màu trắng đục, 820D, 3.0mm.",KSO001,KG,2537.85,KG,2537.85,0,0,62114,15512,CTY00001,,Xưởng dệt,,SO2410-0046,LSX12/24-032,Công đoạn dệt,VAICUON,,THACUTAU127080080078TRDU,,2213
PX,02/01/2025,PX01/25-0036,XUẤT KHO NGÀY 02/01/2025,SOI-TP14-1,"Sợi PP, màu trắng đục, 820D, 3.0mm.",KSO001,KG,421.89,KG,421.89,0,0,62114,15512,CTY00001,,Xưởng dệt,,SO2410-0046,LSX12/24-032,Công đoạn dệt,VAICUON,,THACUTAU127080080078TRDU,,2213
PX,02/01/2025,PX01/25-0036,XUẤT KHO NGÀY 02/01/2025,SOI-TP14-1,"Sợi PP, màu trắng đục, 820D, 3.0mm.",KSO001,KG,394.59,KG,394.59,0,0,62114,15512,CTY00001,,Xưởng dệt,,SO2410-0046,LSX12/24-032,Công đoạn dệt,VAICUON,,THACUTAU127080080078TRDU,,2213
XK,02/01/2025,0000001,"Xuất kho bán hàng ngày 31.12.2024., INV: 001",0102109008000000,"Vải cuộn PP, trắng đục, K58.5cm, MĐ: 10.0x10.0, dệt xếp, TL: 82.0g/m./THACUHAL585100100082TRDU",,M,6931.5,KG,85680,0,0,6322,15514,KH020008,,,,SO2411-0028,,,,,,,2301
XK,02/01/2025,0000001,"Xuất kho bán hàng ngày 31.12.2024., INV: 001",0102109030000000,"Vải cuộn PP, hấp PE bên trong, trắng trong, K58.5cm, TL: 100g/m. [850D, 8.0x8.0, 20micron]/HAPHAL585100TRTR",,M,6552.5,KG,67730,0,0,6322,15514,KH020008,,,,SO2411-0011,,,,,,,2301
XK,02/01/2025,0000001,"Xuất kho bán hàng ngày 31.12.2024., INV: 001",0119109032000000,"Vải cuộn PP, trắng đục, K56.0cm, MĐ: 10.0x10.0, TL: 78.0g/m. [810D]/THACUHAL560100100078TRDU",,M,11060,KG,142485,0,0,6322,15514,KH020008,,,,SO2411-0038,,,,,,,2301
XK,02/01/2025,0000001,"Xuất kho bán hàng ngày 31.12.2024., INV: 001",THADGHAL585010010097TRDU,"Vải cuộn PP, trắng đục, K58.5cm, MĐ: 10.0x10.0, dệt caro, TL: 97.0g/m (3000m/cuộn). Bọc cuộn bằng vải áo có tráng, nút bịt nhựa 2 đầu ống.",,M,861.5,KG,9180,0,0,6322,15514,KH020008,,,,SO2412-0005,,,,,,,2301
HD,03/01/2025,NB-002,Xuất kho bán hàng ngày 03.01.2025_số lượng: 2.251kg*30.000đ/kg=67.530.000 đồng,THACAKCP600102102128TRTA,"Cuộn PP, trắng tẩy, K60.0cm(+/-0.5), MĐ: 10.25x10.25, TL: 126.5g/m(cũ 128g/m). [2500(m/cuộn]",,M,2251,KG,17443,0,0,,,NCC010055,,,,,,,,,,,2301
LR,03/01/2025,LR01/25-0002,Chuyển NL đồng caaos xuất cho SX,HAT-TACKS-1001,Hạt Taical EFPP1001 trắng sáng,KNL001,Kg,602.04,Kg,602.04,0,0,15512,1521,CTY00001,,,,,,,,,,,2270
LR,03/01/2025,LR01/25-0003,Chuyển NL đồng caaos xuất cho SX,PHE-PHECAT,Phế thu hồi khâu cắt.,KPH001,CAI,5100,KG,51000,0,0,15512,1527,CTY00001,,,,,,,,,,,2270
LR,03/01/2025,LR01/25-0005,CM SỢI ĐỒNG CẤP,SOI-MS01-4,"Sợi PP 820D bản chỉ 2.5 mm, trắng đục [Dùng MV8C]",KSO001,KG,2759.1,KG,0,0,0,15512,15512,CTY00001,,,,,,,,,,,2270
LR,03/01/2025,LR01/25-0006,CM SỢI ĐỒNG CẤP,SOI-MS01-4,"Sợi PP 820D bản chỉ 2.5 mm, trắng đục [Dùng MV8C]",KSO001,KG,398.3,KG,398.3,0,0,15512,15512,CTY00001,,,,,,,,,,,2270
LR,03/01/2025,LR01/25-0007,Cm sợi tạm,SOI-PR42MI-01,"Sợi PP, xanh dương 2195C, 670D, 2.50mm. [EMH77197+20.5%Sủi xanh dương+MF4X]",KSO001,KG,121,KG,121,0,0,15512,15512,CTY00001,,,,,,,,,,,2270
P1,03/01/2025,SIM01/25-003,"Xuất kho bán hàng ngày 03/01/2025, 30.000đ * 2251kg = 67.530.000đ",THACAKCP600102102128TRTA,"Cuộn PP, trắng tẩy, K60.0cm(+/-0.5), MĐ: 10.25x10.25, TL: 126.5g/m(cũ 128g/m). [2500(m/cuộn]",KKD001,M,2251,KG,17443,0,0,6322,15517,NCC010055,002156,,,,,,,,,,2242
P1,03/01/2025,SIM01/25-004,XK bán hàng ngày 03/01/2025; Số Cont 40': MSDU7169878; Số Seal: FX34976143; INV: 02,0102125012000000,"Vải cuộn PP, trắng đục, K56.0cm(+1/-0.5), MĐ: 10.0x9.0, TL: 78g/m (+1/-2). [3500m/cuộn]/THACUSAN560100009078TRDU",KKD001,M,7507.4,KG,96022,0,0,6322,15517,KH020016,002519,,,SO2411-0034,,,,,,,2242
P1,03/01/2025,SIM01/25-004,XK bán hàng ngày 03/01/2025; Số Cont 40': MSDU7169878; Số Seal: FX34976143; INV: 02,0102125017000000,"Vải cuộn PP, trắng đục, K58.5cm(+1/-0.5), MĐ: 10.0x9.0, TL: 81g/m(+/-2). [3500 m/cuộn]/THACUSAN585100009081TRDU",KKD001,M,3472,KG,42420,0,0,6322,15517,KH020016,002519,,,SO2411-0065,,,,,,,2242
P1,03/01/2025,SIM01/25-004,XK bán hàng ngày 03/01/2025; Số Cont 40': MSDU7169878; Số Seal: FX34976143; INV: 02,0102125051000000,"Vải cuộn PP, trắng đục, K73.5cm (+1/-0.5), MĐ: 10.0x11.0, TL: 118g/m (+/-2). [3000m/cuộn]/THACUSAN735100110118TRDU",KKD001,M,1748,KG,15140,0,0,6322,15517,KH020016,002519,,,SO2412-0027,,,,,,,2242
P1,03/01/2025,SIM01/25-004,XK bán hàng ngày 03/01/2025; Số Cont 40': MSDU7169878; Số Seal: FX34976143; INV: 02,0102125059000000,"Vải cuộn PP, trắng đục, K71cm (+1.5/-0), MĐ: 11.0x12.0, TL: 116.0g/m (+/-2.0). [2500m/cuộn] [Hooking]/THACUSAN710110120116TRDU",KKD001,M,3257,KG,28000,0,0,6322,15517,KH020016,002519,,,SO2412-0015,,,,,,,2242
P1,03/01/2025,SIM01/25-004,XK bán hàng ngày 03/01/2025; Số Cont 40': MSDU7169878; Số Seal: FX34976143; INV: 02,0102125064000000,"Vải cuộn PP, trắng đục, K58.5cm, MĐ: 11.0x11.0, TL: 96g/m. [Hooking]/THACUSAN585110110096TRDU [Kiểm soát trung bình 95 - 97.5g/m]",KKD001,M,3485,KG,36360,0,0,6322,15517,KH020016,002519,,,SO2411-0035,,,,,,,2242
P1,03/01/2025,SIM01/25-004,XK bán hàng ngày 03/01/2025; Số Cont 40': MSDU7169878; Số Seal: FX34976143; INV: 02,HAPSAN585099TRTR,"Vải cuộn PP, tráng hấp PE, trắng trong, K58.5cm, MĐ: 8.0x8.0, TL: 99.5g/m. [3000m/cuộn] [910D, 8x8]",KKD001,M,4292,KG,44418,0,0,6322,15517,KH020016,002519,,,SO2410-0059,,,,,,,2242
P1,03/01/2025,SIM01/25-004,XK bán hàng ngày 03/01/2025; Số Cont 40': MSDU7169878; Số Seal: FX34976143; INV: 02,THACUSPL510100120086TRDU,"Vải cuộn PP, trắng đục, K51.0cm, MĐ: 10x11.5/12, 880D, 2.55mm, TL: 86g/m [3000m/cuộn].",KKD001,M,262.5,KG,3060,0,0,6322,15517,KH020016,002519,,,SO2412-0050,,,,,,,2242
P1,03/01/2025,SIM01/25-004,XK bán hàng ngày 03/01/2025; Số Cont 40': MSDU7169878; Số Seal: FX34976143; INV: 02,THADGSAN560080080095TRTR,"[Đóng gói] Vải cuộn PP, tráng hấp PE, trắng trong, K56.0cm, MĐ: 8.0x8.0, TL: 95.0g/m. [3000m/cuộn]",KKD001,M,1395.5,KG,14997,0,0,6322,15517,KH020016,002519,,,SO2410-0060,,,,,,,2242
P1,03/01/2025,SIM01/25-005,XK bán hàng ngày 03/01/2025; Số Cont 20': TEMU0136836; Số Seal: 28396724; INV: 03,TPH060092G70TDCHN,"Bao TP-PP, trắng đục, không in, K60.0x92.0, TL: 70.0g/cái. [Tép 100 cái trải thẳng, kiện 5 tép trở đầu, bọc vải áo dệt xếp, bao nhận diện bên ngoài, bắn đai 4 ngang x 1 dọc]",KKD001,CAI,138.1,KG,2000,0,0,6321,15517,KH020003,002519,,,SO2411-0064,,,,,,,2240
P1,03/01/2025,SIM01/25-005,XK bán hàng ngày 03/01/2025; Số Cont 20': TEMU0136836; Số Seal: 28396724; INV: 03,TPH060092G70TDCHN.HRNL,"Bao TP-PP, trắng đục, K60.0x92.0PB, TL: 70.0g/cái, MK: HARINILLA INGRE - 25KG (2+0). [Tép 100 cái trải thẳng, kiện 5 tép trở đầu, bọc vải áo dệt xếp, bao nhận diện bên ngoài, bắn đai 4 ngang x 1 dọc]",KKD001,CAI,1028.6,KG,14700,0,0,6321,15517,KH020003,002519,,,SO2411-0064,,,,,,,2240
P1,03/01/2025,SIM01/25-005,XK bán hàng ngày 03/01/2025; Số Cont 20': TEMU0136836; Số Seal: 28396724; INV: 03,TPH060092G70TDCHN.RPCS,"Bao TP-PP, trắng đục, K60.0x92.0PB, TL: 70.0g/cái, MK: REPROCESO (1+0). [Tép 100 cái trải thẳng, kiện 5 tép trở đầu, bọc vải áo dệt xếp, bao nhận diện bên ngoài, bắn đai 4 ngang x 1 dọc]",KKD001,CAI,210.3,KG,3000,0,0,6321,15517,KH020003,002519,,,SO2411-0064,,,,,,,2240
P1,03/01/2025,SIM01/25-005,XK bán hàng ngày 03/01/2025; Số Cont 20': TEMU0136836; Số Seal: 28396724; INV: 03,TPH060092G74TD.CHN.HRNL,"Bao valve, trắng đục, K60.0x92.0PB, valve 16.0cm, TL: 74.0g/cái, MK: HARINILLA CISNE- 25KG (2+0). [Tép 100 cái trải thẳng, kiện 5 tép trở đầu, bọc vải áo dệt xếp, bao nhận diện bên ngoài, bắn đai 4 ngang x 1 dọc]",KKD001,CAI,9992.4,KG,131500,0,0,6321,15517,KH020003,002519,,,SO2411-0064,,,,,,,2240
PX,03/01/2025,PX01/25-0005,XUẤT VẬT TƯ CHO KHÂU IN,0909400020000000,BAO TAY CAO SU ,KVT001,DOI,20,DOI,20,0,0,627315,1524,CTY00001,,Phân xưởng 8,,,,,,,,,2216C
PX,03/01/2025,PX01/25-0005,XUẤT VẬT TƯ CHO KHÂU IN,0909400030000000,BAO TAY LEN ,KVT001,Đôi,20,Đôi,20,0,0,627315,1524,CTY00001,,Phân xưởng 8,,,,,,,,,2216C
PX,03/01/2025,PX01/25-0006,XUẤT MỰC IN CHO KHÂU IN,MDM-DMC,Dung môi Chỉnh,KHC001,KG,24,KG,24,0,0,627215,1523,CTY00001,,Phân xưởng 8,,,,,,,,,2217C
PX,03/01/2025,PX01/25-0009,YÊU CẦU CHỈ C6,040010004000000,"Chỉ may cotton C6, màu trắng. [1600D, 6.0kgF, 16%]",KNL002,KG,137.74,KG,137.74,0,0,627215,1522,CTY00001,,Phân xưởng 8,,SO2412-0011,LSX12/24-067,Công đoạn cắt may tự động,BAOBT,,CMA060096TTKCP.XANH,,2217C
PX,03/01/2025,PX01/25-0011,Vật tư sửa chữa máy móc thiết bị sản xuất chung.,0902202860000000,Bóng đèn led tube 1.2m 18w DE Philips (điện 2 đầu),KVT001,CAI,88,CAI,88,0,0,627310,1524,CTY00001,,Phòng kỹ thuật,,,,,,,,,2216
PX,03/01/2025,PX01/25-0011,Vật tư sửa chữa máy móc thiết bị sản xuất chung.,0902202890000000,Bóng đèn led Philips TForce 40W - E27.,KVT001,CAI,164,CAI,164,0,0,627310,1524,CTY00001,,Phòng kỹ thuật,,,,,,,,,2216
PX,03/01/2025,PX01/25-0011,Vật tư sửa chữa máy móc thiết bị sản xuất chung.,0902208370000000,Dây điện mềm CADIVI VCM 1X0.75 màu xám,KVT001,CAI,200,CAI,200,0,0,627310,1524,CTY00001,,Phòng kỹ thuật,,,,,,,,,2216
PX,03/01/2025,PX01/25-0011,Vật tư sửa chữa máy móc thiết bị sản xuất chung.,0902211320000000,Dây điện Lion VVcm 4x1.5mm2.,KVT001,M,350,M,350,0,0,627310,1524,CTY00001,,Phòng kỹ thuật,,,,,,,,,2216
PX,03/01/2025,PX01/25-0011,Vật tư sửa chữa máy móc thiết bị sản xuất chung.,0903000080000000,Vít đầu dù đuôi cá 4x15mm,KVT001,BICH,4,BICH,4,0,0,627310,1524,CTY00001,,Phòng kỹ thuật,,,,,,,,,2216
PX,03/01/2025,PX01/25-0011,Vật tư sửa chữa máy móc thiết bị sản xuất chung.,0903000140000000,Vít bắn tôn đầu lục giác 5x25,KVT001,CAI,400,CAI,400,0,0,627310,1531,CTY00001,,Phòng kỹ thuật,,,,,,,,,2216
PX,03/01/2025,PX01/25-0011,Vật tư sửa chữa máy móc thiết bị sản xuất chung.,0903900450000000,VAN NHỰA TAY GẠT PHI 60,KVT001,CAI,2,CAI,2,0,0,627310,1531,CTY00001,,Phòng kỹ thuật,,,,,,,,,2216
PX,03/01/2025,PX01/25-0011,Vật tư sửa chữa máy móc thiết bị sản xuất chung.,0905500730000000,Sắt chữ U 50x100x5mm.,KVT001,CAY,2,CAY,2,0,0,627310,1524,CTY00001,,Phòng kỹ thuật,,,,,,,,,2216
PX,03/01/2025,PX01/25-0011,Vật tư sửa chữa máy móc thiết bị sản xuất chung.,0905501760000000,Sắt V60x6mm- dài 6000mm,KVT001,CAY,160,CAY,160,0,0,627310,1524,CTY00001,,Phòng kỹ thuật,,,,,,,,,2216
PX,03/01/2025,PX01/25-0011,Vật tư sửa chữa máy móc thiết bị sản xuất chung.,0906600580000000,Dây điện tròn mềm  2x1.0mm- VVcm - Lion,KVT001,M,1000,M,1000,0,0,627310,1524,CTY00001,,Phòng kỹ thuật,,,,,,,,,2216
PX,03/01/2025,PX01/25-0011,Vật tư sửa chữa máy móc thiết bị sản xuất chung.,0926300150000000,Đầu hiển thị số cân điện tử  Model: XK3190 -T7E,KVT001,CAI,2,CAI,2,0,0,627310,1524,CTY00001,,Phòng kỹ thuật,,,,,,,,,2216
PX,03/01/2025,PX01/25-0012,Vật tư sửa chữa MMTB phục vụ sản xuất phân xưởng Dệt.,0901200630000000,Bu lông lục giác trụ M4X10,KVT001,CAI,50,CAI,50,0,0,627314,1524,CTY00001,,Phòng kỹ thuật,,,,,,,,,2216B
PX,03/01/2025,PX01/25-0012,Vật tư sửa chữa MMTB phục vụ sản xuất phân xưởng Dệt.,0901300540000000,BU LONG M12X20 +tán+lông đền vênh+ lông đền la,KVT001,CAI,160,CAI,160,0,0,627314,1524,CTY00001,,Phòng kỹ thuật,,,,,,,,,2216B
PX,03/01/2025,PX01/25-0012,Vật tư sửa chữa MMTB phục vụ sản xuất phân xưởng Dệt.,0901301020000000,BU LONG M12X60 +tán+lông đền vênh+ lông đền la,KVT001,CAI,160,CAI,160,0,0,627314,1524,CTY00001,,Phòng kỹ thuật,,,,,,,,,2216B
PX,03/01/2025,PX01/25-0012,Vật tư sửa chữa MMTB phục vụ sản xuất phân xưởng Dệt.,0901301920000000,BU LONG M12X100 +tán+lông đền vênh+ lông đền la,KVT001,BO,160,BO,160,0,0,627314,1524,CTY00001,,Phòng kỹ thuật,,,,,,,,,2216B
PX,03/01/2025,PX01/25-0012,Vật tư sửa chữa MMTB phục vụ sản xuất phân xưởng Dệt.,0901900560000000,Bánh cao su phi 115x90mm ( theo bản vẽ ),KVT001,CAI,4,CAI,4,0,0,627314,1524,CTY00001,,Phòng kỹ thuật,,,,,,,,,2216B
PX,03/01/2025,PX01/25-0012,Vật tư sửa chữa MMTB phục vụ sản xuất phân xưởng Dệt.,0902200820000000,Khởi Động Từ Schneider LC1D32 M7.,KVT001,Cái,38,Cái,38,0,0,627314,1524,CTY00001,,Phòng kỹ thuật,,,,,,,,,2216B
PX,03/01/2025,PX01/25-0012,Vật tư sửa chữa MMTB phục vụ sản xuất phân xưởng Dệt.,0902209315000000,MCB-3P-10A-10KA- Schneider,KVT001,CAI,38,CAI,38,0,0,627314,1524,CTY00001,,Phòng kỹ thuật,,,,,,,,,2216B
PX,03/01/2025,PX01/25-0012,Vật tư sửa chữa MMTB phục vụ sản xuất phân xưởng Dệt.,0907100990000000,bát đỡ Motor hộp số  giảm tốc - 160x315x5mm ( gia công theo bản vẽ),KVT001,CAI,4,CAI,4,0,0,627314,1524,CTY00001,,Phòng kỹ thuật,,,,,,,,,2216B
PX,03/01/2025,PX01/25-0013,Vật tư sửa chữa MMTB phục vụ sản xuất phân xưởng BTP.,0901301160000000,bu long Lục giác âm M12X20,KVT001,CAI,30,CAI,30,0,0,627315,1524,CTY00001,,Phòng kỹ thuật,,,,,,,,,2216C
PX,03/01/2025,PX01/25-0013,Vật tư sửa chữa MMTB phục vụ sản xuất phân xưởng BTP.,0901301180000000,Bu long Lục giác âm M8X15,KVT001,CAI,50,CAI,50,0,0,627315,1524,CTY00001,,Phòng kỹ thuật,,,,,,,,,2216C
PX,03/01/2025,PX01/25-0013,Vật tư sửa chữa MMTB phục vụ sản xuất phân xưởng BTP.,0901301940000000,Bulong lục giác âm M10 x 15mm,KVT001,CON,50,CON,50,0,0,627315,1524,CTY00001,,Phòng kỹ thuật,,,,,,,,,2216C
PX,03/01/2025,PX01/25-0013,Vật tư sửa chữa MMTB phục vụ sản xuất phân xưởng BTP.,0920600450000000,DÂY BĂNG TẢI MÁY CẮT AUTO 50x4370mm( Cắt dán tại máy),KVT001,SOI,3,SOI,3,0,0,627315,1524,CTY00001,,Phòng kỹ thuật,,,,,,,,,2216C
PX,03/01/2025,PX01/25-0016,Yêu cầu chỉ may c6,040010004000000,"Chỉ may cotton C6, màu trắng. [1600D, 6.0kgF, 16%]",KNL002,KG,137.74,KG,137.74,0,0,62115,1522,CTY00001,,Phân xưởng 8,,SO2412-0011,LSX01/25-001,Công đoạn cắt may tự động,BAOBT,,CMA060096TTKCP.DO,,2215
PX,03/01/2025,PX01/25-0017,PX BTP: nhớt máy may,0700100030000000,nhớt 10,KHC001,LIT,60,LIT,60,0,0,627315,1523,CTY00001,,Phân xưởng 8,,,,,,,,,2216C
PX,03/01/2025,PX01/25-0018,XUAT CHI MUTI DET DAI,SOI-MULTI-800D,"Sợi PP filament 800D, trắng đục. [Loại tốt để dệt đai, không tưa], lực kéo đứt >=4.0KgF, độ giãn dài 25 +/- 5, kháng UV",KNL002,KG,34,KG,34,0,0,627316,15512,CTY00001,,Phân xưởng 2 (jumbo),,,,,,,,,2216D
PX,03/01/2025,PX01/25-0019,Xuất vật tư máy dệt 3/1/2024,0700100030000000,nhớt 10,KHC001,LIT,600,LIT,600,0,0,627314,1523,CTY00001,,Xưởng dệt,,,,,,,,,2216B
PX,03/01/2025,PX01/25-0019,Xuất vật tư máy dệt 3/1/2024,0901101440000000,Vòng bi NSK 6003-2RS1/C3.,KVT001,CAI,20,CAI,20,0,0,627314,1524,CTY00001,,Xưởng dệt,,,,,,,,,2216B
PX,03/01/2025,PX01/25-0019,Xuất vật tư máy dệt 3/1/2024,0902100360000000,DÂY CU ROA XPA 1957,KVT001,Cái,10,Cái,10,0,0,627314,1524,CTY00001,,Xưởng dệt,,,,,,,,,2216B
PX,03/01/2025,PX01/25-0019,Xuất vật tư máy dệt 3/1/2024,0902100640000000,Dây cu roa Optibelt C99,KVT001,SOI,5,SOI,5,0,0,627314,1524,CTY00001,,Xưởng dệt,,,,,,,,,2216B
PX,03/01/2025,PX01/25-0019,Xuất vật tư máy dệt 3/1/2024,0909700010000000,Vải lau,KVT001,Kg,100,Kg,100,0,0,627314,1524,CTY00001,,Xưởng dệt,,,,,,,,,2216B
PX,03/01/2025,PX01/25-0019,Xuất vật tư máy dệt 3/1/2024,5200111510000000,Vòng dệt Khổ 178.8 đường kính vòng 113.5 khoan lỗ 10li tay bắt vòng 6 lỗ.,KVT001,CAI,1,CAI,1,0,0,627314,1524,CTY00001,,Xưởng dệt,,,,,,,,,2216B
PX,03/01/2025,PX01/25-0020,XUẤT MUC IN CHO KHÂU IN,MDM-FL23,Vàng Chanh 23 FL,KHC001,KG,25,KG,25,0,0,627215,1523,CTY00001,,Phân xưởng 8,,,,,,,,,2217C
PX,03/01/2025,PX01/25-0021,XUẤT VẬT TƯ CHO KHÂU IN,0909700010000000,Vải lau,KVT001,Kg,50,Kg,50,0,0,627315,1524,CTY00001,,Phân xưởng 8,,,,,,,,,2216C
PX,03/01/2025,PX01/25-0022,Yêu cầu xuất vật tư px dệt ngày 03/01/2025,0909700010000000,Vải lau,KVT001,Kg,150,Kg,150,0,0,627314,1524,CTY00001,,Xưởng dệt,,,,,,,,,2216B
PX,03/01/2025,PX01/25-0022,Yêu cầu xuất vật tư px dệt ngày 03/01/2025,0917400020000000,Băng keo 2 mặt ( 5 cm loại dày),KVT001,CUON,24,CUON,24,0,0,627314,1524,CTY00001,,Xưởng dệt,,,,,,,,,2216B
PX,03/01/2025,PX01/25-0022,Yêu cầu xuất vật tư px dệt ngày 03/01/2025,0917400070000000,BĂNG KEO ĐỎ 2cm ,KVT001,Cuộn,60,Cuộn,60,0,0,627314,1524,CTY00001,,Xưởng dệt,,,,,,,,,2216B
PX,03/01/2025,PX01/25-0023,Yêu cầu nguyên cuộn ngày 03/02,THACAKCP600102102128TRTA,"Cuộn PP, trắng tẩy, K60.0cm(+/-0.5), MĐ: 10.25x10.25, TL: 126.5g/m(cũ 128g/m). [2500(m/cuộn]",KCU001,M,2497.44,KG,21364.33,0,0,62115,15514,CTY00001,,Phân xưởng 8,,SO2412-0011,LSX01/25-001,Công đoạn in cuộn,BAOBT,,THAINKCP060100TT.DO,,2215
PX,03/01/2025,PX01/25-0024,Yêu cầu vải in cuộn 48 pasir ngày 02/01,THACAMFM485100120089TRDU,"Cuộn PP, trắng đục, K48.5cm, MĐ: 10x12, TL: 89g/m.",KCU001,M,1015.47,KG,11409.78,0,0,62115,15514,CTY00001,,Phân xưởng 8,,SO2412-0036,LSX01/25-005,Công đoạn in cuộn,BAOBT,,THAINMFM485086TD.SPIII,,2215
PX,03/01/2025,PX01/25-0024,Yêu cầu vải in cuộn 48 pasir ngày 02/01,THACAMFM485100120915TRDU,"Cuộn PP, trắng đục, K48.5cm, MĐ: 10x12, TL: 91.5g/m.",KCU001,M,3492.62,KG,38170.75,0,0,62115,15514,CTY00001,,Phân xưởng 8,,SO2412-0036,LSX01/25-005,Công đoạn in cuộn,BAOBT,,THAINMFM485089TD.PSNT,,2215
PX,03/01/2025,PX01/25-0025,Yêu cầu xuất nguyên liệu inter LSX01/25-008,THACAINT500105110092TRTA,"Cuộn PP, trắng tẩy, K50cm(+1/-0.5), MĐ: 10.5x11.0, TL: 92g/m(+/-3).",KCU001,M,369.25,KG,4013.6,0,0,62115,15514,CTY00001,,Phân xưởng 8,,SO2412-0068,LSX01/25-008,Công đoạn cắt may tự động,BAOBT,,CMA050074G073TT.INT,,2215
PX,03/01/2025,PX01/25-0025,Yêu cầu xuất nguyên liệu inter LSX01/25-008,THACAINT500105110092TRTA,"Cuộn PP, trắng tẩy, K50cm(+1/-0.5), MĐ: 10.5x11.0, TL: 92g/m(+/-3).",KCU001,M,372.02,KG,4043.7,0,0,62115,15514,CTY00001,,Phân xưởng 8,,SO2412-0068,LSX01/25-008,Công đoạn cắt may tự động,BAOBT,,CMA050074G073TT.INT,,2215
PX,03/01/2025,PX01/25-0025,Yêu cầu xuất nguyên liệu inter LSX01/25-008,THACAINT500105110092TRTA,"Cuộn PP, trắng tẩy, K50cm(+1/-0.5), MĐ: 10.5x11.0, TL: 92g/m(+/-3).",KCU001,M,386.38,KG,4199.73,0,0,62115,15514,CTY00001,,Phân xưởng 8,,SO2412-0068,LSX01/25-008,Công đoạn cắt may tự động,BAOBT,,CMA050077G076TT.INT,,2215
PX,03/01/2025,PX01/25-0025,Yêu cầu xuất nguyên liệu inter LSX01/25-008,THACAINT600105110111TRTA,"Cuộn PP, trắng tẩy, K60cm(+1/-0.5), MĐ:10.5x11.0, TL: 111g/m(+/-3).",KCU001,M,204.98,KG,1846.69,0,0,62115,15514,CTY00001,,Phân xưởng 8,,SO2412-0068,LSX01/25-008,Công đoạn cắt may tự động,BAOBT,,CMA060085G101TT.INT,,2215
PX,03/01/2025,PX01/25-0025,Yêu cầu xuất nguyên liệu inter LSX01/25-008,THACAINT600105110111TRTA,"Cuộn PP, trắng tẩy, K60cm(+1/-0.5), MĐ:10.5x11.0, TL: 111g/m(+/-3).",KCU001,M,102.49,KG,923.34,0,0,62115,15514,CTY00001,,Phân xưởng 8,,SO2412-0068,LSX01/25-008,Công đoạn cắt may tự động,BAOBT,,CMA060085G101TT.INT,,2215
PX,03/01/2025,PX01/25-0025,Yêu cầu xuất nguyên liệu inter LSX01/25-008,THACAINT600105110111TRTA,"Cuộn PP, trắng tẩy, K60cm(+1/-0.5), MĐ:10.5x11.0, TL: 111g/m(+/-3).",KCU001,M,420.72,KG,3790.31,0,0,62115,15514,CTY00001,,Phân xưởng 8,,SO2412-0068,LSX01/25-008,Công đoạn cắt may tự động,BAOBT,,CMA060088G104TT.INT,,2215
PX,03/01/2025,PX01/25-0025,Yêu cầu xuất nguyên liệu inter LSX01/25-008,THACAINT600105110111TRTA,"Cuộn PP, trắng tẩy, K60cm(+1/-0.5), MĐ:10.5x11.0, TL: 111g/m(+/-3).",KCU001,M,427.04,KG,3847.16,0,0,62115,15514,CTY00001,,Phân xưởng 8,,SO2412-0068,LSX01/25-008,Công đoạn cắt may tự động,BAOBT,,CMA060088G104TT.INT,,2215
PX,03/01/2025,PX01/25-0025,Yêu cầu xuất nguyên liệu inter LSX01/25-008,THACAINT600105110111TRTA,"Cuộn PP, trắng tẩy, K60cm(+1/-0.5), MĐ:10.5x11.0, TL: 111g/m(+/-3).",KCU001,M,427.04,KG,3847.16,0,0,62115,15514,CTY00001,,Phân xưởng 8,,SO2412-0068,LSX01/25-008,Công đoạn cắt may tự động,BAOBT,,CMA060088G104TT.INT,,2215
PX,03/01/2025,PX01/25-0026,Yêu cầu nl thổi ngày  03/01,HAT-EVA,"Hạt nhựa EVA: H2181, 7350M...",KNL001,KG,219.71,KG,219.71,0,0,62113,1521,CTY00001,,Phân xưởng 8,,SO2412-0038,LSX01/25-007,Công đoạn thổi túi (HDPE - LDPE-LLDPE),PE,,HDPE0017-1,,2218
PX,03/01/2025,PX01/25-0026,Yêu cầu nl thổi ngày  03/01,HAT-HDPE-TH,"Hạt nhựa HDPE thổi hấp. [Bao gồm các mã: , 6888, TR-144, FB1460...]",KNL001,KG,2166.56,KG,2166.56,0,0,62113,1521,CTY00001,,Phân xưởng 8,,SO2412-0038,LSX01/25-007,Công đoạn thổi túi (HDPE - LDPE-LLDPE),PE,,HDPE0017-1,,2218
PX,03/01/2025,PX01/25-0026,Yêu cầu nl thổi ngày  03/01,HAT-LLDPE.THOI,"Hạt nhựa LLDPE thổi gồm các mã: 253HS; FC21HS; FD21HN; 222WJ, 218WJ",KNL001,KG,114.92,KG,114.92,0,0,62113,1521,CTY00001,,Phân xưởng 8,,SO2412-0038,LSX01/25-007,Công đoạn thổi túi (HDPE - LDPE-LLDPE),PE,,HDPE0017-1,,2218
PX,03/01/2025,PX01/25-0026,Yêu cầu nl thổi ngày  03/01,HAT-TPP,"Hạt nhựa TPP: FL7632L, Hạt L6000N ...",KNL001,KG,878.79,KG,878.79,0,0,62113,1521,CTY00001,,Phân xưởng 8,,SO2412-0038,LSX01/25-007,Công đoạn thổi túi (HDPE - LDPE-LLDPE),PE,,HDPE0017-1,,2218
PX,03/01/2025,PX01/25-0027,Yêu cầu vải hấp tauplne k57,THACUTAU057080080069TRDU,"Vải cuộn PP dệt lồng HDPE, trắng đục, K57.5cm, MĐ: 8.5x8.0, TL: 69.3(PP) + 22.9(PE) = 92.15g/m.",KCU001,M,5316.98,KG,56714.46,0,0,62114,15514,CTY00001,,Phân xưởng 8,,SO2411-0006,LSX11/24-063,Công đoạn tráng hấp,VAICUON,,HAPTAU057092TRDU,,2215A
PX,03/01/2025,PX01/25-0028,Yêu cầu xuất NL Sợi X01 ca đêm 03/01/2025 ngày 04/01/2025,HAT-EMH77197,Hạt màu xanh dương EMH77197. [EUP] [2195C],KNL001,KG,85.28,KG,85.28,0,0,62112,1521,CTY00001,,Phân xưởng 1 (Sợi),,SO2412-0023,LSX12/24-056,Công đoạn tạo sợi,SOI,,SOI-PR42MI-01,,2211
PX,03/01/2025,PX01/25-0028,Yêu cầu xuất NL Sợi X01 ca đêm 03/01/2025 ngày 04/01/2025,HAT-EMMV8C,Hạt phụ gia MV8C (Châu Âu),KNL001,KG,2.5,KG,2.5,0,0,62112,1521,CTY00001,,Phân xưởng 1 (Sợi),,SO2409-0025,LSX12/24-009,Công đoạn tạo sợi,SOI,,SOI-SP31-1,,2211
PX,03/01/2025,PX01/25-0028,Yêu cầu xuất NL Sợi X01 ca đêm 03/01/2025 ngày 04/01/2025,HAT-EMMV8C,Hạt phụ gia MV8C (Châu Âu),KNL001,KG,13.07,KG,13.07,0,0,62112,1521,CTY00001,,Phân xưởng 1 (Sợi),,SO2411-0066,LSX12/24-081,Công đoạn tạo sợi,SOI,,SOI-SP31-1,,2211
PX,03/01/2025,PX01/25-0028,Yêu cầu xuất NL Sợi X01 ca đêm 03/01/2025 ngày 04/01/2025,HAT-EMMV8C,Hạt phụ gia MV8C (Châu Âu),KNL001,KG,7.15,KG,7.15,0,0,62112,1521,CTY00001,,Phân xưởng 1 (Sợi),,SO2412-0050,LSX01/25-015,Công đoạn tạo sợi,SOI,,SOI-SP31-1,,2211
PX,03/01/2025,PX01/25-0028,Yêu cầu xuất NL Sợi X01 ca đêm 03/01/2025 ngày 04/01/2025,HAT-EMPP-MF,"Hạt ổn định MFI. (MF4X, MF5X, MF6X)",KNL001,KG,9.74,KG,9.74,0,0,62112,1521,CTY00001,,Phân xưởng 1 (Sợi),,SO2412-0023,LSX12/24-056,Công đoạn tạo sợi,SOI,,SOI-PR42MI-01,,2211
PX,03/01/2025,PX01/25-0028,Yêu cầu xuất NL Sợi X01 ca đêm 03/01/2025 ngày 04/01/2025,HAT-PPKC-F501N,Hạt nhựa PP kéo sợi - F501N,KNL001,Kg,156.22,Kg,156.22,0,0,62112,1521,CTY00001,,Phân xưởng 1 (Sợi),,SO2409-0025,LSX12/24-009,Công đoạn tạo sợi,SOI,,SOI-SP31-1,,2211
PX,03/01/2025,PX01/25-0028,Yêu cầu xuất NL Sợi X01 ca đêm 03/01/2025 ngày 04/01/2025,HAT-PPKC-F501N,Hạt nhựa PP kéo sợi - F501N,KNL001,Kg,817.55,Kg,817.55,0,0,62112,1521,CTY00001,,Phân xưởng 1 (Sợi),,SO2411-0066,LSX12/24-081,Công đoạn tạo sợi,SOI,,SOI-SP31-1,,2211
PX,03/01/2025,PX01/25-0028,Yêu cầu xuất NL Sợi X01 ca đêm 03/01/2025 ngày 04/01/2025,HAT-PPKC-F501N,Hạt nhựa PP kéo sợi - F501N,KNL001,Kg,447.13,Kg,447.13,0,0,62112,1521,CTY00001,,Phân xưởng 1 (Sợi),,SO2412-0050,LSX01/25-015,Công đoạn tạo sợi,SOI,,SOI-SP31-1,,2211
PX,03/01/2025,PX01/25-0028,Yêu cầu xuất NL Sợi X01 ca đêm 03/01/2025 ngày 04/01/2025,HAT-PPKC-F501N,Hạt nhựa PP kéo sợi - F501N,KNL001,Kg,1479.96,Kg,1479.96,0,0,62112,1521,CTY00001,,Phân xưởng 1 (Sợi),,SO2411-0038,LSX12/24-046,Công đoạn tạo sợi,SOI,,SOI-GL4-4,,2211
PX,03/01/2025,PX01/25-0028,Yêu cầu xuất NL Sợi X01 ca đêm 03/01/2025 ngày 04/01/2025,HAT-PPKC-F501N,Hạt nhựa PP kéo sợi - F501N,KNL001,Kg,2811.79,Kg,2811.79,0,0,62112,1521,CTY00001,,Phân xưởng 1 (Sợi),,SO2412-0037,LSX01/25-018,Công đoạn tạo sợi,SOI,,SOI-GL4-4,,2211
PX,03/01/2025,PX01/25-0028,Yêu cầu xuất NL Sợi X01 ca đêm 03/01/2025 ngày 04/01/2025,HAT-PPKC-F501N,Hạt nhựa PP kéo sợi - F501N,KNL001,Kg,2842.31,Kg,2842.31,0,0,62112,1521,CTY00001,,Phân xưởng 1 (Sợi),,SO2412-0023,LSX12/24-056,Công đoạn tạo sợi,SOI,,SOI-PR42MI-01,,2211
PX,03/01/2025,PX01/25-0028,Yêu cầu xuất NL Sợi X01 ca đêm 03/01/2025 ngày 04/01/2025,HAT-TACKS-1001,Hạt Taical EFPP1001 trắng sáng,KNL001,Kg,93.73,Kg,93.73,0,0,62112,1521,CTY00001,,Phân xưởng 1 (Sợi),,SO2409-0025,LSX12/24-009,Công đoạn tạo sợi,SOI,,SOI-SP31-1,,2211
PX,03/01/2025,PX01/25-0028,Yêu cầu xuất NL Sợi X01 ca đêm 03/01/2025 ngày 04/01/2025,HAT-TACKS-1001,Hạt Taical EFPP1001 trắng sáng,KNL001,Kg,490.48,Kg,490.48,0,0,62112,1521,CTY00001,,Phân xưởng 1 (Sợi),,SO2411-0066,LSX12/24-081,Công đoạn tạo sợi,SOI,,SOI-SP31-1,,2211
PX,03/01/2025,PX01/25-0028,Yêu cầu xuất NL Sợi X01 ca đêm 03/01/2025 ngày 04/01/2025,HAT-TACKS-1001,Hạt Taical EFPP1001 trắng sáng,KNL001,Kg,268.26,Kg,268.26,0,0,62112,1521,CTY00001,,Phân xưởng 1 (Sợi),,SO2412-0050,LSX01/25-015,Công đoạn tạo sợi,SOI,,SOI-SP31-1,,2211
PX,03/01/2025,PX01/25-0028,Yêu cầu xuất NL Sợi X01 ca đêm 03/01/2025 ngày 04/01/2025,HAT-TACKS-1001,Hạt Taical EFPP1001 trắng sáng,KNL001,Kg,740.09,Kg,740.09,0,0,62112,1521,CTY00001,,Phân xưởng 1 (Sợi),,SO2411-0038,LSX12/24-046,Công đoạn tạo sợi,SOI,,SOI-GL4-4,,2211
PX,03/01/2025,PX01/25-0028,Yêu cầu xuất NL Sợi X01 ca đêm 03/01/2025 ngày 04/01/2025,HAT-TACKS-1001,Hạt Taical EFPP1001 trắng sáng,KNL001,Kg,1405.89,Kg,1405.89,0,0,62112,1521,CTY00001,,Phân xưởng 1 (Sợi),,SO2412-0037,LSX01/25-018,Công đoạn tạo sợi,SOI,,SOI-GL4-4,,2211
PX,03/01/2025,PX01/25-0028,Yêu cầu xuất NL Sợi X01 ca đêm 03/01/2025 ngày 04/01/2025,HAT-TACKS-1001,Hạt Taical EFPP1001 trắng sáng,KNL001,Kg,203.03,Kg,203.03,0,0,62112,1521,CTY00001,,Phân xưởng 1 (Sợi),,SO2412-0023,LSX12/24-056,Công đoạn tạo sợi,SOI,,SOI-PR42MI-01,,2211
PX,03/01/2025,PX01/25-0028,Yêu cầu xuất NL Sợi X01 ca đêm 03/01/2025 ngày 04/01/2025,SUI-TRANG,Sủi trắng,KNL001,KG,31.23,KG,31.23,0,0,62112,1521,CTY00001,,Phân xưởng 1 (Sợi),,SO2409-0025,LSX12/24-009,Công đoạn tạo sợi,SOI,,SOI-SP31-1,,2211
PX,03/01/2025,PX01/25-0028,Yêu cầu xuất NL Sợi X01 ca đêm 03/01/2025 ngày 04/01/2025,SUI-TRANG,Sủi trắng,KNL001,KG,163.46,KG,163.46,0,0,62112,1521,CTY00001,,Phân xưởng 1 (Sợi),,SO2411-0066,LSX12/24-081,Công đoạn tạo sợi,SOI,,SOI-SP31-1,,2211
PX,03/01/2025,PX01/25-0028,Yêu cầu xuất NL Sợi X01 ca đêm 03/01/2025 ngày 04/01/2025,SUI-TRANG,Sủi trắng,KNL001,KG,89.39,KG,89.39,0,0,62112,1521,CTY00001,,Phân xưởng 1 (Sợi),,SO2412-0050,LSX01/25-015,Công đoạn tạo sợi,SOI,,SOI-SP31-1,,2211
PX,03/01/2025,PX01/25-0029,Yêu cầu xuất NL Sợi X07 ca đêm 03/01/2025 ngày 04/01/2025,HAT-PPKC-F501N,Hạt nhựa PP kéo sợi - F501N,KNL001,Kg,447.82,Kg,447.82,0,0,62112,1521,CTY00001,,Phân xưởng 7,,SO2411-0062,LSX12/24-047,Công đoạn tạo sợi,SOI,,SOI-JB5-2,,2211
PX,03/01/2025,PX01/25-0029,Yêu cầu xuất NL Sợi X07 ca đêm 03/01/2025 ngày 04/01/2025,HAT-PPKC-GRADE-1,Hạt nhựa PP kéo sợi  Grade - 1,KNL001,KG,3542.56,KG,3542.56,0,0,62112,1521,CTY00001,,Phân xưởng 7,,SO2412-0038,LSX01/25-007,Công đoạn tạo sợi,SOI,,SOI-MA3-1,,2211
PX,03/01/2025,PX01/25-0029,Yêu cầu xuất NL Sợi X07 ca đêm 03/01/2025 ngày 04/01/2025,HAT-PPKC-GRADE-1,Hạt nhựa PP kéo sợi  Grade - 1,KNL001,KG,2664.38,KG,2664.38,0,0,62112,1521,CTY00001,,Phân xưởng 7,,SO2412-0022,LSX12/24-059,Công đoạn tạo sợi,SOI,,SOI-JB-UN02,,2211
PX,03/01/2025,PX01/25-0029,Yêu cầu xuất NL Sợi X07 ca đêm 03/01/2025 ngày 04/01/2025,HAT-PPKC-GRADE-1,Hạt nhựa PP kéo sợi  Grade - 1,KNL001,KG,3197.43,KG,3197.43,0,0,62112,1521,CTY00001,,Phân xưởng 7,,SO2412-0060,LSX01/25-022,Công đoạn tạo sợi,SOI,,SOI-JB5-2,,2211
PX,03/01/2025,PX01/25-0029,Yêu cầu xuất NL Sợi X07 ca đêm 03/01/2025 ngày 04/01/2025,HAT-PPKC-GRADE-1,Hạt nhựa PP kéo sợi  Grade - 1,KNL001,KG,924.17,KG,924.17,0,0,62112,1521,CTY00001,,Phân xưởng 7,,SO2411-0011,LSX12/24-042,Công đoạn tạo sợi,SOI,,SOI-MA3-1,,2211
PX,03/01/2025,PX01/25-0029,Yêu cầu xuất NL Sợi X07 ca đêm 03/01/2025 ngày 04/01/2025,HAT-TACKS-1001,Hạt Taical EFPP1001 trắng sáng,KNL001,Kg,4.26,Kg,4.26,0,0,62112,1521,CTY00001,,Phân xưởng 7,,SO2412-0038,LSX01/25-007,Công đoạn tạo sợi,SOI,,SOI-MA3-1,,2211
PX,03/01/2025,PX01/25-0029,Yêu cầu xuất NL Sợi X07 ca đêm 03/01/2025 ngày 04/01/2025,HAT-TACKS-JB,Hạt Taical kéo sợi Jumbo. [Hanotech: HF006R] [Châu Âu: PP1002BRT],KNL001,KG,1.1,KG,1.1,0,0,62112,1521,CTY00001,,Phân xưởng 7,,SO2411-0011,LSX12/24-042,Công đoạn tạo sợi,SOI,,SOI-MA3-1,,2211
PX,03/01/2025,PX01/25-0029,Yêu cầu xuất NL Sợi X07 ca đêm 03/01/2025 ngày 04/01/2025,HAT-TACKS-JB,Hạt Taical kéo sợi Jumbo. [Hanotech: HF006R] [Châu Âu: PP1002BRT],KNL001,KG,253.75,KG,253.75,0,0,62112,1521,CTY00001,,Phân xưởng 7,,SO2412-0022,LSX12/24-059,Công đoạn tạo sợi,SOI,,SOI-JB-UN02,,2211
PX,03/01/2025,PX01/25-0029,Yêu cầu xuất NL Sợi X07 ca đêm 03/01/2025 ngày 04/01/2025,HAT-TACKS-JB,Hạt Taical kéo sợi Jumbo. [Hanotech: HF006R] [Châu Âu: PP1002BRT],KNL001,KG,42.67,KG,42.67,0,0,62112,1521,CTY00001,,Phân xưởng 7,,SO2411-0062,LSX12/24-047,Công đoạn tạo sợi,SOI,,SOI-JB5-2,,2211
PX,03/01/2025,PX01/25-0029,Yêu cầu xuất NL Sợi X07 ca đêm 03/01/2025 ngày 04/01/2025,HAT-TACKS-JB,Hạt Taical kéo sợi Jumbo. [Hanotech: HF006R] [Châu Âu: PP1002BRT],KNL001,KG,304.52,KG,304.52,0,0,62112,1521,CTY00001,,Phân xưởng 7,,SO2412-0060,LSX01/25-022,Công đoạn tạo sợi,SOI,,SOI-JB5-2,,2211
PX,03/01/2025,PX01/25-0029,Yêu cầu xuất NL Sợi X07 ca đêm 03/01/2025 ngày 04/01/2025,HAT-UV881C,Hạt UV 881C (Châu Âu),KNL001,KG,44.66,KG,44.66,0,0,62112,1521,CTY00001,,Phân xưởng 7,,SO2412-0022,LSX12/24-059,Công đoạn tạo sợi,SOI,,SOI-JB-UN02,,2211
PX,03/01/2025,PX01/25-0029,Yêu cầu xuất NL Sợi X07 ca đêm 03/01/2025 ngày 04/01/2025,HAT-UV881C,Hạt UV 881C (Châu Âu),KNL001,KG,7.5,KG,7.5,0,0,62112,1521,CTY00001,,Phân xưởng 7,,SO2411-0062,LSX12/24-047,Công đoạn tạo sợi,SOI,,SOI-JB5-2,,2211
PX,03/01/2025,PX01/25-0029,Yêu cầu xuất NL Sợi X07 ca đêm 03/01/2025 ngày 04/01/2025,HAT-UV881C,Hạt UV 881C (Châu Âu),KNL001,KG,53.6,KG,53.6,0,0,62112,1521,CTY00001,,Phân xưởng 7,,SO2412-0060,LSX01/25-022,Công đoạn tạo sợi,SOI,,SOI-JB5-2,,2211
PX,03/01/2025,PX01/25-0032,Yêu cầu vải INTER 75,THACAINT750100100099TRTA,"Vải cuộn PP, trắng tẩy, K75cm(+1/-0.5), MĐ: 10.0x10.0, TL: 99g/m(+/-3).",KCU001,M,344.5,KG,3570,0,0,62115,15514,CTY00001,,Phân xưởng 8,,SO2412-0052,LSX01/25-002,Công đoạn cắt may tự động,BAOBT,,CMA075112G116INT,,2215
PX,03/01/2025,PX01/25-0034,Yêu cầu vải hấp k57 tauplene,THACUTAU057080080069TRDU,"Vải cuộn PP dệt lồng HDPE, trắng đục, K57.5cm, MĐ: 8.5x8.0, TL: 69.3(PP) + 22.9(PE) = 92.15g/m.",KCU001,M,4186.88,KG,44660.05,0,0,62114,15514,CTY00001,,Phân xưởng 8,,SO2411-0006,LSX01/25-006,Công đoạn tráng hấp,VAICUON,,HAPTAU057092TRDU,,2215A
PX,03/01/2025,PX01/25-0035,Yêu cầu xuất NL ó,PHE-TRANG,"Phế màu trắng, dùng để ó sủi trắng.",KPH001,KG,4732.8,KG,4732.8,0,0,62111,1527,CTY00001,,Phân xưởng 7,,SO2501-0002,LSX01/25-011,"Công đoạn tái chế (ó, tạo hạt)",O,,SUI-TRANG,,2225
PX,03/01/2025,PX01/25-0037,XUẤT NGÀY 3-1-2025,SOI-ECL5-1,"Sợi PP, trắng đục, 850D, 3.33mm. [19.50%]",KSO001,KG,119.03,KG,119.03,0,0,62114,15512,CTY00001,,Xưởng dệt,,SO2411-0037,LSX11/24-056,Công đoạn dệt,VAICUON,,0102107006000000,,2213
PX,03/01/2025,PX01/25-0037,XUẤT NGÀY 3-1-2025,SOI-ECL5-1,"Sợi PP, trắng đục, 850D, 3.33mm. [19.50%]",KSO001,KG,351.83,KG,351.83,0,0,62114,15512,CTY00001,,Xưởng dệt,,SO2411-0037,LSX11/24-056,Công đoạn dệt,VAICUON,,0102107006000000,,2213
PX,03/01/2025,PX01/25-0037,XUẤT NGÀY 3-1-2025,SOI-ECL5-1,"Sợi PP, trắng đục, 850D, 3.33mm. [19.50%]",KSO001,KG,351.83,KG,351.83,0,0,62114,15512,CTY00001,,Xưởng dệt,,SO2411-0037,LSX11/24-056,Công đoạn dệt,VAICUON,,0102107006000000,,2213
PX,03/01/2025,PX01/25-0037,XUẤT NGÀY 3-1-2025,SOI-ECL5-1,"Sợi PP, trắng đục, 850D, 3.33mm. [19.50%]",KSO001,KG,351.83,KG,351.83,0,0,62114,15512,CTY00001,,Xưởng dệt,,SO2411-0037,LSX11/24-056,Công đoạn dệt,VAICUON,,0102107006000000,,2213
PX,03/01/2025,PX01/25-0037,XUẤT NGÀY 3-1-2025,SOI-ECL5-1,"Sợi PP, trắng đục, 850D, 3.33mm. [19.50%]",KSO001,KG,114.3,KG,114.3,0,0,62114,15512,CTY00001,,Xưởng dệt,,SO2411-0037,LSX11/24-056,Công đoạn dệt,VAICUON,,0102107008000000,,2213
PX,03/01/2025,PX01/25-0037,XUẤT NGÀY 3-1-2025,SOI-ECL5-1,"Sợi PP, trắng đục, 850D, 3.33mm. [19.50%]",KSO001,KG,9.73,KG,9.73,0,0,62114,15512,CTY00001,,Xưởng dệt,,SO2411-0037,LSX11/24-056,Công đoạn dệt,VAICUON,,0102107008000000,,2213
PX,03/01/2025,PX01/25-0037,XUẤT NGÀY 3-1-2025,SOI-ECL5-1,"Sợi PP, trắng đục, 850D, 3.33mm. [19.50%]",KSO001,KG,248.33,KG,248.33,0,0,62114,15512,CTY00001,,Xưởng dệt,,SO2411-0037,LSX11/24-056,Công đoạn dệt,VAICUON,,0102107006000000,,2213
PX,03/01/2025,PX01/25-0037,XUẤT NGÀY 3-1-2025,SOI-GL15,"Sợi PP, trắng đục, 920D, 2.25mm. [33.3TC] [Recycled]",KSO001,KG,590.3,KG,590.3,0,0,62114,15512,CTY00001,,Xưởng dệt,,SO2412-0017,LSX12/24-054,Công đoạn dệt,VAICUON,,0102109009000000,,2213
PX,03/01/2025,PX01/25-0037,XUẤT NGÀY 3-1-2025,SOI-GL18-4,"Sợi PP, trắng đục, 960D, 2.91mm. [25TC] [No Recycled]",KSO001,KG,81.77,KG,81.77,0,0,62114,15512,CTY00001,,Xưởng dệt,,SO2412-0030,LSX12/24-064,Công đoạn dệt,VAICUON,,THACUHAL580090080081TRDU,,2213
PX,03/01/2025,PX01/25-0037,XUẤT NGÀY 3-1-2025,SOI-GL18-4,"Sợi PP, trắng đục, 960D, 2.91mm. [25TC] [No Recycled]",KSO001,KG,53.67,KG,53.67,0,0,62114,15512,CTY00001,,Xưởng dệt,,SO2412-0030,LSX12/24-064,Công đoạn dệt,VAICUON,,THACUHAL580090080081TRDU,,2213
PX,03/01/2025,PX01/25-0037,XUẤT NGÀY 3-1-2025,SOI-GL18-4,"Sợi PP, trắng đục, 960D, 2.91mm. [25TC] [No Recycled]",KSO001,KG,58.97,KG,58.97,0,0,62114,15512,CTY00001,,Xưởng dệt,,SO2412-0030,LSX12/24-064,Công đoạn dệt,VAICUON,,THACUHAL580090080081TRDU,,2213
PX,03/01/2025,PX01/25-0037,XUẤT NGÀY 3-1-2025,SOI-HL33,"Sợi PP, màu trắng đục, 910D, 2.45mm.",KSO001,KG,157.2,KG,157.2,0,0,62114,15512,CTY00001,,Xưởng dệt,,SO2412-0005,LSX12/24-043,Công đoạn dệt,VAICUON,,THADGHAL585010010097TRDU,,2213
PX,03/01/2025,PX01/25-0037,XUẤT NGÀY 3-1-2025,SOI-IT3,"Sợi PP, màu trắng tẩy, 730D, 2.80mm, 2.1kgF, 18%.",KSO001,KG,435.3,KG,435.3,0,0,62114,15512,CTY00001,,Xưởng dệt,,SO2409-0055,LSX11/24-058,Công đoạn dệt,VAICUON,,THACAINT750100100099TRTA,,2213
PX,03/01/2025,PX01/25-0037,XUẤT NGÀY 3-1-2025,SOI-JB56,"Sợi PP, trắng UV, 1800D, 5.0mm.",KSO001,KG,256.2,KG,256.2,0,0,62114,15512,CTY00001,,Xưởng dệt,,SO2411-0017,LSX11/24-027,Công đoạn dệt,VAICUON,,THACAUNP175120122536TRDU,,2213
PX,03/01/2025,PX01/25-0037,XUẤT NGÀY 3-1-2025,SOI-MS01-1,"Sợi PP 820D bản chỉ 2.5 mm, trắng đục [Dùng MV8C]",KSO001,KG,49.89,KG,49.89,0,0,62114,15512,CTY00001,,Xưởng dệt,,SO2412-0015,LSX12/24-020,Công đoạn dệt,VAICUON,,0102125059000000,,2213
PX,03/01/2025,PX01/25-0037,XUẤT NGÀY 3-1-2025,SOI-MS01-1,"Sợi PP 820D bản chỉ 2.5 mm, trắng đục [Dùng MV8C]",KSO001,KG,34.39,KG,34.39,0,0,62114,15512,CTY00001,,Xưởng dệt,,SO2412-0015,LSX12/24-020,Công đoạn dệt,VAICUON,,0102125059000000,,2213
PX,03/01/2025,PX01/25-0037,XUẤT NGÀY 3-1-2025,SOI-MS01-1,"Sợi PP 820D bản chỉ 2.5 mm, trắng đục [Dùng MV8C]",KSO001,KG,599.59,KG,599.59,0,0,62114,15512,CTY00001,,Xưởng dệt,,SO2412-0015,LSX12/24-020,Công đoạn dệt,VAICUON,,0102125059000000,,2213
PX,03/01/2025,PX01/25-0037,XUẤT NGÀY 3-1-2025,SOI-MS01-1,"Sợi PP 820D bản chỉ 2.5 mm, trắng đục [Dùng MV8C]",KSO001,KG,535.67,KG,535.67,0,0,62114,15512,CTY00001,,Xưởng dệt,,SO2412-0015,LSX12/24-020,Công đoạn dệt,VAICUON,,0102125059000000,,2213
PX,03/01/2025,PX01/25-0037,XUẤT NGÀY 3-1-2025,SOI-MS01-1,"Sợi PP 820D bản chỉ 2.5 mm, trắng đục [Dùng MV8C]",KSO001,KG,599.59,KG,599.59,0,0,62114,15512,CTY00001,,Xưởng dệt,,SO2412-0015,LSX12/24-020,Công đoạn dệt,VAICUON,,0102125059000000,,2213
PX,03/01/2025,PX01/25-0037,XUẤT NGÀY 3-1-2025,SOI-MS01-1,"Sợi PP 820D bản chỉ 2.5 mm, trắng đục [Dùng MV8C]",KSO001,KG,286.49,KG,286.49,0,0,62114,15512,CTY00001,,Xưởng dệt,,SO2412-0015,LSX12/24-020,Công đoạn dệt,VAICUON,,0102125059000000,,2213
PX,03/01/2025,PX01/25-0037,XUẤT NGÀY 3-1-2025,SOI-MS01-1,"Sợi PP 820D bản chỉ 2.5 mm, trắng đục [Dùng MV8C]",KSO001,KG,599.59,KG,599.59,0,0,62114,15512,CTY00001,,Xưởng dệt,,SO2412-0015,LSX12/24-020,Công đoạn dệt,VAICUON,,0102125059000000,,2213
PX,03/01/2025,PX01/25-0037,XUẤT NGÀY 3-1-2025,SOI-MS01-1,"Sợi PP 820D bản chỉ 2.5 mm, trắng đục [Dùng MV8C]",KSO001,KG,149.09,KG,149.09,0,0,62114,15512,CTY00001,,Xưởng dệt,,SO2412-0015,LSX12/24-020,Công đoạn dệt,VAICUON,,0102125059000000,,2213
PX,03/01/2025,PX01/25-0037,XUẤT NGÀY 3-1-2025,SOI-MS01-3,"Sợi PP 820D bản chỉ 2.5 mm, trắng đục [Dùng MV8C+Sủi]",KSO001,KG,398.3,KG,398.3,0,0,62114,15512,CTY00001,,Xưởng dệt,,SO2411-0035,LSX12/24-008,Công đoạn dệt,VAICUON,,0102125064000000,,2213
XK,03/01/2025,00000002,"Xuất hàng bán cho khách, INV:02",0102125012000000,"Vải cuộn PP, trắng đục, K56.0cm(+1/-0.5), MĐ: 10.0x9.0, TL: 78g/m (+1/-2). [3500m/cuộn]/THACUSAN560100009078TRDU",,M,7507.4,KG,96022,0,0,6322,15514,KH020016,,,,SO2411-0034,,,,,,,2301
XK,03/01/2025,00000002,"Xuất hàng bán cho khách, INV:02",0102125017000000,"Vải cuộn PP, trắng đục, K58.5cm(+1/-0.5), MĐ: 10.0x9.0, TL: 81g/m(+/-2). [3500 m/cuộn]/THACUSAN585100009081TRDU",,M,3472,KG,42420,0,0,6322,15514,KH020016,,,,SO2411-0065,,,,,,,2301
XK,03/01/2025,00000002,"Xuất hàng bán cho khách, INV:02",0102125051000000,"Vải cuộn PP, trắng đục, K73.5cm (+1/-0.5), MĐ: 10.0x11.0, TL: 118g/m (+/-2). [3000m/cuộn]/THACUSAN735100110118TRDU",,M,1748,KG,15140,0,0,6322,15514,KH020016,,,,SO2412-0027,,,,,,,2301
XK,03/01/2025,00000002,"Xuất hàng bán cho khách, INV:02",0102125059000000,"Vải cuộn PP, trắng đục, K71cm (+1.5/-0), MĐ: 11.0x12.0, TL: 116.0g/m (+/-2.0). [2500m/cuộn] [Hooking]/THACUSAN710110120116TRDU",,M,3257,KG,28000,0,0,6322,15514,KH020016,,,,SO2412-0015,,,,,,,2301
XK,03/01/2025,00000002,"Xuất hàng bán cho khách, INV:02",0102125064000000,"Vải cuộn PP, trắng đục, K58.5cm, MĐ: 11.0x11.0, TL: 96g/m. [Hooking]/THACUSAN585110110096TRDU [Kiểm soát trung bình 95 - 97.5g/m]",,M,3485,KG,36360,0,0,6322,15514,KH020016,,,,SO2411-0035,,,,,,,2301
XK,03/01/2025,00000002,"Xuất hàng bán cho khách, INV:02",HAPSAN585099TRTR,"Vải cuộn PP, tráng hấp PE, trắng trong, K58.5cm, MĐ: 8.0x8.0, TL: 99.5g/m. [3000m/cuộn] [910D, 8x8]",,M,4292,KG,44418,0,0,6322,15514,KH020016,,,,SO2410-0059,,,,,,,2301
XK,03/01/2025,00000002,"Xuất hàng bán cho khách, INV:02",THACUSPL510100120086TRDU,"Vải cuộn PP, trắng đục, K51.0cm, MĐ: 10x11.5/12, 880D, 2.55mm, TL: 86g/m [3000m/cuộn].",,M,262.5,KG,3060,0,0,6322,15514,KH020016,,,,SO2412-0050,,,,,,,2301
XK,03/01/2025,00000002,"Xuất hàng bán cho khách, INV:02",THADGSAN560080080095TRTR,"[Đóng gói] Vải cuộn PP, tráng hấp PE, trắng trong, K56.0cm, MĐ: 8.0x8.0, TL: 95.0g/m. [3000m/cuộn]",,M,1395.5,KG,14997,0,0,6322,15514,KH020016,,,,SO2410-0060,,,,,,,2301
D2,04/01/2025,OE01/25-0001,ĐƠN HÀNG GIA CÔNG TRÁNG NGOÀI SO2411-0040 (BỔ SUNG),HAT-PPM9600,Hạt nhựa PP M9600,KNL001,KG,271,KG,271,0,0,1521,1521,NCC010022,,,,SO2411-0040,,,,,,,2251
D2,04/01/2025,OE01/25-0001,ĐƠN HÀNG GIA CÔNG TRÁNG NGOÀI SO2411-0040 (BỔ SUNG),HAT-TACCA,Hạt Taical tráng Châu Âu 1005.,KNL001,KG,68,KG,68,0,0,1521,1521,NCC010022,,,,SO2411-0040,,,,,,,2251
D2,04/01/2025,OE01/25-0002,ĐƠN HÀNG GIA CÔNG TRÁNG NGOÀI SO2411-0040 (BỔ SUNG),THACAHAW68010110093TRDU,"Cuộn PP, trắng đục, K68cm, MĐ: 10x11, TL: 93.3g/m. [30TC]",KKD001,M,304.5,KG,3200,0,0,15514,15514,NCC010022,,,,SO2411-0040,,,,,,,2251
D2,04/01/2025,OE01/25-0002,ĐƠN HÀNG GIA CÔNG TRÁNG NGOÀI SO2411-0040 (BỔ SUNG),THACAHAW810100110111TRDU,"Cuộn PP, trắng đục, K81cm, MĐ: 10x11, TL: 111.1g/m.",KKD001,M,158.5,KG,1482,0,0,15514,15514,NCC010022,,,,SO2411-0040,,,,,,,2251
D2,04/01/2025,OE01/25-0002,ĐƠN HÀNG GIA CÔNG TRÁNG NGOÀI SO2411-0040 (BỔ SUNG),THACAHAW840100110115TRDU,"Cuộn PP, trắng đục, K84cm, MĐ: 10x11, TL: 115.3g/m.",KCU001,M,368,KG,3200,0,0,15514,15514,NCC010022,,,,SO2411-0040,,,,,,,2251
D3,04/01/2025,D101/25-0050,"ĐƠN HÀNG GIA CÔNG TRÁNG NGOÀI SO2411-0040 (BỔ SUNG), XE 54Y-8359",HAT-PPM9600,Hạt nhựa PP M9600,KQC002,KG,271,KG,271,0,0,1521,1521,NCC010022,,,,SO2411-0040,,,,,,,2252
D3,04/01/2025,D101/25-0050,"ĐƠN HÀNG GIA CÔNG TRÁNG NGOÀI SO2411-0040 (BỔ SUNG), XE 54Y-8359",HAT-TACCA,Hạt Taical tráng Châu Âu 1005.,KQC002,KG,68,KG,68,0,0,1521,1521,NCC010022,,,,SO2411-0040,,,,,,,2252
D3,04/01/2025,D101/25-0050,"ĐƠN HÀNG GIA CÔNG TRÁNG NGOÀI SO2411-0040 (BỔ SUNG), XE 54Y-8359",THACAHAW68010110093TRDU,"Cuộn PP, trắng đục, K68cm, MĐ: 10x11, TL: 93.3g/m. [30TC]",KQC002,M,304.5,KG,3200,0,0,15514,15514,NCC010022,,,,SO2411-0040,,,,,,,2252
D3,04/01/2025,D101/25-0050,"ĐƠN HÀNG GIA CÔNG TRÁNG NGOÀI SO2411-0040 (BỔ SUNG), XE 54Y-8359",THACAHAW810100110111TRDU,"Cuộn PP, trắng đục, K81cm, MĐ: 10x11, TL: 111.1g/m.",KQC002,M,158.5,KG,1482,0,0,15514,15514,NCC010022,,,,SO2411-0040,,,,,,,2252
D3,04/01/2025,D101/25-0050,"ĐƠN HÀNG GIA CÔNG TRÁNG NGOÀI SO2411-0040 (BỔ SUNG), XE 54Y-8359",THACAHAW840100110115TRDU,"Cuộn PP, trắng đục, K84cm, MĐ: 10x11, TL: 115.3g/m.",KQC002,M,368,KG,3200,0,0,15514,15514,NCC010022,,,,SO2411-0040,,,,,,,2252
HD,04/01/2025,00000002,Xuất bán hàng ngày 04/01/2025_Xe 51C-672.66 (HĐ số 001/HĐNT-2024/SGX-THAI ANH),TPH043065G052CAMSGX.A01,"Bao PP-TP, màu cam + tráng hấp, K43.0x65.0PB, TL: 52.0g/cái, MK: SGX-A01. [Cột 100 cái/xấp trở đầu 50:50]",,CAI,1003,KG,20000,0,0,6321,15515,KH010007,002519,,,SO2409-0030,,,,,,,2301
HD,04/01/2025,00000002,Xuất bán hàng ngày 04/01/2025_Xe 51C-672.66 (HĐ số 001/HĐNT-2024/SGX-THAI ANH),TPH050085G075CAMSGX.B01,"Bao PP-TP, màu cam + tráng hấp, K50.0x85.0PB, TL: 75.0g/cái, MK: SGX-B01. [Cột 100 cái/xấp trở đầu 50:50]",,CAI,1500,KG,20000,0,0,6321,15515,KH010007,002519,,,SO2409-0030,,,,,,,2301
HD,04/01/2025,00000003,Xuất bán hàng ngày 04/01/2025_Xe 51C-672.66 (HĐ số 145/TA-SGX/004-01/131124),TPH052090G062CAMSGX.XH01,"Bao màu cam, có in,  KT: 52x90PBcm xếp hông mỗi bên 10cm, gấp đáy 1 lần,2 đường PP900D trắng. TL: 62g/cái. MK: HUU CO - XH01 [Cột 100 cái/xấp trở đầu 50:50]",,CAI,93,KG,1500,0,0,6321,15515,KH010007,002519,,,SO2411-0029,,,,,,,2301
HD,04/01/2025,00000004,Xuất hàng bán cho khách ngày 04/01/2025 xe 78C-038.72,0119114001001000,"Bao TP-PP trắng tẩy + lồng PE, K60x96PB, TL: PP130g + LDPE62x97LLx50g = 180g/bộ, MK: ĐƯỜNG TINH LUYỆN CAO CẤP (1+0, xanh da trời). [Ép kiện: 200cái/kiện, bắn đai 3x2, dây đai xanh dương, có tem kiện]/TPH060096G180TTKCP.XANH",,BO,18144,KG,100000,0,0,6321,15515,KH010006,,,,SO2412-0011,,,,,,,2301
HD,04/01/2025,00000005,Xuất hàng bán cho khách ngày 04/01/2024 xe 78C-037.70,TPH060096G130TTAKCP,"Bao PP-TP, trắng tẩy, K60.0x96.0PB, TL: 130.0g/cái, không in. [Ép kiện 200 cái/kiện, bắn đai 3 ngang 2 dọc, có tem nhận dạng]",,CAI,6600.1,KG,50000,0,0,6321,15515,KH010006,,,,SO2412-0009,,,,,,,2301
HD,04/01/2025,00000006,XK bán hàng ngày 04/01/2025_Xe 60C-521.34 (DDH số: 5935/2024 ngày 27.12.2024),TPH055090G158TDLU.LT1102,"Bao PP-TP K55x90cm, trắng đục,dệt 5x1, tráng ngoài, TL: 158.5gr/bộ, gấp đáy 1, miệng mở, xếp lệch hông - Lồng bao LDPE 39gr, MK: LT1102 [Ép kiện: 300cái/kiện, bắn đai 3 ngang, có tem nhãn]",,Bộ,2185.5,KG,13600,0,0,6321,15515,KH010052,,,,SO2412-0057,,,,,,,2301
P1,04/01/2025,SIM01/25-006,"Xuất kho bán hàng ngày 04/01/2025, xe 51C-672.66",TPH043065G052CAMSGX.A01,"Bao PP-TP, màu cam + tráng hấp, K43.0x65.0PB, TL: 52.0g/cái, MK: SGX-A01. [Cột 100 cái/xấp trở đầu 50:50]",KKD001,CAI,1003,KG,20000,0,0,6321,15517,KH010007,002519,,,SO2409-0030,,,,,,,2240
P1,04/01/2025,SIM01/25-006,"Xuất kho bán hàng ngày 04/01/2025, xe 51C-672.66",TPH050085G075CAMSGX.B01,"Bao PP-TP, màu cam + tráng hấp, K50.0x85.0PB, TL: 75.0g/cái, MK: SGX-B01. [Cột 100 cái/xấp trở đầu 50:50]",KKD001,CAI,1500,KG,20000,0,0,6321,15517,KH010007,002519,,,SO2409-0030,,,,,,,2240
P1,04/01/2025,SIM01/25-006,"Xuất kho bán hàng ngày 04/01/2025, xe 51C-672.66",TPH052090G062CAMSGX.XH01,"Bao màu cam, có in,  KT: 52x90PBcm xếp hông mỗi bên 10cm, gấp đáy 1 lần,2 đường PP900D trắng. TL: 62g/cái. MK: HUU CO - XH01 [Cột 100 cái/xấp trở đầu 50:50]",KKD001,CAI,93,KG,1500,0,0,6321,15517,KH010007,002519,,,SO2411-0029,,,,,,,2240
P1,04/01/2025,SIM01/25-007,"Xuất kho bán hàng ngày 04/01/2025, xe 78C-038.72",0119114001001000,"Bao TP-PP trắng tẩy + lồng PE, K60x96PB, TL: PP130g + LDPE62x97LLx50g = 180g/bộ, MK: ĐƯỜNG TINH LUYỆN CAO CẤP (1+0, xanh da trời). [Ép kiện: 200cái/kiện, bắn đai 3x2, dây đai xanh dương, có tem kiện]/TPH060096G180TTKCP.XANH",KKD001,BO,18144,KG,100000,0,0,6321,15517,KH010006,002519,,,SO2412-0011,,,,,,,2240
P1,04/01/2025,SIM01/25-008,"Xuất kho bán hàng ngày 04/01/2025, xe 60C-521.34",TPH055090G158TDLU.LT1102,"Bao PP-TP K55x90cm, trắng đục,dệt 5x1, tráng ngoài, TL: 158.5gr/bộ, gấp đáy 1, miệng mở, xếp lệch hông - Lồng bao LDPE 39gr, MK: LT1102 [Ép kiện: 300cái/kiện, bắn đai 3 ngang, có tem nhãn]",KKD001,Bộ,2185.5,KG,13600,0,0,6321,15517,KH010052,002519,,,SO2412-0057,,,,,,,2240
P1,04/01/2025,SIM01/25-009,"Xuất kho bán hàng ngày 04/01/2025, xe 78C-037.70",TPH060096G130TTAKCP,"Bao PP-TP, trắng tẩy, K60.0x96.0PB, TL: 130.0g/cái, không in. [Ép kiện 200 cái/kiện, bắn đai 3 ngang 2 dọc, có tem nhận dạng]",KKD001,CAI,6600.1,KG,50000,0,0,6321,15517,KH010006,002519,,,SO2412-0009,,,,,,,2240
P1,04/01/2025,SIM01/25-010,Xuất kho bán hàng ngày 04/01/2025,TPH055090G154TDLU.TSH331,"Bao TP-PP, trắng đục, dệt 5x1, may miệng, , K55.0x90PB(+/-1), lồng LDPE-K58x113x42g, TL: PP-112g + PE-42g = 154g/bộ, MK: TSH-331 [Ép kiện: 300cái/kiện, bắn đai 3 ngang]",KKD001,Bộ,1237.4,KG,8000,0,0,6321,15517,KH010052,002519,,,SO2501-0003,,,,,,,2240
PX,04/01/2025,PX01/25-0030,Xuất nước mát châm xe nâng,0916100010000000,Nước châm thêm bình ắc quy xe Nâng - hãng GS.,KHC001,LIT,210,LIT,210,0,0,627310,1524,CTY00001,,Phòng Kho Vận,,,,,,,,,2216
PX,04/01/2025,PX01/25-0031,XUẤT VẬT TƯ CHO KHÂU ÉP KIỆN,0500100040000000,Dây đai ép kiện màu xanh dương BẢN 15 mm độ dày 1 mm,KNL002,CUON,50,KG,5,0,0,627315,1522,CTY00001,,Phân xưởng 8,,,,,,,,,2216C
PX,04/01/2025,PX01/25-0033,Yêu cầu vải in cuộn ngày 04/01,THACAKCP600102102128TRTA,"Cuộn PP, trắng tẩy, K60.0cm(+/-0.5), MĐ: 10.25x10.25, TL: 126.5g/m(cũ 128g/m). [2500(m/cuộn]",KCU001,M,1944.6,KG,13663.7,0,0,62115,15514,CTY00001,,Phân xưởng 8,,SO2412-0011,LSX01/25-001,Công đoạn in cuộn,BAOBT,,THAINKCP060100TT.DO,,2215
PX,04/01/2025,PX01/25-0033,Yêu cầu vải in cuộn ngày 04/01,THACAMFM485100120089TRDU,"Cuộn PP, trắng đục, K48.5cm, MĐ: 10x12, TL: 89g/m.",KCU001,M,167.1,KG,2251.3,0,0,62115,15514,CTY00001,,Phân xưởng 8,,SO2412-0036,LSX01/25-005,Công đoạn in cuộn,BAOBT,,THAINMFM485TD.PSGBXWF,,2215
PX,04/01/2025,PX01/25-0038,Xuất kho 2 bao hạt tẩy 40 kg cho a Thao mượn theo thông tin của a Minh.,HAT-TAYOP10,Hạt tẩy trắng quang học OP10 (Đại Á),KNL001,KG,40,KG,40,0,0,1388,1521,NV020,,Nội bộ,,,,,,,,,2263
P1,05/01/2025,SIM01/25-011,Xuất kho bán hàng ngày 05/01/2025,TPH055090G154TDLU.TSH331,"Bao TP-PP, trắng đục, dệt 5x1, may miệng, , K55.0x90PB(+/-1), lồng LDPE-K58x113x42g, TL: PP-112g + PE-42g = 154g/bộ, MK: TSH-331 [Ép kiện: 300cái/kiện, bắn đai 3 ngang]",KKD001,Bộ,1078,KG,7000,0,0,6321,15517,KH010052,002519,,,SO2501-0003,,,,,,,2240
P1,05/01/2025,SIM01/25-011,Xuất kho bán hàng ngày 05/01/2025,TPH055090G158TDLU.LT1102,"Bao PP-TP K55x90cm, trắng đục,dệt 5x1, tráng ngoài, TL: 158.5gr/bộ, gấp đáy 1, miệng mở, xếp lệch hông - Lồng bao LDPE 39gr, MK: LT1102 [Ép kiện: 300cái/kiện, bắn đai 3 ngang, có tem nhãn]",KKD001,Bộ,142.65,KG,900,0,0,6321,15517,KH010052,002519,,,SO2412-0057,,,,,,,2240
